dataset,site,image,url,substrate,partition,longitude,latitude
German_Bank_2010,EX01,EX01_262151309,https://www.frdr-dfdr.ca/repo/files/9/published/publication_961/submitted_data/01_Data/images/German_Bank_2010/EX01/EX01_262151309.JPG,[0],test,-66.66318113,43.12349005
German_Bank_2010,EX01,EX01_262151323,https://www.frdr-dfdr.ca/repo/files/9/published/publication_961/submitted_data/01_Data/images/German_Bank_2010/EX01/EX01_262151323.JPG,[0],test,-66.66310412,43.1234514
German_Bank_2010,EX01,EX01_262151338,https://www.frdr-dfdr.ca/repo/files/9/published/publication_961/submitted_data/01_Data/images/German_Bank_2010/EX01/EX01_262151338.JPG,[0],test,-66.66299268,43.12339814
German_Bank_2010,EX01,EX01_262151354,https://www.frdr-dfdr.ca/repo/files/9/published/publication_961/submitted_data/01_Data/images/German_Bank_2010/EX01/EX01_262151354.JPG,[0],test,-66.66284367,43.12333058
German_Bank_2010,EX01,EX01_262151410,https://www.frdr-dfdr.ca/repo/files/9/published/publication_961/submitted_data/01_Data/images/German_Bank_2010/EX01/EX01_262151410.JPG,[0],test,-66.66266617,43.12325251
German_Bank_2010,EX01,EX01_262151426,https://www.frdr-dfdr.ca/repo/files/9/published/publication_961/submitted_data/01_Data/images/German_Bank_2010/EX01/EX01_262151426.JPG,[0],test,-66.66246088,43.1231633
German_Bank_2010,EX01,EX01_262151441,https://www.frdr-dfdr.ca/repo/files/9/published/publication_961/submitted_data/01_Data/images/German_Bank_2010/EX01/EX01_262151441.JPG,[0],test,-66.6623136,43.1231003
German_Bank_2010,EX01,EX01_262151458,https://www.frdr-dfdr.ca/repo/files/9/published/publication_961/submitted_data/01_Data/images/German_Bank_2010/EX01/EX01_262151458.JPG,[0],test,-66.66211831,43.12301786
German_Bank_2010,EX01,EX01_262151513,https://www.frdr-dfdr.ca/repo/files/9/published/publication_961/submitted_data/01_Data/images/German_Bank_2010/EX01/EX01_262151513.JPG,[0],test,-66.66192755,43.12293855
German_Bank_2010,EX01,EX01_262151529,https://www.frdr-dfdr.ca/repo/files/9/published/publication_961/submitted_data/01_Data/images/German_Bank_2010/EX01/EX01_262151529.JPG,[1],test,-66.66174978,43.12286583
German_Bank_2010,EX01,EX01_262151545,https://www.frdr-dfdr.ca/repo/files/9/published/publication_961/submitted_data/01_Data/images/German_Bank_2010/EX01/EX01_262151545.JPG,[1],test,-66.66159513,43.12280297
German_Bank_2010,EX01,EX01_262151601,https://www.frdr-dfdr.ca/repo/files/9/published/publication_961/submitted_data/01_Data/images/German_Bank_2010/EX01/EX01_262151601.JPG,[1],test,-66.66141385,43.12272966
German_Bank_2010,EX01,EX01_262151617,https://www.frdr-dfdr.ca/repo/files/9/published/publication_961/submitted_data/01_Data/images/German_Bank_2010/EX01/EX01_262151617.JPG,[1],test,-66.6612469,43.12266273
German_Bank_2010,EX01,EX01_262151633,https://www.frdr-dfdr.ca/repo/files/9/published/publication_961/submitted_data/01_Data/images/German_Bank_2010/EX01/EX01_262151633.JPG,[1],test,-66.66108683,43.12259958
German_Bank_2010,EX01,EX01_262151649,https://www.frdr-dfdr.ca/repo/files/9/published/publication_961/submitted_data/01_Data/images/German_Bank_2010/EX01/EX01_262151649.JPG,[0],test,-66.66090259,43.12252811
German_Bank_2010,EX01,EX01_262151701,https://www.frdr-dfdr.ca/repo/files/9/published/publication_961/submitted_data/01_Data/images/German_Bank_2010/EX01/EX01_262151701.JPG,[0],test,-66.66077498,43.12247914
German_Bank_2010,EX01,EX01_262151705,https://www.frdr-dfdr.ca/repo/files/9/published/publication_961/submitted_data/01_Data/images/German_Bank_2010/EX01/EX01_262151705.JPG,[0],test,-66.66072462,43.12245992
German_Bank_2010,EX01,EX01_262151720,https://www.frdr-dfdr.ca/repo/files/9/published/publication_961/submitted_data/01_Data/images/German_Bank_2010/EX01/EX01_262151720.JPG,[0],test,-66.66054878,43.12239281
German_Bank_2010,EX01,EX01_262151735,https://www.frdr-dfdr.ca/repo/files/9/published/publication_961/submitted_data/01_Data/images/German_Bank_2010/EX01/EX01_262151735.JPG,[0],test,-66.66038175,43.12232985
German_Bank_2010,EX01,EX01_262151752,https://www.frdr-dfdr.ca/repo/files/9/published/publication_961/submitted_data/01_Data/images/German_Bank_2010/EX01/EX01_262151752.JPG,[0],test,-66.66018091,43.12225516
German_Bank_2010,EX01,EX01_262151759,https://www.frdr-dfdr.ca/repo/files/9/published/publication_961/submitted_data/01_Data/images/German_Bank_2010/EX01/EX01_262151759.JPG,[0],test,-66.66010471,43.12222733
German_Bank_2010,EX01,EX01_262151807,https://www.frdr-dfdr.ca/repo/files/9/published/publication_961/submitted_data/01_Data/images/German_Bank_2010/EX01/EX01_262151807.JPG,[0],test,-66.66000673,43.12219175
German_Bank_2010,EX01,EX01_262151823,https://www.frdr-dfdr.ca/repo/files/9/published/publication_961/submitted_data/01_Data/images/German_Bank_2010/EX01/EX01_262151823.JPG,[0],test,-66.65983256,43.12212913
German_Bank_2010,EX01,EX01_262151839,https://www.frdr-dfdr.ca/repo/files/9/published/publication_961/submitted_data/01_Data/images/German_Bank_2010/EX01/EX01_262151839.JPG,[0],test,-66.65963087,43.12205731
German_Bank_2010,EX01,EX01_262151855,https://www.frdr-dfdr.ca/repo/files/9/published/publication_961/submitted_data/01_Data/images/German_Bank_2010/EX01/EX01_262151855.JPG,[0],test,-66.65946868,43.12199968
German_Bank_2010,EX01,EX01_262151909,https://www.frdr-dfdr.ca/repo/files/9/published/publication_961/submitted_data/01_Data/images/German_Bank_2010/EX01/EX01_262151909.JPG,[0],test,-66.65929691,43.12193868
German_Bank_2010,EX01,EX01_262151918,https://www.frdr-dfdr.ca/repo/files/9/published/publication_961/submitted_data/01_Data/images/German_Bank_2010/EX01/EX01_262151918.JPG,[0],test,-66.65919399,43.12190256
German_Bank_2010,EX01,EX01_262151923,https://www.frdr-dfdr.ca/repo/files/9/published/publication_961/submitted_data/01_Data/images/German_Bank_2010/EX01/EX01_262151923.JPG,[0],test,-66.65913083,43.12188053
German_Bank_2010,EX01,EX01_262151934,https://www.frdr-dfdr.ca/repo/files/9/published/publication_961/submitted_data/01_Data/images/German_Bank_2010/EX01/EX01_262151934.JPG,[0],test,-66.65899054,43.12183211
German_Bank_2010,EX01,EX01_262151941,https://www.frdr-dfdr.ca/repo/files/9/published/publication_961/submitted_data/01_Data/images/German_Bank_2010/EX01/EX01_262151941.JPG,[0],test,-66.65891302,43.12180557
German_Bank_2010,EX01,EX01_262151957,https://www.frdr-dfdr.ca/repo/files/9/published/publication_961/submitted_data/01_Data/images/German_Bank_2010/EX01/EX01_262151957.JPG,[0],test,-66.65873529,43.12174543
German_Bank_2010,EX01,EX01_262152002,https://www.frdr-dfdr.ca/repo/files/9/published/publication_961/submitted_data/01_Data/images/German_Bank_2010/EX01/EX01_262152002.JPG,[0],test,-66.6586731,43.12172461
German_Bank_2010,EX01,EX01_262152013,https://www.frdr-dfdr.ca/repo/files/9/published/publication_961/submitted_data/01_Data/images/German_Bank_2010/EX01/EX01_262152013.JPG,[0],test,-66.65855005,43.12168356
German_Bank_2010,EX01,EX01_262152018,https://www.frdr-dfdr.ca/repo/files/9/published/publication_961/submitted_data/01_Data/images/German_Bank_2010/EX01/EX01_262152018.JPG,[0],dropped,-66.6584909,43.12166394
German_Bank_2010,EX01,EX01_262152029,https://www.frdr-dfdr.ca/repo/files/9/published/publication_961/submitted_data/01_Data/images/German_Bank_2010/EX01/EX01_262152029.JPG,[0],dropped,-66.6583618,43.12162106
German_Bank_2010,EX01,EX01_262152033,https://www.frdr-dfdr.ca/repo/files/9/published/publication_961/submitted_data/01_Data/images/German_Bank_2010/EX01/EX01_262152033.JPG,[0],dropped,-66.65831524,43.12160572
German_Bank_2010,EX01,EX01_262152039,https://www.frdr-dfdr.ca/repo/files/9/published/publication_961/submitted_data/01_Data/images/German_Bank_2010/EX01/EX01_262152039.JPG,[0],dropped,-66.6582293,43.12157727
German_Bank_2010,EX01,EX01_262152044,https://www.frdr-dfdr.ca/repo/files/9/published/publication_961/submitted_data/01_Data/images/German_Bank_2010/EX01/EX01_262152044.JPG,[0],dropped,-66.65817921,43.12156085
German_Bank_2010,EX01,EX01_262152100,https://www.frdr-dfdr.ca/repo/files/9/published/publication_961/submitted_data/01_Data/images/German_Bank_2010/EX01/EX01_262152100.JPG,[0],dropped,-66.65799508,43.12150071
German_Bank_2010,EX01,EX01_262152108,https://www.frdr-dfdr.ca/repo/files/9/published/publication_961/submitted_data/01_Data/images/German_Bank_2010/EX01/EX01_262152108.JPG,[0],train,-66.65790351,43.12147126
German_Bank_2010,EX01,EX01_262152112,https://www.frdr-dfdr.ca/repo/files/9/published/publication_961/submitted_data/01_Data/images/German_Bank_2010/EX01/EX01_262152112.JPG,[0],train,-66.65784637,43.121453
German_Bank_2010,EX01,EX01_262152116,https://www.frdr-dfdr.ca/repo/files/9/published/publication_961/submitted_data/01_Data/images/German_Bank_2010/EX01/EX01_262152116.JPG,[0],train,-66.65779832,43.12143765
German_Bank_2010,EX01,EX01_262152127,https://www.frdr-dfdr.ca/repo/files/9/published/publication_961/submitted_data/01_Data/images/German_Bank_2010/EX01/EX01_262152127.JPG,[0],train,-66.65768874,43.12140307
German_Bank_2010,EX01,EX01_262152131,https://www.frdr-dfdr.ca/repo/files/9/published/publication_961/submitted_data/01_Data/images/German_Bank_2010/EX01/EX01_262152131.JPG,[0],train,-66.65763929,43.12138771
German_Bank_2010,EX01,EX01_262152144,https://www.frdr-dfdr.ca/repo/files/9/published/publication_961/submitted_data/01_Data/images/German_Bank_2010/EX01/EX01_262152144.JPG,[0],train,-66.65748504,43.12133992
German_Bank_2010,EX01,EX01_262152151,https://www.frdr-dfdr.ca/repo/files/9/published/publication_961/submitted_data/01_Data/images/German_Bank_2010/EX01/EX01_262152151.JPG,[2],train,-66.65741482,43.1213184
German_Bank_2010,EX01,EX01_262152156,https://www.frdr-dfdr.ca/repo/files/9/published/publication_961/submitted_data/01_Data/images/German_Bank_2010/EX01/EX01_262152156.JPG,[2],train,-66.65735656,43.12130042
German_Bank_2010,EX01,EX01_262152201,https://www.frdr-dfdr.ca/repo/files/9/published/publication_961/submitted_data/01_Data/images/German_Bank_2010/EX01/EX01_262152201.JPG,[2],train,-66.65730087,43.12128339
German_Bank_2010,EX01,EX01_262152213,https://www.frdr-dfdr.ca/repo/files/9/published/publication_961/submitted_data/01_Data/images/German_Bank_2010/EX01/EX01_262152213.JPG,[1],train,-66.65716642,43.12124172
German_Bank_2010,EX01,EX01_262152218,https://www.frdr-dfdr.ca/repo/files/9/published/publication_961/submitted_data/01_Data/images/German_Bank_2010/EX01/EX01_262152218.JPG,[0],train,-66.65711433,43.12122554
German_Bank_2010,EX01,EX01_262152232,https://www.frdr-dfdr.ca/repo/files/9/published/publication_961/submitted_data/01_Data/images/German_Bank_2010/EX01/EX01_262152232.JPG,[2],train,-66.65694735,43.12117267
German_Bank_2010,EX01,EX01_262152246,https://www.frdr-dfdr.ca/repo/files/9/published/publication_961/submitted_data/01_Data/images/German_Bank_2010/EX01/EX01_262152246.JPG,[2],train,-66.65679105,43.12112281
German_Bank_2010,EX01,EX01_262152249,https://www.frdr-dfdr.ca/repo/files/9/published/publication_961/submitted_data/01_Data/images/German_Bank_2010/EX01/EX01_262152249.JPG,[2],train,-66.65674213,43.12110712
German_Bank_2010,EX01,EX01_262152303,https://www.frdr-dfdr.ca/repo/files/9/published/publication_961/submitted_data/01_Data/images/German_Bank_2010/EX01/EX01_262152303.JPG,[2],train,-66.6565892,43.12105807
German_Bank_2010,EX01,EX01_262152320,https://www.frdr-dfdr.ca/repo/files/9/published/publication_961/submitted_data/01_Data/images/German_Bank_2010/EX01/EX01_262152320.JPG,[0],train,-66.65641142,43.12100088
German_Bank_2010,EX01,EX01_262152336,https://www.frdr-dfdr.ca/repo/files/9/published/publication_961/submitted_data/01_Data/images/German_Bank_2010/EX01/EX01_262152336.JPG,[0],dropped,-66.65621134,43.12093592
German_Bank_2010,EX01,EX01_262152340,https://www.frdr-dfdr.ca/repo/files/9/published/publication_961/submitted_data/01_Data/images/German_Bank_2010/EX01/EX01_262152340.JPG,[0],dropped,-66.65618234,43.12092645
German_Bank_2010,EX01,EX01_262152351,https://www.frdr-dfdr.ca/repo/files/9/published/publication_961/submitted_data/01_Data/images/German_Bank_2010/EX01/EX01_262152351.JPG,[0],dropped,-66.65605645,43.12088564
German_Bank_2010,EX01,EX01_262152407,https://www.frdr-dfdr.ca/repo/files/9/published/publication_961/submitted_data/01_Data/images/German_Bank_2010/EX01/EX01_262152407.JPG,[0],dropped,-66.6558953,43.12083354
German_Bank_2010,EX01,EX01_262152423,https://www.frdr-dfdr.ca/repo/files/9/published/publication_961/submitted_data/01_Data/images/German_Bank_2010/EX01/EX01_262152423.JPG,[0],test,-66.65572262,43.12077744
German_Bank_2010,EX01,EX01_262152436,https://www.frdr-dfdr.ca/repo/files/9/published/publication_961/submitted_data/01_Data/images/German_Bank_2010/EX01/EX01_262152436.JPG,[0],test,-66.65558157,43.12073103
German_Bank_2010,EX01,EX01_262152450,https://www.frdr-dfdr.ca/repo/files/9/published/publication_961/submitted_data/01_Data/images/German_Bank_2010/EX01/EX01_262152450.JPG,[0],test,-66.65542907,43.1206798
German_Bank_2010,EX01,EX01_262152454,https://www.frdr-dfdr.ca/repo/files/9/published/publication_961/submitted_data/01_Data/images/German_Bank_2010/EX01/EX01_262152454.JPG,[0],test,-66.65538689,43.12066546
German_Bank_2010,EX01,EX01_262152503,https://www.frdr-dfdr.ca/repo/files/9/published/publication_961/submitted_data/01_Data/images/German_Bank_2010/EX01/EX01_262152503.JPG,[0],test,-66.65528738,43.12063154
German_Bank_2010,EX01,EX01_262152509,https://www.frdr-dfdr.ca/repo/files/9/published/publication_961/submitted_data/01_Data/images/German_Bank_2010/EX01/EX01_262152509.JPG,[0],test,-66.65521804,43.12060777
German_Bank_2010,EX01,EX01_262152525,https://www.frdr-dfdr.ca/repo/files/9/published/publication_961/submitted_data/01_Data/images/German_Bank_2010/EX01/EX01_262152525.JPG,[0],test,-66.6550438,43.12054801
German_Bank_2010,EX01,EX01_262152530,https://www.frdr-dfdr.ca/repo/files/9/published/publication_961/submitted_data/01_Data/images/German_Bank_2010/EX01/EX01_262152530.JPG,[0],test,-66.65499693,43.12053202
German_Bank_2010,EX01,EX01_262152539,https://www.frdr-dfdr.ca/repo/files/9/published/publication_961/submitted_data/01_Data/images/German_Bank_2010/EX01/EX01_262152539.JPG,[0],test,-66.65490742,43.12050166
German_Bank_2010,EX01,EX01_262152549,https://www.frdr-dfdr.ca/repo/files/9/published/publication_961/submitted_data/01_Data/images/German_Bank_2010/EX01/EX01_262152549.JPG,[2],test,-66.65479448,43.12046334
German_Bank_2010,EX01,EX01_262152556,https://www.frdr-dfdr.ca/repo/files/9/published/publication_961/submitted_data/01_Data/images/German_Bank_2010/EX01/EX01_262152556.JPG,[2],test,-66.65472191,43.12043878
German_Bank_2010,EX01,EX01_262152605,https://www.frdr-dfdr.ca/repo/files/9/published/publication_961/submitted_data/01_Data/images/German_Bank_2010/EX01/EX01_262152605.JPG,[2],test,-66.65461317,43.1204018
German_Bank_2010,EX01,EX01_262152612,https://www.frdr-dfdr.ca/repo/files/9/published/publication_961/submitted_data/01_Data/images/German_Bank_2010/EX01/EX01_262152612.JPG,[2],test,-66.65453269,43.12037418
German_Bank_2010,EX01,EX01_262152617,https://www.frdr-dfdr.ca/repo/files/9/published/publication_961/submitted_data/01_Data/images/German_Bank_2010/EX01/EX01_262152617.JPG,[2],test,-66.65447605,43.12035468
German_Bank_2010,EX01,EX01_262152628,https://www.frdr-dfdr.ca/repo/files/9/published/publication_961/submitted_data/01_Data/images/German_Bank_2010/EX01/EX01_262152628.JPG,[2],test,-66.65435576,43.12031284
German_Bank_2010,EX01,EX01_262152644,https://www.frdr-dfdr.ca/repo/files/9/published/publication_961/submitted_data/01_Data/images/German_Bank_2010/EX01/EX01_262152644.JPG,[2],test,-66.65418234,43.12025221
German_Bank_2010,EX01,EX01_262152659,https://www.frdr-dfdr.ca/repo/files/9/published/publication_961/submitted_data/01_Data/images/German_Bank_2010/EX01/EX01_262152659.JPG,[2],test,-66.65401761,43.1201951
German_Bank_2010,EX01,EX01_262152715,https://www.frdr-dfdr.ca/repo/files/9/published/publication_961/submitted_data/01_Data/images/German_Bank_2010/EX01/EX01_262152715.JPG,[2],test,-66.6538622,43.12014179
German_Bank_2010,EX01,EX01_262152730,https://www.frdr-dfdr.ca/repo/files/9/published/publication_961/submitted_data/01_Data/images/German_Bank_2010/EX01/EX01_262152730.JPG,[2],test,-66.65369547,43.12008506
German_Bank_2010,EX01,EX01_262152745,https://www.frdr-dfdr.ca/repo/files/9/published/publication_961/submitted_data/01_Data/images/German_Bank_2010/EX01/EX01_262152745.JPG,[2],test,-66.65354344,43.12003313
German_Bank_2010,EX01,EX01_262152756,https://www.frdr-dfdr.ca/repo/files/9/published/publication_961/submitted_data/01_Data/images/German_Bank_2010/EX01/EX01_262152756.JPG,[2],test,-66.65341599,43.11998917
German_Bank_2010,HP01,HP01_256105708,https://www.frdr-dfdr.ca/repo/files/9/published/publication_961/submitted_data/01_Data/images/German_Bank_2010/HP01/HP01_256105708.JPG,[3],test,-66.7066545,43.59923643
German_Bank_2010,HP01,HP01_256105720,https://www.frdr-dfdr.ca/repo/files/9/published/publication_961/submitted_data/01_Data/images/German_Bank_2010/HP01/HP01_256105720.JPG,[3],test,-66.70661438,43.59927551
German_Bank_2010,HP01,HP01_256105736,https://www.frdr-dfdr.ca/repo/files/9/published/publication_961/submitted_data/01_Data/images/German_Bank_2010/HP01/HP01_256105736.JPG,[3],test,-66.7065494,43.59934011
German_Bank_2010,HP01,HP01_256105752,https://www.frdr-dfdr.ca/repo/files/9/published/publication_961/submitted_data/01_Data/images/German_Bank_2010/HP01/HP01_256105752.JPG,[3],test,-66.70649522,43.59939527
German_Bank_2010,HP01,HP01_256105808,https://www.frdr-dfdr.ca/repo/files/9/published/publication_961/submitted_data/01_Data/images/German_Bank_2010/HP01/HP01_256105808.JPG,[3],test,-66.70643328,43.59945942
German_Bank_2010,HP01,HP01_256105824,https://www.frdr-dfdr.ca/repo/files/9/published/publication_961/submitted_data/01_Data/images/German_Bank_2010/HP01/HP01_256105824.JPG,[3],test,-66.70637784,43.59951751
German_Bank_2010,HP01,HP01_256105912,https://www.frdr-dfdr.ca/repo/files/9/published/publication_961/submitted_data/01_Data/images/German_Bank_2010/HP01/HP01_256105912.JPG,[3],test,-66.7062653,43.59963665
German_Bank_2010,HP01,HP01_256105959,https://www.frdr-dfdr.ca/repo/files/9/published/publication_961/submitted_data/01_Data/images/German_Bank_2010/HP01/HP01_256105959.JPG,[3],test,-66.70608979,43.59982134
German_Bank_2010,HP01,HP01_256110015,https://www.frdr-dfdr.ca/repo/files/9/published/publication_961/submitted_data/01_Data/images/German_Bank_2010/HP01/HP01_256110015.JPG,[3],test,-66.70602308,43.59989051
German_Bank_2010,HP01,HP01_256110031,https://www.frdr-dfdr.ca/repo/files/9/published/publication_961/submitted_data/01_Data/images/German_Bank_2010/HP01/HP01_256110031.JPG,[3],dropped,-66.70595908,43.59995602
German_Bank_2010,HP01,HP01_256110047,https://www.frdr-dfdr.ca/repo/files/9/published/publication_961/submitted_data/01_Data/images/German_Bank_2010/HP01/HP01_256110047.JPG,[3],dropped,-66.70581497,43.60010128
German_Bank_2010,HP01,HP01_256110103,https://www.frdr-dfdr.ca/repo/files/9/published/publication_961/submitted_data/01_Data/images/German_Bank_2010/HP01/HP01_256110103.JPG,[3],dropped,-66.70573839,43.60017744
German_Bank_2010,HP01,HP01_256110119,https://www.frdr-dfdr.ca/repo/files/9/published/publication_961/submitted_data/01_Data/images/German_Bank_2010/HP01/HP01_256110119.JPG,[3],dropped,-66.70566724,43.60024766
German_Bank_2010,HP01,HP01_256110134,https://www.frdr-dfdr.ca/repo/files/9/published/publication_961/submitted_data/01_Data/images/German_Bank_2010/HP01/HP01_256110134.JPG,[3],train,-66.70551577,43.60039529
German_Bank_2010,HP01,HP01_256110222,https://www.frdr-dfdr.ca/repo/files/9/published/publication_961/submitted_data/01_Data/images/German_Bank_2010/HP01/HP01_256110222.JPG,[3],train,-66.70536467,43.60053846
German_Bank_2010,HP01,HP01_256110310,https://www.frdr-dfdr.ca/repo/files/9/published/publication_961/submitted_data/01_Data/images/German_Bank_2010/HP01/HP01_256110310.JPG,[3],train,-66.70520885,43.60067995
German_Bank_2010,HP01,HP01_256110326,https://www.frdr-dfdr.ca/repo/files/9/published/publication_961/submitted_data/01_Data/images/German_Bank_2010/HP01/HP01_256110326.JPG,[3],train,-66.70504801,43.60082075
German_Bank_2010,HP01,HP01_256110341,https://www.frdr-dfdr.ca/repo/files/9/published/publication_961/submitted_data/01_Data/images/German_Bank_2010/HP01/HP01_256110341.JPG,[3],train,-66.70496894,43.60088833
German_Bank_2010,HP01,HP01_256110357,https://www.frdr-dfdr.ca/repo/files/9/published/publication_961/submitted_data/01_Data/images/German_Bank_2010/HP01/HP01_256110357.JPG,[3],train,-66.70489149,43.60095335
German_Bank_2010,HP01,HP01_256110413,https://www.frdr-dfdr.ca/repo/files/9/published/publication_961/submitted_data/01_Data/images/German_Bank_2010/HP01/HP01_256110413.JPG,[3],train,-66.70472819,43.60108595
German_Bank_2010,HP01,HP01_256110501,https://www.frdr-dfdr.ca/repo/files/9/published/publication_961/submitted_data/01_Data/images/German_Bank_2010/HP01/HP01_256110501.JPG,[3],train,-66.70455716,43.60121729
German_Bank_2010,HP01,HP01_256110532,https://www.frdr-dfdr.ca/repo/files/9/published/publication_961/submitted_data/01_Data/images/German_Bank_2010/HP01/HP01_256110532.JPG,[3],train,-66.70439317,43.60133682
German_Bank_2010,HP01,HP01_256110548,https://www.frdr-dfdr.ca/repo/files/9/published/publication_961/submitted_data/01_Data/images/German_Bank_2010/HP01/HP01_256110548.JPG,[3],train,-66.70430455,43.60139989
German_Bank_2010,HP01,HP01_256110604,https://www.frdr-dfdr.ca/repo/files/9/published/publication_961/submitted_data/01_Data/images/German_Bank_2010/HP01/HP01_256110604.JPG,[3],train,-66.70421975,43.60145948
German_Bank_2010,HP01,HP01_256110620,https://www.frdr-dfdr.ca/repo/files/9/published/publication_961/submitted_data/01_Data/images/German_Bank_2010/HP01/HP01_256110620.JPG,[3],train,-66.70413551,43.6015179
German_Bank_2010,HP01,HP01_256110636,https://www.frdr-dfdr.ca/repo/files/9/published/publication_961/submitted_data/01_Data/images/German_Bank_2010/HP01/HP01_256110636.JPG,[3],train,-66.70387235,43.60169462
German_Bank_2010,HP01,HP01_256110740,https://www.frdr-dfdr.ca/repo/files/9/published/publication_961/submitted_data/01_Data/images/German_Bank_2010/HP01/HP01_256110740.JPG,[3],train,-66.703698,43.60180612
German_Bank_2010,HP01,HP01_256110827,https://www.frdr-dfdr.ca/repo/files/9/published/publication_961/submitted_data/01_Data/images/German_Bank_2010/HP01/HP01_256110827.JPG,[3],train,-66.70352674,43.60191109
German_Bank_2010,HP01,HP01_256110844,https://www.frdr-dfdr.ca/repo/files/9/published/publication_961/submitted_data/01_Data/images/German_Bank_2010/HP01/HP01_256110844.JPG,[3],train,-66.7034349,43.60196633
German_Bank_2010,HP01,HP01_256110859,https://www.frdr-dfdr.ca/repo/files/9/published/publication_961/submitted_data/01_Data/images/German_Bank_2010/HP01/HP01_256110859.JPG,[3],train,-66.70333586,43.60202531
German_Bank_2010,HP01,HP01_256110915,https://www.frdr-dfdr.ca/repo/files/9/published/publication_961/submitted_data/01_Data/images/German_Bank_2010/HP01/HP01_256110915.JPG,[3],train,-66.70324774,43.60207737
German_Bank_2010,HP01,HP01_256110931,https://www.frdr-dfdr.ca/repo/files/9/published/publication_961/submitted_data/01_Data/images/German_Bank_2010/HP01/HP01_256110931.JPG,[3],train,-66.70315334,43.60213291
German_Bank_2010,HP01,HP01_256110946,https://www.frdr-dfdr.ca/repo/files/9/published/publication_961/submitted_data/01_Data/images/German_Bank_2010/HP01/HP01_256110946.JPG,[3],train,-66.70305774,43.60218882
German_Bank_2010,HP01,HP01_256111002,https://www.frdr-dfdr.ca/repo/files/9/published/publication_961/submitted_data/01_Data/images/German_Bank_2010/HP01/HP01_256111002.JPG,[3],train,-66.70297376,43.6022378
German_Bank_2010,HP01,HP01_256111018,https://www.frdr-dfdr.ca/repo/files/9/published/publication_961/submitted_data/01_Data/images/German_Bank_2010/HP01/HP01_256111018.JPG,[3],train,-66.70287441,43.60229551
German_Bank_2010,HP01,HP01_256111034,https://www.frdr-dfdr.ca/repo/files/9/published/publication_961/submitted_data/01_Data/images/German_Bank_2010/HP01/HP01_256111034.JPG,[3],train,-66.70277233,43.60235478
German_Bank_2010,HP01,HP01_256111050,https://www.frdr-dfdr.ca/repo/files/9/published/publication_961/submitted_data/01_Data/images/German_Bank_2010/HP01/HP01_256111050.JPG,[3],train,-66.7026689,43.6024152
German_Bank_2010,HP01,HP01_256111106,https://www.frdr-dfdr.ca/repo/files/9/published/publication_961/submitted_data/01_Data/images/German_Bank_2010/HP01/HP01_256111106.JPG,[3],train,-66.70256632,43.60247574
German_Bank_2010,HP01,HP01_256111122,https://www.frdr-dfdr.ca/repo/files/9/published/publication_961/submitted_data/01_Data/images/German_Bank_2010/HP01/HP01_256111122.JPG,[3],train,-66.70235664,43.60260293
German_Bank_2010,HP01,HP01_256111138,https://www.frdr-dfdr.ca/repo/files/9/published/publication_961/submitted_data/01_Data/images/German_Bank_2010/HP01/HP01_256111138.JPG,[3],train,-66.70225179,43.60266852
German_Bank_2010,HP01,HP01_256111154,https://www.frdr-dfdr.ca/repo/files/9/published/publication_961/submitted_data/01_Data/images/German_Bank_2010/HP01/HP01_256111154.JPG,[3],train,-66.70214721,43.60273513
German_Bank_2010,HP01,HP01_256111209,https://www.frdr-dfdr.ca/repo/files/9/published/publication_961/submitted_data/01_Data/images/German_Bank_2010/HP01/HP01_256111209.JPG,[3],dropped,-66.70204472,43.6028012
German_Bank_2010,HP01,HP01_256111225,https://www.frdr-dfdr.ca/repo/files/9/published/publication_961/submitted_data/01_Data/images/German_Bank_2010/HP01/HP01_256111225.JPG,[3],dropped,-66.70195098,43.60286201
German_Bank_2010,HP01,HP01_256111241,https://www.frdr-dfdr.ca/repo/files/9/published/publication_961/submitted_data/01_Data/images/German_Bank_2010/HP01/HP01_256111241.JPG,[3],dropped,-66.70184519,43.60293139
German_Bank_2010,HP01,HP01_256111258,https://www.frdr-dfdr.ca/repo/files/9/published/publication_961/submitted_data/01_Data/images/German_Bank_2010/HP01/HP01_256111258.JPG,[3],test,-66.70165267,43.60305902
German_Bank_2010,HP02,HP02_257193053,https://www.frdr-dfdr.ca/repo/files/9/published/publication_961/submitted_data/01_Data/images/German_Bank_2010/HP02/HP02_257193053.JPG,[0],train,-66.54119812,43.61902855
German_Bank_2010,HP02,HP02_257193109,https://www.frdr-dfdr.ca/repo/files/9/published/publication_961/submitted_data/01_Data/images/German_Bank_2010/HP02/HP02_257193109.JPG,[0],train,-66.54099344,43.61906826
German_Bank_2010,HP02,HP02_257193125,https://www.frdr-dfdr.ca/repo/files/9/published/publication_961/submitted_data/01_Data/images/German_Bank_2010/HP02/HP02_257193125.JPG,[0],train,-66.54079762,43.61910729
German_Bank_2010,HP02,HP02_257193141,https://www.frdr-dfdr.ca/repo/files/9/published/publication_961/submitted_data/01_Data/images/German_Bank_2010/HP02/HP02_257193141.JPG,[0],train,-66.5405967,43.61914936
German_Bank_2010,HP02,HP02_257193156,https://www.frdr-dfdr.ca/repo/files/9/published/publication_961/submitted_data/01_Data/images/German_Bank_2010/HP02/HP02_257193156.JPG,[0],train,-66.54043131,43.61918686
German_Bank_2010,HP02,HP02_257193212,https://www.frdr-dfdr.ca/repo/files/9/published/publication_961/submitted_data/01_Data/images/German_Bank_2010/HP02/HP02_257193212.JPG,[0],train,-66.54024339,43.61923178
German_Bank_2010,HP02,HP02_257193228,https://www.frdr-dfdr.ca/repo/files/9/published/publication_961/submitted_data/01_Data/images/German_Bank_2010/HP02/HP02_257193228.JPG,[0],train,-66.54007198,43.61927312
German_Bank_2010,HP02,HP02_257193244,https://www.frdr-dfdr.ca/repo/files/9/published/publication_961/submitted_data/01_Data/images/German_Bank_2010/HP02/HP02_257193244.JPG,[0],train,-66.53987651,43.61931371
German_Bank_2010,HP02,HP02_257193300,https://www.frdr-dfdr.ca/repo/files/9/published/publication_961/submitted_data/01_Data/images/German_Bank_2010/HP02/HP02_257193300.JPG,[0],train,-66.5395941,43.61935684
German_Bank_2010,HP02,HP02_257193316,https://www.frdr-dfdr.ca/repo/files/9/published/publication_961/submitted_data/01_Data/images/German_Bank_2010/HP02/HP02_257193316.JPG,[0],train,-66.53924918,43.61939742
German_Bank_2010,HP02,HP02_257193332,https://www.frdr-dfdr.ca/repo/files/9/published/publication_961/submitted_data/01_Data/images/German_Bank_2010/HP02/HP02_257193332.JPG,[0],train,-66.53887186,43.61944199
German_Bank_2010,HP02,HP02_257193348,https://www.frdr-dfdr.ca/repo/files/9/published/publication_961/submitted_data/01_Data/images/German_Bank_2010/HP02/HP02_257193348.JPG,[0],train,-66.53846132,43.61949757
German_Bank_2010,HP02,HP02_257193404,https://www.frdr-dfdr.ca/repo/files/9/published/publication_961/submitted_data/01_Data/images/German_Bank_2010/HP02/HP02_257193404.JPG,[0],train,-66.53805822,43.61955234
German_Bank_2010,HP02,HP02_257193420,https://www.frdr-dfdr.ca/repo/files/9/published/publication_961/submitted_data/01_Data/images/German_Bank_2010/HP02/HP02_257193420.JPG,[0],train,-66.53764625,43.61960548
German_Bank_2010,HP02,HP02_257193435,https://www.frdr-dfdr.ca/repo/files/9/published/publication_961/submitted_data/01_Data/images/German_Bank_2010/HP02/HP02_257193435.JPG,[0],train,-66.53726259,43.61965409
German_Bank_2010,HP02,HP02_257193451,https://www.frdr-dfdr.ca/repo/files/9/published/publication_961/submitted_data/01_Data/images/German_Bank_2010/HP02/HP02_257193451.JPG,[0],train,-66.53683746,43.61970655
German_Bank_2010,HP02,HP02_257193507,https://www.frdr-dfdr.ca/repo/files/9/published/publication_961/submitted_data/01_Data/images/German_Bank_2010/HP02/HP02_257193507.JPG,[0],train,-66.53643585,43.61975623
German_Bank_2010,HP02,HP02_257193523,https://www.frdr-dfdr.ca/repo/files/9/published/publication_961/submitted_data/01_Data/images/German_Bank_2010/HP02/HP02_257193523.JPG,[0],train,-66.53604706,43.61980005
German_Bank_2010,HP02,HP02_257193539,https://www.frdr-dfdr.ca/repo/files/9/published/publication_961/submitted_data/01_Data/images/German_Bank_2010/HP02/HP02_257193539.JPG,[0],train,-66.53569323,43.61982969
German_Bank_2010,HP02,HP02_257193555,https://www.frdr-dfdr.ca/repo/files/9/published/publication_961/submitted_data/01_Data/images/German_Bank_2010/HP02/HP02_257193555.JPG,[0],train,-66.53533109,43.61984794
German_Bank_2010,HP02,HP02_257193611,https://www.frdr-dfdr.ca/repo/files/9/published/publication_961/submitted_data/01_Data/images/German_Bank_2010/HP02/HP02_257193611.JPG,[0],train,-66.53497923,43.61985757
German_Bank_2010,HP02,HP02_257193627,https://www.frdr-dfdr.ca/repo/files/9/published/publication_961/submitted_data/01_Data/images/German_Bank_2010/HP02/HP02_257193627.JPG,[0],train,-66.53461077,43.61986223
German_Bank_2010,HP02,HP02_257193642,https://www.frdr-dfdr.ca/repo/files/9/published/publication_961/submitted_data/01_Data/images/German_Bank_2010/HP02/HP02_257193642.JPG,[0],train,-66.53430982,43.6198639
German_Bank_2010,HP02,HP02_257193658,https://www.frdr-dfdr.ca/repo/files/9/published/publication_961/submitted_data/01_Data/images/German_Bank_2010/HP02/HP02_257193658.JPG,[0],train,-66.534055,43.61986646
German_Bank_2010,HP02,HP02_257193714,https://www.frdr-dfdr.ca/repo/files/9/published/publication_961/submitted_data/01_Data/images/German_Bank_2010/HP02/HP02_257193714.JPG,[0],train,-66.53384319,43.61987187
German_Bank_2010,HP02,HP02_257193730,https://www.frdr-dfdr.ca/repo/files/9/published/publication_961/submitted_data/01_Data/images/German_Bank_2010/HP02/HP02_257193730.JPG,[0],train,-66.53366128,43.61988044
German_Bank_2010,HP02,HP02_257193746,https://www.frdr-dfdr.ca/repo/files/9/published/publication_961/submitted_data/01_Data/images/German_Bank_2010/HP02/HP02_257193746.JPG,[0],train,-66.53345618,43.61989368
German_Bank_2010,HP02,HP02_257193802,https://www.frdr-dfdr.ca/repo/files/9/published/publication_961/submitted_data/01_Data/images/German_Bank_2010/HP02/HP02_257193802.JPG,[0],train,-66.53321127,43.6199117
German_Bank_2010,HP02,HP02_257193818,https://www.frdr-dfdr.ca/repo/files/9/published/publication_961/submitted_data/01_Data/images/German_Bank_2010/HP02/HP02_257193818.JPG,[0],train,-66.5329592,43.61992854
German_Bank_2010,HP02,HP02_257193834,https://www.frdr-dfdr.ca/repo/files/9/published/publication_961/submitted_data/01_Data/images/German_Bank_2010/HP02/HP02_257193834.JPG,[0],train,-66.53266919,43.61994589
German_Bank_2010,HP02,HP02_257193850,https://www.frdr-dfdr.ca/repo/files/9/published/publication_961/submitted_data/01_Data/images/German_Bank_2010/HP02/HP02_257193850.JPG,[0],train,-66.53237041,43.61996058
German_Bank_2010,HP02,HP02_257193905,https://www.frdr-dfdr.ca/repo/files/9/published/publication_961/submitted_data/01_Data/images/German_Bank_2010/HP02/HP02_257193905.JPG,[0],train,-66.53208479,43.61997048
German_Bank_2010,HP02,HP02_257193921,https://www.frdr-dfdr.ca/repo/files/9/published/publication_961/submitted_data/01_Data/images/German_Bank_2010/HP02/HP02_257193921.JPG,[0],train,-66.53176058,43.61997567
German_Bank_2010,HP02,HP02_257193937,https://www.frdr-dfdr.ca/repo/files/9/published/publication_961/submitted_data/01_Data/images/German_Bank_2010/HP02/HP02_257193937.JPG,[0],train,-66.53142358,43.6199776
German_Bank_2010,HP02,HP02_257193953,https://www.frdr-dfdr.ca/repo/files/9/published/publication_961/submitted_data/01_Data/images/German_Bank_2010/HP02/HP02_257193953.JPG,[0],train,-66.53109488,43.61997655
German_Bank_2010,HP02,HP02_257194009,https://www.frdr-dfdr.ca/repo/files/9/published/publication_961/submitted_data/01_Data/images/German_Bank_2010/HP02/HP02_257194009.JPG,[0],train,-66.53075351,43.61997287
German_Bank_2010,HP02,HP02_257194025,https://www.frdr-dfdr.ca/repo/files/9/published/publication_961/submitted_data/01_Data/images/German_Bank_2010/HP02/HP02_257194025.JPG,[0],train,-66.53041354,43.61996644
German_Bank_2010,HP02,HP02_257194041,https://www.frdr-dfdr.ca/repo/files/9/published/publication_961/submitted_data/01_Data/images/German_Bank_2010/HP02/HP02_257194041.JPG,[0],train,-66.53007845,43.61995685
German_Bank_2010,HP02,HP02_257194056,https://www.frdr-dfdr.ca/repo/files/9/published/publication_961/submitted_data/01_Data/images/German_Bank_2010/HP02/HP02_257194056.JPG,[0],train,-66.52976526,43.61994567
German_Bank_2010,HP02,HP02_257194112,https://www.frdr-dfdr.ca/repo/files/9/published/publication_961/submitted_data/01_Data/images/German_Bank_2010/HP02/HP02_257194112.JPG,[0],train,-66.52942348,43.61993356
German_Bank_2010,HP02,HP02_257194128,https://www.frdr-dfdr.ca/repo/files/9/published/publication_961/submitted_data/01_Data/images/German_Bank_2010/HP02/HP02_257194128.JPG,[0],train,-66.52907881,43.61992165
German_Bank_2010,HP02,HP02_257194144,https://www.frdr-dfdr.ca/repo/files/9/published/publication_961/submitted_data/01_Data/images/German_Bank_2010/HP02/HP02_257194144.JPG,[0],train,-66.52875437,43.6199104
German_Bank_2010,HP02,HP02_257194200,https://www.frdr-dfdr.ca/repo/files/9/published/publication_961/submitted_data/01_Data/images/German_Bank_2010/HP02/HP02_257194200.JPG,[0],train,-66.52843103,43.61989918
German_Bank_2010,HP02,HP02_257194216,https://www.frdr-dfdr.ca/repo/files/9/published/publication_961/submitted_data/01_Data/images/German_Bank_2010/HP02/HP02_257194216.JPG,[0],train,-66.528116,43.61988759
German_Bank_2010,HP02,HP02_257194232,https://www.frdr-dfdr.ca/repo/files/9/published/publication_961/submitted_data/01_Data/images/German_Bank_2010/HP02/HP02_257194232.JPG,[0],train,-66.52778435,43.61987435
German_Bank_2010,HP02,HP02_257194247,https://www.frdr-dfdr.ca/repo/files/9/published/publication_961/submitted_data/01_Data/images/German_Bank_2010/HP02/HP02_257194247.JPG,[0],train,-66.52748266,43.619861
German_Bank_2010,HP02,HP02_257194303,https://www.frdr-dfdr.ca/repo/files/9/published/publication_961/submitted_data/01_Data/images/German_Bank_2010/HP02/HP02_257194303.JPG,[0],train,-66.52715742,43.61984575
German_Bank_2010,HP02,HP02_257194319,https://www.frdr-dfdr.ca/repo/files/9/published/publication_961/submitted_data/01_Data/images/German_Bank_2010/HP02/HP02_257194319.JPG,[0],train,-66.52681952,43.6198294
German_Bank_2010,HP02,HP02_257194335,https://www.frdr-dfdr.ca/repo/files/9/published/publication_961/submitted_data/01_Data/images/German_Bank_2010/HP02/HP02_257194335.JPG,[0],train,-66.5264865,43.61981329
German_Bank_2010,HP02,HP02_257194351,https://www.frdr-dfdr.ca/repo/files/9/published/publication_961/submitted_data/01_Data/images/German_Bank_2010/HP02/HP02_257194351.JPG,[0],dropped,-66.52616172,43.61979676
German_Bank_2010,HP02,HP02_257194407,https://www.frdr-dfdr.ca/repo/files/9/published/publication_961/submitted_data/01_Data/images/German_Bank_2010/HP02/HP02_257194407.JPG,[0],test,-66.52584895,43.61977988
German_Bank_2010,HP02,HP02_257194423,https://www.frdr-dfdr.ca/repo/files/9/published/publication_961/submitted_data/01_Data/images/German_Bank_2010/HP02/HP02_257194423.JPG,[0],test,-66.52552447,43.61975951
German_Bank_2010,HP02,HP02_257194439,https://www.frdr-dfdr.ca/repo/files/9/published/publication_961/submitted_data/01_Data/images/German_Bank_2010/HP02/HP02_257194439.JPG,[0],test,-66.52518772,43.61973562
German_Bank_2010,HP02,HP02_257194454,https://www.frdr-dfdr.ca/repo/files/9/published/publication_961/submitted_data/01_Data/images/German_Bank_2010/HP02/HP02_257194454.JPG,[0],test,-66.52490544,43.61971453
German_Bank_2010,HP02,HP02_257194510,https://www.frdr-dfdr.ca/repo/files/9/published/publication_961/submitted_data/01_Data/images/German_Bank_2010/HP02/HP02_257194510.JPG,[0],test,-66.52458685,43.61969001
German_Bank_2010,HP03,HP03_258110053,https://www.frdr-dfdr.ca/repo/files/9/published/publication_961/submitted_data/01_Data/images/German_Bank_2010/HP03/HP03_258110053.JPG,[3],test,-66.20708632,43.63187499
German_Bank_2010,HP03,HP03_258110109,https://www.frdr-dfdr.ca/repo/files/9/published/publication_961/submitted_data/01_Data/images/German_Bank_2010/HP03/HP03_258110109.JPG,[3],test,-66.20715577,43.63180107
German_Bank_2010,HP03,HP03_258110120,https://www.frdr-dfdr.ca/repo/files/9/published/publication_961/submitted_data/01_Data/images/German_Bank_2010/HP03/HP03_258110120.JPG,[3],test,-66.20720883,43.63173742
German_Bank_2010,HP03,HP03_258110125,https://www.frdr-dfdr.ca/repo/files/9/published/publication_961/submitted_data/01_Data/images/German_Bank_2010/HP03/HP03_258110125.JPG,[3],test,-66.20723875,43.63169977
German_Bank_2010,HP03,HP03_258110140,https://www.frdr-dfdr.ca/repo/files/9/published/publication_961/submitted_data/01_Data/images/German_Bank_2010/HP03/HP03_258110140.JPG,[3],test,-66.20732005,43.63159517
German_Bank_2010,HP03,HP03_258110155,https://www.frdr-dfdr.ca/repo/files/9/published/publication_961/submitted_data/01_Data/images/German_Bank_2010/HP03/HP03_258110155.JPG,[3],test,-66.2073952,43.63149506
German_Bank_2010,HP03,HP03_258110211,https://www.frdr-dfdr.ca/repo/files/9/published/publication_961/submitted_data/01_Data/images/German_Bank_2010/HP03/HP03_258110211.JPG,[3],test,-66.20750044,43.63134601
German_Bank_2010,HP03,HP03_258110222,https://www.frdr-dfdr.ca/repo/files/9/published/publication_961/submitted_data/01_Data/images/German_Bank_2010/HP03/HP03_258110222.JPG,[3],test,-66.20756413,43.63124554
German_Bank_2010,HP03,HP03_258110227,https://www.frdr-dfdr.ca/repo/files/9/published/publication_961/submitted_data/01_Data/images/German_Bank_2010/HP03/HP03_258110227.JPG,[3],test,-66.20759447,43.63119362
German_Bank_2010,HP03,HP03_258110241,https://www.frdr-dfdr.ca/repo/files/9/published/publication_961/submitted_data/01_Data/images/German_Bank_2010/HP03/HP03_258110241.JPG,[3],test,-66.20766698,43.63105976
German_Bank_2010,HP03,HP03_258110258,https://www.frdr-dfdr.ca/repo/files/9/published/publication_961/submitted_data/01_Data/images/German_Bank_2010/HP03/HP03_258110258.JPG,[3],test,-66.20775115,43.63089153
German_Bank_2010,HP03,HP03_258110314,https://www.frdr-dfdr.ca/repo/files/9/published/publication_961/submitted_data/01_Data/images/German_Bank_2010/HP03/HP03_258110314.JPG,[3],test,-66.20783111,43.63072809
German_Bank_2010,HP03,HP03_258110321,https://www.frdr-dfdr.ca/repo/files/9/published/publication_961/submitted_data/01_Data/images/German_Bank_2010/HP03/HP03_258110321.JPG,[3],test,-66.20786746,43.63065352
German_Bank_2010,HP03,HP03_258110326,https://www.frdr-dfdr.ca/repo/files/9/published/publication_961/submitted_data/01_Data/images/German_Bank_2010/HP03/HP03_258110326.JPG,[3],test,-66.20789248,43.63060166
German_Bank_2010,HP03,HP03_258110330,https://www.frdr-dfdr.ca/repo/files/9/published/publication_961/submitted_data/01_Data/images/German_Bank_2010/HP03/HP03_258110330.JPG,[3],test,-66.20791244,43.63056066
German_Bank_2010,HP03,HP03_258110337,https://www.frdr-dfdr.ca/repo/files/9/published/publication_961/submitted_data/01_Data/images/German_Bank_2010/HP03/HP03_258110337.JPG,[3],test,-66.20794856,43.63048573
German_Bank_2010,HP03,HP03_258110345,https://www.frdr-dfdr.ca/repo/files/9/published/publication_961/submitted_data/01_Data/images/German_Bank_2010/HP03/HP03_258110345.JPG,[3],test,-66.20798762,43.63040424
German_Bank_2010,HP03,HP03_258110400,https://www.frdr-dfdr.ca/repo/files/9/published/publication_961/submitted_data/01_Data/images/German_Bank_2010/HP03/HP03_258110400.JPG,[3],test,-66.20805849,43.63025271
German_Bank_2010,HP03,HP03_258110411,https://www.frdr-dfdr.ca/repo/files/9/published/publication_961/submitted_data/01_Data/images/German_Bank_2010/HP03/HP03_258110411.JPG,[3],dropped,-66.2081093,43.63014105
German_Bank_2010,HP03,HP03_258110417,https://www.frdr-dfdr.ca/repo/files/9/published/publication_961/submitted_data/01_Data/images/German_Bank_2010/HP03/HP03_258110417.JPG,[3],dropped,-66.20813833,43.63007625
German_Bank_2010,HP03,HP03_258110420,https://www.frdr-dfdr.ca/repo/files/9/published/publication_961/submitted_data/01_Data/images/German_Bank_2010/HP03/HP03_258110420.JPG,[3],dropped,-66.20815233,43.63004516
German_Bank_2010,HP03,HP03_258110432,https://www.frdr-dfdr.ca/repo/files/9/published/publication_961/submitted_data/01_Data/images/German_Bank_2010/HP03/HP03_258110432.JPG,[3],dropped,-66.20820932,43.62991835
German_Bank_2010,HP03,HP03_258110447,https://www.frdr-dfdr.ca/repo/files/9/published/publication_961/submitted_data/01_Data/images/German_Bank_2010/HP03/HP03_258110447.JPG,[3],train,-66.20828237,43.62975831
German_Bank_2010,HP03,HP03_258110455,https://www.frdr-dfdr.ca/repo/files/9/published/publication_961/submitted_data/01_Data/images/German_Bank_2010/HP03/HP03_258110455.JPG,[3],train,-66.20832104,43.62967575
German_Bank_2010,HP03,HP03_258110503,https://www.frdr-dfdr.ca/repo/files/9/published/publication_961/submitted_data/01_Data/images/German_Bank_2010/HP03/HP03_258110503.JPG,[3],train,-66.20836163,43.62959057
German_Bank_2010,HP03,HP03_258110519,https://www.frdr-dfdr.ca/repo/files/9/published/publication_961/submitted_data/01_Data/images/German_Bank_2010/HP03/HP03_258110519.JPG,[3],train,-66.2084464,43.6294153
German_Bank_2010,HP03,HP03_258110535,https://www.frdr-dfdr.ca/repo/files/9/published/publication_961/submitted_data/01_Data/images/German_Bank_2010/HP03/HP03_258110535.JPG,[3],train,-66.20852697,43.62924862
German_Bank_2010,HP03,HP03_258110543,https://www.frdr-dfdr.ca/repo/files/9/published/publication_961/submitted_data/01_Data/images/German_Bank_2010/HP03/HP03_258110543.JPG,[3],train,-66.20856977,43.62916015
German_Bank_2010,HP03,HP03_258110551,https://www.frdr-dfdr.ca/repo/files/9/published/publication_961/submitted_data/01_Data/images/German_Bank_2010/HP03/HP03_258110551.JPG,[3],train,-66.20861251,43.62907034
German_Bank_2010,HP03,HP03_258110607,https://www.frdr-dfdr.ca/repo/files/9/published/publication_961/submitted_data/01_Data/images/German_Bank_2010/HP03/HP03_258110607.JPG,[3],train,-66.20869184,43.62889941
German_Bank_2010,HP03,HP03_258110623,https://www.frdr-dfdr.ca/repo/files/9/published/publication_961/submitted_data/01_Data/images/German_Bank_2010/HP03/HP03_258110623.JPG,[3],train,-66.20876804,43.62873028
German_Bank_2010,HP03,HP03_258110639,https://www.frdr-dfdr.ca/repo/files/9/published/publication_961/submitted_data/01_Data/images/German_Bank_2010/HP03/HP03_258110639.JPG,[3],train,-66.20884263,43.62856036
German_Bank_2010,HP03,HP03_258110655,https://www.frdr-dfdr.ca/repo/files/9/published/publication_961/submitted_data/01_Data/images/German_Bank_2010/HP03/HP03_258110655.JPG,[3],train,-66.20891546,43.62839629
German_Bank_2010,HP03,HP03_258110710,https://www.frdr-dfdr.ca/repo/files/9/published/publication_961/submitted_data/01_Data/images/German_Bank_2010/HP03/HP03_258110710.JPG,[3],train,-66.20898832,43.62823682
German_Bank_2010,HP03,HP03_258110726,https://www.frdr-dfdr.ca/repo/files/9/published/publication_961/submitted_data/01_Data/images/German_Bank_2010/HP03/HP03_258110726.JPG,[3],train,-66.20907035,43.62806241
German_Bank_2010,HP03,HP03_258110733,https://www.frdr-dfdr.ca/repo/files/9/published/publication_961/submitted_data/01_Data/images/German_Bank_2010/HP03/HP03_258110733.JPG,[3],train,-66.20910528,43.62798917
German_Bank_2010,HP03,HP03_258110740,https://www.frdr-dfdr.ca/repo/files/9/published/publication_961/submitted_data/01_Data/images/German_Bank_2010/HP03/HP03_258110740.JPG,[3],train,-66.2091428,43.62791066
German_Bank_2010,HP03,HP03_258110746,https://www.frdr-dfdr.ca/repo/files/9/published/publication_961/submitted_data/01_Data/images/German_Bank_2010/HP03/HP03_258110746.JPG,[3],train,-66.20917486,43.6278434
German_Bank_2010,HP03,HP03_258110757,https://www.frdr-dfdr.ca/repo/files/9/published/publication_961/submitted_data/01_Data/images/German_Bank_2010/HP03/HP03_258110757.JPG,[3],train,-66.20923238,43.62772184
German_Bank_2010,HP03,HP03_258110810,https://www.frdr-dfdr.ca/repo/files/9/published/publication_961/submitted_data/01_Data/images/German_Bank_2010/HP03/HP03_258110810.JPG,[3],train,-66.20929819,43.62757846
German_Bank_2010,HP03,HP03_258110813,https://www.frdr-dfdr.ca/repo/files/9/published/publication_961/submitted_data/01_Data/images/German_Bank_2010/HP03/HP03_258110813.JPG,[3],train,-66.20931344,43.62754495
German_Bank_2010,HP03,HP03_258110820,https://www.frdr-dfdr.ca/repo/files/9/published/publication_961/submitted_data/01_Data/images/German_Bank_2010/HP03/HP03_258110820.JPG,[3],train,-66.20934424,43.62747652
German_Bank_2010,HP03,HP03_258110828,https://www.frdr-dfdr.ca/repo/files/9/published/publication_961/submitted_data/01_Data/images/German_Bank_2010/HP03/HP03_258110828.JPG,[3],train,-66.20938345,43.62739
German_Bank_2010,HP03,HP03_258110845,https://www.frdr-dfdr.ca/repo/files/9/published/publication_961/submitted_data/01_Data/images/German_Bank_2010/HP03/HP03_258110845.JPG,[3],train,-66.20946534,43.62721244
German_Bank_2010,HP03,HP03_258110900,https://www.frdr-dfdr.ca/repo/files/9/published/publication_961/submitted_data/01_Data/images/German_Bank_2010/HP03/HP03_258110900.JPG,[3],train,-66.20954249,43.62704789
German_Bank_2010,HP03,HP03_258110916,https://www.frdr-dfdr.ca/repo/files/9/published/publication_961/submitted_data/01_Data/images/German_Bank_2010/HP03/HP03_258110916.JPG,[3],train,-66.20962527,43.62687153
German_Bank_2010,HP03,HP03_258110932,https://www.frdr-dfdr.ca/repo/files/9/published/publication_961/submitted_data/01_Data/images/German_Bank_2010/HP03/HP03_258110932.JPG,[3],train,-66.20971401,43.62667882
German_Bank_2010,HP03,HP03_258110948,https://www.frdr-dfdr.ca/repo/files/9/published/publication_961/submitted_data/01_Data/images/German_Bank_2010/HP03/HP03_258110948.JPG,[3],train,-66.20980121,43.62649056
German_Bank_2010,HP03,HP03_258111004,https://www.frdr-dfdr.ca/repo/files/9/published/publication_961/submitted_data/01_Data/images/German_Bank_2010/HP03/HP03_258111004.JPG,[3],train,-66.20989542,43.6262885
German_Bank_2010,HP03,HP03_258111020,https://www.frdr-dfdr.ca/repo/files/9/published/publication_961/submitted_data/01_Data/images/German_Bank_2010/HP03/HP03_258111020.JPG,[3],train,-66.20998326,43.62610318
German_Bank_2010,HP03,HP03_258111036,https://www.frdr-dfdr.ca/repo/files/9/published/publication_961/submitted_data/01_Data/images/German_Bank_2010/HP03/HP03_258111036.JPG,[3],train,-66.21007349,43.62591559
German_Bank_2010,HP03,HP03_258111051,https://www.frdr-dfdr.ca/repo/files/9/published/publication_961/submitted_data/01_Data/images/German_Bank_2010/HP03/HP03_258111051.JPG,[3],train,-66.21016141,43.62573318
German_Bank_2010,HP03,HP03_258111104,https://www.frdr-dfdr.ca/repo/files/9/published/publication_961/submitted_data/01_Data/images/German_Bank_2010/HP03/HP03_258111104.JPG,[3],train,-66.21023744,43.62557259
German_Bank_2010,HP03,HP03_258111108,https://www.frdr-dfdr.ca/repo/files/9/published/publication_961/submitted_data/01_Data/images/German_Bank_2010/HP03/HP03_258111108.JPG,[3],train,-66.21026043,43.62552282
German_Bank_2010,HP03,HP03_258111123,https://www.frdr-dfdr.ca/repo/files/9/published/publication_961/submitted_data/01_Data/images/German_Bank_2010/HP03/HP03_258111123.JPG,[3],train,-66.21034829,43.62533073
German_Bank_2010,HP03,HP03_258111139,https://www.frdr-dfdr.ca/repo/files/9/published/publication_961/submitted_data/01_Data/images/German_Bank_2010/HP03/HP03_258111139.JPG,[3],train,-66.21043502,43.62513625
German_Bank_2010,HP03,HP03_258111154,https://www.frdr-dfdr.ca/repo/files/9/published/publication_961/submitted_data/01_Data/images/German_Bank_2010/HP03/HP03_258111154.JPG,[3],train,-66.21051586,43.62495518
German_Bank_2010,HP03,HP03_258111210,https://www.frdr-dfdr.ca/repo/files/9/published/publication_961/submitted_data/01_Data/images/German_Bank_2010/HP03/HP03_258111210.JPG,[3],train,-66.21060016,43.62476906
German_Bank_2010,HP03,HP03_258111226,https://www.frdr-dfdr.ca/repo/files/9/published/publication_961/submitted_data/01_Data/images/German_Bank_2010/HP03/HP03_258111226.JPG,[3],train,-66.21068332,43.62458185
German_Bank_2010,HP03,HP03_258111242,https://www.frdr-dfdr.ca/repo/files/9/published/publication_961/submitted_data/01_Data/images/German_Bank_2010/HP03/HP03_258111242.JPG,[3],train,-66.21076488,43.62439199
German_Bank_2010,HP03,HP03_258111258,https://www.frdr-dfdr.ca/repo/files/9/published/publication_961/submitted_data/01_Data/images/German_Bank_2010/HP03/HP03_258111258.JPG,[3],train,-66.2108486,43.62419203
German_Bank_2010,HP03,HP03_258111314,https://www.frdr-dfdr.ca/repo/files/9/published/publication_961/submitted_data/01_Data/images/German_Bank_2010/HP03/HP03_258111314.JPG,[3],train,-66.21092852,43.62400228
German_Bank_2010,HP03,HP03_258111330,https://www.frdr-dfdr.ca/repo/files/9/published/publication_961/submitted_data/01_Data/images/German_Bank_2010/HP03/HP03_258111330.JPG,[3],train,-66.21101108,43.62381521
German_Bank_2010,HP03,HP03_258111345,https://www.frdr-dfdr.ca/repo/files/9/published/publication_961/submitted_data/01_Data/images/German_Bank_2010/HP03/HP03_258111345.JPG,[3],train,-66.21109468,43.6236339
German_Bank_2010,HP03,HP03_258111401,https://www.frdr-dfdr.ca/repo/files/9/published/publication_961/submitted_data/01_Data/images/German_Bank_2010/HP03/HP03_258111401.JPG,[3],train,-66.21118615,43.62343506
German_Bank_2010,HP03,HP03_258111417,https://www.frdr-dfdr.ca/repo/files/9/published/publication_961/submitted_data/01_Data/images/German_Bank_2010/HP03/HP03_258111417.JPG,[3],train,-66.21127321,43.62324459
German_Bank_2010,HP03,HP03_258111433,https://www.frdr-dfdr.ca/repo/files/9/published/publication_961/submitted_data/01_Data/images/German_Bank_2010/HP03/HP03_258111433.JPG,[3],train,-66.21136583,43.62304251
German_Bank_2010,HP03,HP03_258111449,https://www.frdr-dfdr.ca/repo/files/9/published/publication_961/submitted_data/01_Data/images/German_Bank_2010/HP03/HP03_258111449.JPG,[3],train,-66.21145781,43.62284542
German_Bank_2010,HP03,HP03_258111505,https://www.frdr-dfdr.ca/repo/files/9/published/publication_961/submitted_data/01_Data/images/German_Bank_2010/HP03/HP03_258111505.JPG,[3],train,-66.21154779,43.6226528
German_Bank_2010,HP04,HP04_258121340,https://www.frdr-dfdr.ca/repo/files/9/published/publication_961/submitted_data/01_Data/images/German_Bank_2010/HP04/HP04_258121340.JPG,[2],train,-66.3213412,43.54726769
German_Bank_2010,HP04,HP04_258121356,https://www.frdr-dfdr.ca/repo/files/9/published/publication_961/submitted_data/01_Data/images/German_Bank_2010/HP04/HP04_258121356.JPG,[2],train,-66.32149206,43.54715131
German_Bank_2010,HP04,HP04_258121412,https://www.frdr-dfdr.ca/repo/files/9/published/publication_961/submitted_data/01_Data/images/German_Bank_2010/HP04/HP04_258121412.JPG,[2],train,-66.32163254,43.54703388
German_Bank_2010,HP04,HP04_258121428,https://www.frdr-dfdr.ca/repo/files/9/published/publication_961/submitted_data/01_Data/images/German_Bank_2010/HP04/HP04_258121428.JPG,[3],train,-66.32174605,43.54692942
German_Bank_2010,HP04,HP04_258121444,https://www.frdr-dfdr.ca/repo/files/9/published/publication_961/submitted_data/01_Data/images/German_Bank_2010/HP04/HP04_258121444.JPG,[3],train,-66.32185434,43.5468183
German_Bank_2010,HP04,HP04_258121459,https://www.frdr-dfdr.ca/repo/files/9/published/publication_961/submitted_data/01_Data/images/German_Bank_2010/HP04/HP04_258121459.JPG,[3],train,-66.32195347,43.54670747
German_Bank_2010,HP04,HP04_258121515,https://www.frdr-dfdr.ca/repo/files/9/published/publication_961/submitted_data/01_Data/images/German_Bank_2010/HP04/HP04_258121515.JPG,[3],train,-66.32204022,43.54660416
German_Bank_2010,HP04,HP04_258121531,https://www.frdr-dfdr.ca/repo/files/9/published/publication_961/submitted_data/01_Data/images/German_Bank_2010/HP04/HP04_258121531.JPG,[3],train,-66.32211962,43.54650526
German_Bank_2010,HP04,HP04_258121547,https://www.frdr-dfdr.ca/repo/files/9/published/publication_961/submitted_data/01_Data/images/German_Bank_2010/HP04/HP04_258121547.JPG,[3],train,-66.32219487,43.54640924
German_Bank_2010,HP04,HP04_258121603,https://www.frdr-dfdr.ca/repo/files/9/published/publication_961/submitted_data/01_Data/images/German_Bank_2010/HP04/HP04_258121603.JPG,[3],train,-66.32227139,43.54631197
German_Bank_2010,HP04,HP04_258121619,https://www.frdr-dfdr.ca/repo/files/9/published/publication_961/submitted_data/01_Data/images/German_Bank_2010/HP04/HP04_258121619.JPG,[3],train,-66.3223467,43.54621765
German_Bank_2010,HP04,HP04_258121635,https://www.frdr-dfdr.ca/repo/files/9/published/publication_961/submitted_data/01_Data/images/German_Bank_2010/HP04/HP04_258121635.JPG,[3],train,-66.3224334,43.54611146
German_Bank_2010,HP04,HP04_258121651,https://www.frdr-dfdr.ca/repo/files/9/published/publication_961/submitted_data/01_Data/images/German_Bank_2010/HP04/HP04_258121651.JPG,[3],train,-66.32252289,43.54600418
German_Bank_2010,HP04,HP04_258121706,https://www.frdr-dfdr.ca/repo/files/9/published/publication_961/submitted_data/01_Data/images/German_Bank_2010/HP04/HP04_258121706.JPG,[3],train,-66.32260595,43.54590539
German_Bank_2010,HP04,HP04_258121722,https://www.frdr-dfdr.ca/repo/files/9/published/publication_961/submitted_data/01_Data/images/German_Bank_2010/HP04/HP04_258121722.JPG,[3],train,-66.32269191,43.54580404
German_Bank_2010,HP04,HP04_258121738,https://www.frdr-dfdr.ca/repo/files/9/published/publication_961/submitted_data/01_Data/images/German_Bank_2010/HP04/HP04_258121738.JPG,[3],train,-66.32278203,43.54569956
German_Bank_2010,HP04,HP04_258121754,https://www.frdr-dfdr.ca/repo/files/9/published/publication_961/submitted_data/01_Data/images/German_Bank_2010/HP04/HP04_258121754.JPG,[3],train,-66.32287062,43.54559878
German_Bank_2010,HP04,HP04_258121810,https://www.frdr-dfdr.ca/repo/files/9/published/publication_961/submitted_data/01_Data/images/German_Bank_2010/HP04/HP04_258121810.JPG,[3],train,-66.32296289,43.54549536
German_Bank_2010,HP04,HP04_258121826,https://www.frdr-dfdr.ca/repo/files/9/published/publication_961/submitted_data/01_Data/images/German_Bank_2010/HP04/HP04_258121826.JPG,[3],train,-66.32305779,43.54538927
German_Bank_2010,HP04,HP04_258121842,https://www.frdr-dfdr.ca/repo/files/9/published/publication_961/submitted_data/01_Data/images/German_Bank_2010/HP04/HP04_258121842.JPG,[3],train,-66.323156,43.54527953
German_Bank_2010,HP04,HP04_258121855,https://www.frdr-dfdr.ca/repo/files/9/published/publication_961/submitted_data/01_Data/images/German_Bank_2010/HP04/HP04_258121855.JPG,[2],train,-66.32323466,43.54519114
German_Bank_2010,HP04,HP04_258121902,https://www.frdr-dfdr.ca/repo/files/9/published/publication_961/submitted_data/01_Data/images/German_Bank_2010/HP04/HP04_258121902.JPG,[2],train,-66.323277,43.54514347
German_Bank_2010,HP04,HP04_258121909,https://www.frdr-dfdr.ca/repo/files/9/published/publication_961/submitted_data/01_Data/images/German_Bank_2010/HP04/HP04_258121909.JPG,[2],train,-66.32332223,43.54509251
German_Bank_2010,HP04,HP04_258121913,https://www.frdr-dfdr.ca/repo/files/9/published/publication_961/submitted_data/01_Data/images/German_Bank_2010/HP04/HP04_258121913.JPG,[3],train,-66.32334564,43.54506599
German_Bank_2010,HP04,HP04_258121919,https://www.frdr-dfdr.ca/repo/files/9/published/publication_961/submitted_data/01_Data/images/German_Bank_2010/HP04/HP04_258121919.JPG,[3],train,-66.32338198,43.54502473
German_Bank_2010,HP04,HP04_258121925,https://www.frdr-dfdr.ca/repo/files/9/published/publication_961/submitted_data/01_Data/images/German_Bank_2010/HP04/HP04_258121925.JPG,[2],train,-66.32342318,43.54497774
German_Bank_2010,HP04,HP04_258121928,https://www.frdr-dfdr.ca/repo/files/9/published/publication_961/submitted_data/01_Data/images/German_Bank_2010/HP04/HP04_258121928.JPG,[2],train,-66.32344258,43.54495556
German_Bank_2010,HP04,HP04_258121940,https://www.frdr-dfdr.ca/repo/files/9/published/publication_961/submitted_data/01_Data/images/German_Bank_2010/HP04/HP04_258121940.JPG,[2],dropped,-66.32351657,43.5448703
German_Bank_2010,HP04,HP04_258121943,https://www.frdr-dfdr.ca/repo/files/9/published/publication_961/submitted_data/01_Data/images/German_Bank_2010/HP04/HP04_258121943.JPG,[2],dropped,-66.32353545,43.5448486
German_Bank_2010,HP04,HP04_258121958,https://www.frdr-dfdr.ca/repo/files/9/published/publication_961/submitted_data/01_Data/images/German_Bank_2010/HP04/HP04_258121958.JPG,[2],dropped,-66.32362863,43.54474053
German_Bank_2010,HP04,HP04_258122015,https://www.frdr-dfdr.ca/repo/files/9/published/publication_961/submitted_data/01_Data/images/German_Bank_2010/HP04/HP04_258122015.JPG,[3],dropped,-66.32372923,43.54462295
German_Bank_2010,HP04,HP04_258122030,https://www.frdr-dfdr.ca/repo/files/9/published/publication_961/submitted_data/01_Data/images/German_Bank_2010/HP04/HP04_258122030.JPG,[3],test,-66.32381755,43.54451843
German_Bank_2010,HP04,HP04_258122046,https://www.frdr-dfdr.ca/repo/files/9/published/publication_961/submitted_data/01_Data/images/German_Bank_2010/HP04/HP04_258122046.JPG,[3],test,-66.32390851,43.54440809
German_Bank_2010,HP04,HP04_258122102,https://www.frdr-dfdr.ca/repo/files/9/published/publication_961/submitted_data/01_Data/images/German_Bank_2010/HP04/HP04_258122102.JPG,[3],test,-66.32399938,43.54429517
German_Bank_2010,HP04,HP04_258122118,https://www.frdr-dfdr.ca/repo/files/9/published/publication_961/submitted_data/01_Data/images/German_Bank_2010/HP04/HP04_258122118.JPG,[3],test,-66.32408077,43.54419349
German_Bank_2010,HP04,HP04_258122123,https://www.frdr-dfdr.ca/repo/files/9/published/publication_961/submitted_data/01_Data/images/German_Bank_2010/HP04/HP04_258122123.JPG,[3],test,-66.32411063,43.54415628
German_Bank_2010,HP04,HP04_258122134,https://www.frdr-dfdr.ca/repo/files/9/published/publication_961/submitted_data/01_Data/images/German_Bank_2010/HP04/HP04_258122134.JPG,[3],test,-66.32417292,43.54407894
German_Bank_2010,HP04,HP04_258122142,https://www.frdr-dfdr.ca/repo/files/9/published/publication_961/submitted_data/01_Data/images/German_Bank_2010/HP04/HP04_258122142.JPG,[3],test,-66.32422105,43.54401952
German_Bank_2010,HP04,HP04_258122149,https://www.frdr-dfdr.ca/repo/files/9/published/publication_961/submitted_data/01_Data/images/German_Bank_2010/HP04/HP04_258122149.JPG,[3],test,-66.3242606,43.54397082
German_Bank_2010,HP04,HP04_258122205,https://www.frdr-dfdr.ca/repo/files/9/published/publication_961/submitted_data/01_Data/images/German_Bank_2010/HP04/HP04_258122205.JPG,[3],dropped,-66.32435393,43.5438564
German_Bank_2010,HP04,HP04_258122221,https://www.frdr-dfdr.ca/repo/files/9/published/publication_961/submitted_data/01_Data/images/German_Bank_2010/HP04/HP04_258122221.JPG,[3],dropped,-66.32445245,43.54373592
German_Bank_2010,HP04,HP04_258122237,https://www.frdr-dfdr.ca/repo/files/9/published/publication_961/submitted_data/01_Data/images/German_Bank_2010/HP04/HP04_258122237.JPG,[2],dropped,-66.32454304,43.54362523
German_Bank_2010,HP04,HP04_258122253,https://www.frdr-dfdr.ca/repo/files/9/published/publication_961/submitted_data/01_Data/images/German_Bank_2010/HP04/HP04_258122253.JPG,[2],train,-66.32463774,43.54351005
German_Bank_2010,HP04,HP04_258122309,https://www.frdr-dfdr.ca/repo/files/9/published/publication_961/submitted_data/01_Data/images/German_Bank_2010/HP04/HP04_258122309.JPG,[2],train,-66.32473174,43.54339677
German_Bank_2010,HP04,HP04_258122325,https://www.frdr-dfdr.ca/repo/files/9/published/publication_961/submitted_data/01_Data/images/German_Bank_2010/HP04/HP04_258122325.JPG,[2],train,-66.32481717,43.54329408
German_Bank_2010,HP04,HP04_258122341,https://www.frdr-dfdr.ca/repo/files/9/published/publication_961/submitted_data/01_Data/images/German_Bank_2010/HP04/HP04_258122341.JPG,[2],train,-66.32490845,43.54318416
German_Bank_2010,HP04,HP04_258122356,https://www.frdr-dfdr.ca/repo/files/9/published/publication_961/submitted_data/01_Data/images/German_Bank_2010/HP04/HP04_258122356.JPG,[2],train,-66.32499482,43.5430801
German_Bank_2010,HP04,HP04_258122412,https://www.frdr-dfdr.ca/repo/files/9/published/publication_961/submitted_data/01_Data/images/German_Bank_2010/HP04/HP04_258122412.JPG,[2],train,-66.32509671,43.5429614
German_Bank_2010,HP04,HP04_258122428,https://www.frdr-dfdr.ca/repo/files/9/published/publication_961/submitted_data/01_Data/images/German_Bank_2010/HP04/HP04_258122428.JPG,[3],train,-66.3252055,43.54284846
German_Bank_2010,HP04,HP04_258122444,https://www.frdr-dfdr.ca/repo/files/9/published/publication_961/submitted_data/01_Data/images/German_Bank_2010/HP04/HP04_258122444.JPG,[3],train,-66.32534988,43.54271674
German_Bank_2010,HP04,HP04_258122500,https://www.frdr-dfdr.ca/repo/files/9/published/publication_961/submitted_data/01_Data/images/German_Bank_2010/HP04/HP04_258122500.JPG,[3],train,-66.32551786,43.54258021
German_Bank_2010,HP04,HP04_258122516,https://www.frdr-dfdr.ca/repo/files/9/published/publication_961/submitted_data/01_Data/images/German_Bank_2010/HP04/HP04_258122516.JPG,[3],train,-66.32570483,43.54244331
German_Bank_2010,HP04,HP04_258122532,https://www.frdr-dfdr.ca/repo/files/9/published/publication_961/submitted_data/01_Data/images/German_Bank_2010/HP04/HP04_258122532.JPG,[3],train,-66.32588629,43.5423219
German_Bank_2010,HP04,HP04_258122548,https://www.frdr-dfdr.ca/repo/files/9/published/publication_961/submitted_data/01_Data/images/German_Bank_2010/HP04/HP04_258122548.JPG,[3],train,-66.32607189,43.54220606
German_Bank_2010,HP04,HP04_258122603,https://www.frdr-dfdr.ca/repo/files/9/published/publication_961/submitted_data/01_Data/images/German_Bank_2010/HP04/HP04_258122603.JPG,[3],train,-66.32626086,43.54209267
German_Bank_2010,HP04,HP04_258122619,https://www.frdr-dfdr.ca/repo/files/9/published/publication_961/submitted_data/01_Data/images/German_Bank_2010/HP04/HP04_258122619.JPG,[3],train,-66.32646098,43.54197641
German_Bank_2010,HP04,HP04_258122635,https://www.frdr-dfdr.ca/repo/files/9/published/publication_961/submitted_data/01_Data/images/German_Bank_2010/HP04/HP04_258122635.JPG,[3],train,-66.32665805,43.54186612
German_Bank_2010,HP04,HP04_258122651,https://www.frdr-dfdr.ca/repo/files/9/published/publication_961/submitted_data/01_Data/images/German_Bank_2010/HP04/HP04_258122651.JPG,[3],train,-66.32687372,43.54175001
German_Bank_2010,HP04,HP04_258122707,https://www.frdr-dfdr.ca/repo/files/9/published/publication_961/submitted_data/01_Data/images/German_Bank_2010/HP04/HP04_258122707.JPG,[3],train,-66.32708749,43.54163778
German_Bank_2010,HP04,HP04_258122723,https://www.frdr-dfdr.ca/repo/files/9/published/publication_961/submitted_data/01_Data/images/German_Bank_2010/HP04/HP04_258122723.JPG,[3],train,-66.32729529,43.54153003
German_Bank_2010,HP04,HP04_258122739,https://www.frdr-dfdr.ca/repo/files/9/published/publication_961/submitted_data/01_Data/images/German_Bank_2010/HP04/HP04_258122739.JPG,[3],train,-66.32749654,43.54142529
German_Bank_2010,HP04,HP04_258122755,https://www.frdr-dfdr.ca/repo/files/9/published/publication_961/submitted_data/01_Data/images/German_Bank_2010/HP04/HP04_258122755.JPG,[3],train,-66.32771139,43.54131445
German_Bank_2010,HP04,HP04_258122810,https://www.frdr-dfdr.ca/repo/files/9/published/publication_961/submitted_data/01_Data/images/German_Bank_2010/HP04/HP04_258122810.JPG,[3],train,-66.32790017,43.54121791
German_Bank_2010,HP05,HP05_256121726,https://www.frdr-dfdr.ca/repo/files/9/published/publication_961/submitted_data/01_Data/images/German_Bank_2010/HP05/HP05_256121726.JPG,[0],train,-66.70432612,43.50572301
German_Bank_2010,HP05,HP05_256121741,https://www.frdr-dfdr.ca/repo/files/9/published/publication_961/submitted_data/01_Data/images/German_Bank_2010/HP05/HP05_256121741.JPG,[0],train,-66.70432242,43.50560829
German_Bank_2010,HP05,HP05_256121758,https://www.frdr-dfdr.ca/repo/files/9/published/publication_961/submitted_data/01_Data/images/German_Bank_2010/HP05/HP05_256121758.JPG,[0],train,-66.7043197,43.50548045
German_Bank_2010,HP05,HP05_256121813,https://www.frdr-dfdr.ca/repo/files/9/published/publication_961/submitted_data/01_Data/images/German_Bank_2010/HP05/HP05_256121813.JPG,[0],train,-66.70431831,43.50536901
German_Bank_2010,HP05,HP05_256121829,https://www.frdr-dfdr.ca/repo/files/9/published/publication_961/submitted_data/01_Data/images/German_Bank_2010/HP05/HP05_256121829.JPG,[0],train,-66.70431764,43.50524903
German_Bank_2010,HP05,HP05_256121845,https://www.frdr-dfdr.ca/repo/files/9/published/publication_961/submitted_data/01_Data/images/German_Bank_2010/HP05/HP05_256121845.JPG,[0],train,-66.70431781,43.50513873
German_Bank_2010,HP05,HP05_256121900,https://www.frdr-dfdr.ca/repo/files/9/published/publication_961/submitted_data/01_Data/images/German_Bank_2010/HP05/HP05_256121900.JPG,[0],train,-66.70431884,43.50502971
German_Bank_2010,HP05,HP05_256121917,https://www.frdr-dfdr.ca/repo/files/9/published/publication_961/submitted_data/01_Data/images/German_Bank_2010/HP05/HP05_256121917.JPG,[0],train,-66.70432122,43.50490455
German_Bank_2010,HP05,HP05_256121932,https://www.frdr-dfdr.ca/repo/files/9/published/publication_961/submitted_data/01_Data/images/German_Bank_2010/HP05/HP05_256121932.JPG,[0],train,-66.7043242,43.50479799
German_Bank_2010,HP05,HP05_256121948,https://www.frdr-dfdr.ca/repo/files/9/published/publication_961/submitted_data/01_Data/images/German_Bank_2010/HP05/HP05_256121948.JPG,[0],train,-66.70432808,43.50468596
German_Bank_2010,HP05,HP05_256122004,https://www.frdr-dfdr.ca/repo/files/9/published/publication_961/submitted_data/01_Data/images/German_Bank_2010/HP05/HP05_256122004.JPG,[0],train,-66.70433271,43.50456603
German_Bank_2010,HP05,HP05_256122020,https://www.frdr-dfdr.ca/repo/files/9/published/publication_961/submitted_data/01_Data/images/German_Bank_2010/HP05/HP05_256122020.JPG,[0],dropped,-66.70433703,43.50445629
German_Bank_2010,HP05,HP05_256122037,https://www.frdr-dfdr.ca/repo/files/9/published/publication_961/submitted_data/01_Data/images/German_Bank_2010/HP05/HP05_256122037.JPG,[0],dropped,-66.70434036,43.50433992
German_Bank_2010,HP05,HP05_256122052,https://www.frdr-dfdr.ca/repo/files/9/published/publication_961/submitted_data/01_Data/images/German_Bank_2010/HP05/HP05_256122052.JPG,[0],dropped,-66.70434155,43.50424928
German_Bank_2010,HP05,HP05_256122108,https://www.frdr-dfdr.ca/repo/files/9/published/publication_961/submitted_data/01_Data/images/German_Bank_2010/HP05/HP05_256122108.JPG,[0],dropped,-66.70434134,43.50414064
German_Bank_2010,HP05,HP05_256122123,https://www.frdr-dfdr.ca/repo/files/9/published/publication_961/submitted_data/01_Data/images/German_Bank_2010/HP05/HP05_256122123.JPG,[0],test,-66.70433991,43.50404518
German_Bank_2010,HP05,HP05_256122140,https://www.frdr-dfdr.ca/repo/files/9/published/publication_961/submitted_data/01_Data/images/German_Bank_2010/HP05/HP05_256122140.JPG,[0],test,-66.70433709,43.50392445
German_Bank_2010,HP05,HP05_256122155,https://www.frdr-dfdr.ca/repo/files/9/published/publication_961/submitted_data/01_Data/images/German_Bank_2010/HP05/HP05_256122155.JPG,[0],test,-66.704334,43.50382445
German_Bank_2010,HP05,HP05_256122211,https://www.frdr-dfdr.ca/repo/files/9/published/publication_961/submitted_data/01_Data/images/German_Bank_2010/HP05/HP05_256122211.JPG,[0],test,-66.70432975,43.50371314
German_Bank_2010,HP05,HP05_256122227,https://www.frdr-dfdr.ca/repo/files/9/published/publication_961/submitted_data/01_Data/images/German_Bank_2010/HP05/HP05_256122227.JPG,[0],test,-66.7043247,43.50360545
German_Bank_2010,HP05,HP05_256122243,https://www.frdr-dfdr.ca/repo/files/9/published/publication_961/submitted_data/01_Data/images/German_Bank_2010/HP05/HP05_256122243.JPG,[0],test,-66.70431836,43.50349749
German_Bank_2010,HP05,HP05_256122259,https://www.frdr-dfdr.ca/repo/files/9/published/publication_961/submitted_data/01_Data/images/German_Bank_2010/HP05/HP05_256122259.JPG,[0],test,-66.70431072,43.50338693
German_Bank_2010,HP05,HP05_256122314,https://www.frdr-dfdr.ca/repo/files/9/published/publication_961/submitted_data/01_Data/images/German_Bank_2010/HP05/HP05_256122314.JPG,[0],test,-66.70430325,43.50329158
German_Bank_2010,HP05,HP05_256122330,https://www.frdr-dfdr.ca/repo/files/9/published/publication_961/submitted_data/01_Data/images/German_Bank_2010/HP05/HP05_256122330.JPG,[0],test,-66.70429417,43.50318268
German_Bank_2010,HP05,HP05_256122346,https://www.frdr-dfdr.ca/repo/files/9/published/publication_961/submitted_data/01_Data/images/German_Bank_2010/HP05/HP05_256122346.JPG,[0],dropped,-66.70428493,43.50307704
German_Bank_2010,HP05,HP05_256122403,https://www.frdr-dfdr.ca/repo/files/9/published/publication_961/submitted_data/01_Data/images/German_Bank_2010/HP05/HP05_256122403.JPG,[0],dropped,-66.70427418,43.50295535
German_Bank_2010,HP05,HP05_256122418,https://www.frdr-dfdr.ca/repo/files/9/published/publication_961/submitted_data/01_Data/images/German_Bank_2010/HP05/HP05_256122418.JPG,[0],dropped,-66.70426489,43.50285402
German_Bank_2010,HP05,HP05_256122434,https://www.frdr-dfdr.ca/repo/files/9/published/publication_961/submitted_data/01_Data/images/German_Bank_2010/HP05/HP05_256122434.JPG,[0],dropped,-66.70425358,43.50274095
German_Bank_2010,HP05,HP05_256122450,https://www.frdr-dfdr.ca/repo/files/9/published/publication_961/submitted_data/01_Data/images/German_Bank_2010/HP05/HP05_256122450.JPG,[0],train,-66.70424212,43.50263813
German_Bank_2010,HP05,HP05_256122506,https://www.frdr-dfdr.ca/repo/files/9/published/publication_961/submitted_data/01_Data/images/German_Bank_2010/HP05/HP05_256122506.JPG,[0],train,-66.70422871,43.50252768
German_Bank_2010,HP05,HP05_256122522,https://www.frdr-dfdr.ca/repo/files/9/published/publication_961/submitted_data/01_Data/images/German_Bank_2010/HP05/HP05_256122522.JPG,[0],train,-66.70421417,43.50241455
German_Bank_2010,HP05,HP05_256122538,https://www.frdr-dfdr.ca/repo/files/9/published/publication_961/submitted_data/01_Data/images/German_Bank_2010/HP05/HP05_256122538.JPG,[0],train,-66.70419887,43.50230162
German_Bank_2010,HP05,HP05_256122554,https://www.frdr-dfdr.ca/repo/files/9/published/publication_961/submitted_data/01_Data/images/German_Bank_2010/HP05/HP05_256122554.JPG,[0],train,-66.70418279,43.50218943
German_Bank_2010,HP05,HP05_256122609,https://www.frdr-dfdr.ca/repo/files/9/published/publication_961/submitted_data/01_Data/images/German_Bank_2010/HP05/HP05_256122609.JPG,[0],train,-66.70416689,43.50208646
German_Bank_2010,HP05,HP05_256122625,https://www.frdr-dfdr.ca/repo/files/9/published/publication_961/submitted_data/01_Data/images/German_Bank_2010/HP05/HP05_256122625.JPG,[0],train,-66.70414819,43.50197199
German_Bank_2010,HP05,HP05_256122641,https://www.frdr-dfdr.ca/repo/files/9/published/publication_961/submitted_data/01_Data/images/German_Bank_2010/HP05/HP05_256122641.JPG,[0],train,-66.70412734,43.50185161
German_Bank_2010,HP05,HP05_256122657,https://www.frdr-dfdr.ca/repo/files/9/published/publication_961/submitted_data/01_Data/images/German_Bank_2010/HP05/HP05_256122657.JPG,[0],train,-66.70410718,43.50174063
German_Bank_2010,HP05,HP05_256122713,https://www.frdr-dfdr.ca/repo/files/9/published/publication_961/submitted_data/01_Data/images/German_Bank_2010/HP05/HP05_256122713.JPG,[0],train,-66.7040866,43.50163386
German_Bank_2010,HP05,HP05_256122728,https://www.frdr-dfdr.ca/repo/files/9/published/publication_961/submitted_data/01_Data/images/German_Bank_2010/HP05/HP05_256122728.JPG,[0],train,-66.70406643,43.50153451
German_Bank_2010,HP05,HP05_256122744,https://www.frdr-dfdr.ca/repo/files/9/published/publication_961/submitted_data/01_Data/images/German_Bank_2010/HP05/HP05_256122744.JPG,[0],train,-66.70404298,43.50142455
German_Bank_2010,HP05,HP05_256122800,https://www.frdr-dfdr.ca/repo/files/9/published/publication_961/submitted_data/01_Data/images/German_Bank_2010/HP05/HP05_256122800.JPG,[0],train,-66.70401882,43.50131732
German_Bank_2010,HP05,HP05_256122816,https://www.frdr-dfdr.ca/repo/files/9/published/publication_961/submitted_data/01_Data/images/German_Bank_2010/HP05/HP05_256122816.JPG,[0],train,-66.70399235,43.50120639
German_Bank_2010,HP05,HP05_256122832,https://www.frdr-dfdr.ca/repo/files/9/published/publication_961/submitted_data/01_Data/images/German_Bank_2010/HP05/HP05_256122832.JPG,[0],train,-66.70396542,43.50109978
German_Bank_2010,HP05,HP05_256122848,https://www.frdr-dfdr.ca/repo/files/9/published/publication_961/submitted_data/01_Data/images/German_Bank_2010/HP05/HP05_256122848.JPG,[0],train,-66.70393836,43.50099672
German_Bank_2010,HP05,HP05_256122903,https://www.frdr-dfdr.ca/repo/files/9/published/publication_961/submitted_data/01_Data/images/German_Bank_2010/HP05/HP05_256122903.JPG,[0],train,-66.70391002,43.50089132
German_Bank_2010,HP05,HP05_256122920,https://www.frdr-dfdr.ca/repo/files/9/published/publication_961/submitted_data/01_Data/images/German_Bank_2010/HP05/HP05_256122920.JPG,[0],train,-66.70387814,43.50077595
German_Bank_2010,HP05,HP05_256122935,https://www.frdr-dfdr.ca/repo/files/9/published/publication_961/submitted_data/01_Data/images/German_Bank_2010/HP05/HP05_256122935.JPG,[0],train,-66.70384926,43.50067478
German_Bank_2010,HP05,HP05_256122951,https://www.frdr-dfdr.ca/repo/files/9/published/publication_961/submitted_data/01_Data/images/German_Bank_2010/HP05/HP05_256122951.JPG,[0],train,-66.70381651,43.50056388
German_Bank_2010,HP05,HP05_256123008,https://www.frdr-dfdr.ca/repo/files/9/published/publication_961/submitted_data/01_Data/images/German_Bank_2010/HP05/HP05_256123008.JPG,[0],train,-66.70378111,43.50044862
German_Bank_2010,HP05,HP05_256123023,https://www.frdr-dfdr.ca/repo/files/9/published/publication_961/submitted_data/01_Data/images/German_Bank_2010/HP05/HP05_256123023.JPG,[0],train,-66.70374744,43.50034262
German_Bank_2010,HP05,HP05_256123039,https://www.frdr-dfdr.ca/repo/files/9/published/publication_961/submitted_data/01_Data/images/German_Bank_2010/HP05/HP05_256123039.JPG,[0],train,-66.7037148,43.5002415
German_Bank_2010,HP05,HP05_256123055,https://www.frdr-dfdr.ca/repo/files/9/published/publication_961/submitted_data/01_Data/images/German_Bank_2010/HP05/HP05_256123055.JPG,[0],train,-66.70367882,43.5001295
German_Bank_2010,HP05,HP05_256123110,https://www.frdr-dfdr.ca/repo/files/9/published/publication_961/submitted_data/01_Data/images/German_Bank_2010/HP05/HP05_256123110.JPG,[0],train,-66.70364572,43.50002436
German_Bank_2010,HP05,HP05_256123127,https://www.frdr-dfdr.ca/repo/files/9/published/publication_961/submitted_data/01_Data/images/German_Bank_2010/HP05/HP05_256123127.JPG,[0],train,-66.70360121,43.49988105
German_Bank_2010,HP07,HP07_257125508,https://www.frdr-dfdr.ca/repo/files/9/published/publication_961/submitted_data/01_Data/images/German_Bank_2010/HP07/HP07_257125508.JPG,[0],test,-66.56313093,43.43191221
German_Bank_2010,HP07,HP07_257125524,https://www.frdr-dfdr.ca/repo/files/9/published/publication_961/submitted_data/01_Data/images/German_Bank_2010/HP07/HP07_257125524.JPG,[0],test,-66.56305956,43.43201338
German_Bank_2010,HP07,HP07_257125540,https://www.frdr-dfdr.ca/repo/files/9/published/publication_961/submitted_data/01_Data/images/German_Bank_2010/HP07/HP07_257125540.JPG,[0],dropped,-66.56298556,43.43211858
German_Bank_2010,HP07,HP07_257125556,https://www.frdr-dfdr.ca/repo/files/9/published/publication_961/submitted_data/01_Data/images/German_Bank_2010/HP07/HP07_257125556.JPG,[0],dropped,-66.56290112,43.43224782
German_Bank_2010,HP07,HP07_257125612,https://www.frdr-dfdr.ca/repo/files/9/published/publication_961/submitted_data/01_Data/images/German_Bank_2010/HP07/HP07_257125612.JPG,[0],dropped,-66.56280545,43.43241265
German_Bank_2010,HP07,HP07_257125627,https://www.frdr-dfdr.ca/repo/files/9/published/publication_961/submitted_data/01_Data/images/German_Bank_2010/HP07/HP07_257125627.JPG,[0],train,-66.56272661,43.43257074
German_Bank_2010,HP07,HP07_257125643,https://www.frdr-dfdr.ca/repo/files/9/published/publication_961/submitted_data/01_Data/images/German_Bank_2010/HP07/HP07_257125643.JPG,[0],train,-66.56265429,43.43275096
German_Bank_2010,HP07,HP07_257125659,https://www.frdr-dfdr.ca/repo/files/9/published/publication_961/submitted_data/01_Data/images/German_Bank_2010/HP07/HP07_257125659.JPG,[0],train,-66.56259348,43.4329474
German_Bank_2010,HP07,HP07_257125715,https://www.frdr-dfdr.ca/repo/files/9/published/publication_961/submitted_data/01_Data/images/German_Bank_2010/HP07/HP07_257125715.JPG,[0],train,-66.56254408,43.4331529
German_Bank_2010,HP07,HP07_257125731,https://www.frdr-dfdr.ca/repo/files/9/published/publication_961/submitted_data/01_Data/images/German_Bank_2010/HP07/HP07_257125731.JPG,[0],train,-66.56250265,43.43337064
German_Bank_2010,HP07,HP07_257125747,https://www.frdr-dfdr.ca/repo/files/9/published/publication_961/submitted_data/01_Data/images/German_Bank_2010/HP07/HP07_257125747.JPG,[0],train,-66.56247187,43.43356991
German_Bank_2010,HP07,HP07_257125802,https://www.frdr-dfdr.ca/repo/files/9/published/publication_961/submitted_data/01_Data/images/German_Bank_2010/HP07/HP07_257125802.JPG,[0],train,-66.56244973,43.43374496
German_Bank_2010,HP07,HP07_257125818,https://www.frdr-dfdr.ca/repo/files/9/published/publication_961/submitted_data/01_Data/images/German_Bank_2010/HP07/HP07_257125818.JPG,[0],train,-66.56243049,43.43392949
German_Bank_2010,HP07,HP07_257125834,https://www.frdr-dfdr.ca/repo/files/9/published/publication_961/submitted_data/01_Data/images/German_Bank_2010/HP07/HP07_257125834.JPG,[0],train,-66.56241371,43.4341044
German_Bank_2010,HP07,HP07_257125850,https://www.frdr-dfdr.ca/repo/files/9/published/publication_961/submitted_data/01_Data/images/German_Bank_2010/HP07/HP07_257125850.JPG,[0],train,-66.56239737,43.43428052
German_Bank_2010,HP07,HP07_257125906,https://www.frdr-dfdr.ca/repo/files/9/published/publication_961/submitted_data/01_Data/images/German_Bank_2010/HP07/HP07_257125906.JPG,[0],train,-66.56238541,43.43443618
German_Bank_2010,HP07,HP07_257125922,https://www.frdr-dfdr.ca/repo/files/9/published/publication_961/submitted_data/01_Data/images/German_Bank_2010/HP07/HP07_257125922.JPG,[0],train,-66.5623785,43.43458548
German_Bank_2010,HP07,HP07_257125938,https://www.frdr-dfdr.ca/repo/files/9/published/publication_961/submitted_data/01_Data/images/German_Bank_2010/HP07/HP07_257125938.JPG,[0],train,-66.56237825,43.43472046
German_Bank_2010,HP07,HP07_257125953,https://www.frdr-dfdr.ca/repo/files/9/published/publication_961/submitted_data/01_Data/images/German_Bank_2010/HP07/HP07_257125953.JPG,[0],train,-66.56238361,43.43485091
German_Bank_2010,HP07,HP07_257130010,https://www.frdr-dfdr.ca/repo/files/9/published/publication_961/submitted_data/01_Data/images/German_Bank_2010/HP07/HP07_257130010.JPG,[0],train,-66.56239602,43.43500741
German_Bank_2010,HP07,HP07_257130025,https://www.frdr-dfdr.ca/repo/files/9/published/publication_961/submitted_data/01_Data/images/German_Bank_2010/HP07/HP07_257130025.JPG,[0],train,-66.56241227,43.43515288
German_Bank_2010,HP07,HP07_257130041,https://www.frdr-dfdr.ca/repo/files/9/published/publication_961/submitted_data/01_Data/images/German_Bank_2010/HP07/HP07_257130041.JPG,[0],train,-66.56243128,43.4352898
German_Bank_2010,HP07,HP07_257130057,https://www.frdr-dfdr.ca/repo/files/9/published/publication_961/submitted_data/01_Data/images/German_Bank_2010/HP07/HP07_257130057.JPG,[0],train,-66.56245544,43.43543467
German_Bank_2010,HP07,HP07_257130113,https://www.frdr-dfdr.ca/repo/files/9/published/publication_961/submitted_data/01_Data/images/German_Bank_2010/HP07/HP07_257130113.JPG,[0],train,-66.56248404,43.43558048
German_Bank_2010,HP07,HP07_257130129,https://www.frdr-dfdr.ca/repo/files/9/published/publication_961/submitted_data/01_Data/images/German_Bank_2010/HP07/HP07_257130129.JPG,[0],train,-66.56251752,43.43573077
German_Bank_2010,HP07,HP07_257130145,https://www.frdr-dfdr.ca/repo/files/9/published/publication_961/submitted_data/01_Data/images/German_Bank_2010/HP07/HP07_257130145.JPG,[0],train,-66.56255546,43.4358865
German_Bank_2010,HP07,HP07_257130201,https://www.frdr-dfdr.ca/repo/files/9/published/publication_961/submitted_data/01_Data/images/German_Bank_2010/HP07/HP07_257130201.JPG,[0],train,-66.56259537,43.43604087
German_Bank_2010,HP07,HP07_257130217,https://www.frdr-dfdr.ca/repo/files/9/published/publication_961/submitted_data/01_Data/images/German_Bank_2010/HP07/HP07_257130217.JPG,[0],train,-66.56263643,43.4361945
German_Bank_2010,HP07,HP07_257130232,https://www.frdr-dfdr.ca/repo/files/9/published/publication_961/submitted_data/01_Data/images/German_Bank_2010/HP07/HP07_257130232.JPG,[0],dropped,-66.56267748,43.43634524
German_Bank_2010,HP07,HP07_257130248,https://www.frdr-dfdr.ca/repo/files/9/published/publication_961/submitted_data/01_Data/images/German_Bank_2010/HP07/HP07_257130248.JPG,[0],dropped,-66.5627216,43.43650461
German_Bank_2010,HP07,HP07_257130304,https://www.frdr-dfdr.ca/repo/files/9/published/publication_961/submitted_data/01_Data/images/German_Bank_2010/HP07/HP07_257130304.JPG,[0],test,-66.56276665,43.43666404
German_Bank_2010,HP07,HP07_257130320,https://www.frdr-dfdr.ca/repo/files/9/published/publication_961/submitted_data/01_Data/images/German_Bank_2010/HP07/HP07_257130320.JPG,[0],test,-66.56280933,43.43681065
German_Bank_2010,HP07,HP07_257130336,https://www.frdr-dfdr.ca/repo/files/9/published/publication_961/submitted_data/01_Data/images/German_Bank_2010/HP07/HP07_257130336.JPG,[0],test,-66.56285556,43.43696564
German_Bank_2010,HP07,HP07_257130352,https://www.frdr-dfdr.ca/repo/files/9/published/publication_961/submitted_data/01_Data/images/German_Bank_2010/HP07/HP07_257130352.JPG,[0],test,-66.56290408,43.4371268
German_Bank_2010,HP07,HP07_257130408,https://www.frdr-dfdr.ca/repo/files/9/published/publication_961/submitted_data/01_Data/images/German_Bank_2010/HP07/HP07_257130408.JPG,[0],test,-66.56295185,43.43728595
German_Bank_2010,HP07,HP07_257130424,https://www.frdr-dfdr.ca/repo/files/9/published/publication_961/submitted_data/01_Data/images/German_Bank_2010/HP07/HP07_257130424.JPG,[0],test,-66.56299912,43.43744624
German_Bank_2010,HP07,HP07_257130439,https://www.frdr-dfdr.ca/repo/files/9/published/publication_961/submitted_data/01_Data/images/German_Bank_2010/HP07/HP07_257130439.JPG,[0],test,-66.56304337,43.43759827
German_Bank_2010,HP07,HP07_257130455,https://www.frdr-dfdr.ca/repo/files/9/published/publication_961/submitted_data/01_Data/images/German_Bank_2010/HP07/HP07_257130455.JPG,[0],test,-66.56308784,43.43775112
German_Bank_2010,HP07,HP07_257130511,https://www.frdr-dfdr.ca/repo/files/9/published/publication_961/submitted_data/01_Data/images/German_Bank_2010/HP07/HP07_257130511.JPG,[0],test,-66.56313629,43.43791639
German_Bank_2010,HP07,HP07_257130527,https://www.frdr-dfdr.ca/repo/files/9/published/publication_961/submitted_data/01_Data/images/German_Bank_2010/HP07/HP07_257130527.JPG,[0],test,-66.56318108,43.43806952
German_Bank_2010,HP07,HP07_257130543,https://www.frdr-dfdr.ca/repo/files/9/published/publication_961/submitted_data/01_Data/images/German_Bank_2010/HP07/HP07_257130543.JPG,[0],test,-66.56322732,43.43822961
German_Bank_2010,HP07,HP07_257130559,https://www.frdr-dfdr.ca/repo/files/9/published/publication_961/submitted_data/01_Data/images/German_Bank_2010/HP07/HP07_257130559.JPG,[0],test,-66.56327239,43.43838991
German_Bank_2010,HP07,HP07_257130615,https://www.frdr-dfdr.ca/repo/files/9/published/publication_961/submitted_data/01_Data/images/German_Bank_2010/HP07/HP07_257130615.JPG,[0],test,-66.56331564,43.43854933
German_Bank_2010,HP07,HP07_257130630,https://www.frdr-dfdr.ca/repo/files/9/published/publication_961/submitted_data/01_Data/images/German_Bank_2010/HP07/HP07_257130630.JPG,[0],test,-66.56335549,43.43869914
German_Bank_2010,HP07,HP07_257130646,https://www.frdr-dfdr.ca/repo/files/9/published/publication_961/submitted_data/01_Data/images/German_Bank_2010/HP07/HP07_257130646.JPG,[0],dropped,-66.56339606,43.43885103
German_Bank_2010,HP07,HP07_257130702,https://www.frdr-dfdr.ca/repo/files/9/published/publication_961/submitted_data/01_Data/images/German_Bank_2010/HP07/HP07_257130702.JPG,[0],dropped,-66.56343692,43.43900274
German_Bank_2010,HP07,HP07_257130718,https://www.frdr-dfdr.ca/repo/files/9/published/publication_961/submitted_data/01_Data/images/German_Bank_2010/HP07/HP07_257130718.JPG,[0],train,-66.56348112,43.43916476
German_Bank_2010,HP07,HP07_257130734,https://www.frdr-dfdr.ca/repo/files/9/published/publication_961/submitted_data/01_Data/images/German_Bank_2010/HP07/HP07_257130734.JPG,[0],train,-66.56352415,43.43932247
German_Bank_2010,HP07,HP07_257130750,https://www.frdr-dfdr.ca/repo/files/9/published/publication_961/submitted_data/01_Data/images/German_Bank_2010/HP07/HP07_257130750.JPG,[0],train,-66.56356774,43.43948322
German_Bank_2010,HP07,HP07_257130806,https://www.frdr-dfdr.ca/repo/files/9/published/publication_961/submitted_data/01_Data/images/German_Bank_2010/HP07/HP07_257130806.JPG,[0],train,-66.56361207,43.43964749
German_Bank_2010,HP07,HP07_257130821,https://www.frdr-dfdr.ca/repo/files/9/published/publication_961/submitted_data/01_Data/images/German_Bank_2010/HP07/HP07_257130821.JPG,[0],train,-66.56365025,43.43978722
German_Bank_2010,HP07,HP07_257130837,https://www.frdr-dfdr.ca/repo/files/9/published/publication_961/submitted_data/01_Data/images/German_Bank_2010/HP07/HP07_257130837.JPG,[0],train,-66.56369794,43.43995754
German_Bank_2010,HP07,HP07_257130853,https://www.frdr-dfdr.ca/repo/files/9/published/publication_961/submitted_data/01_Data/images/German_Bank_2010/HP07/HP07_257130853.JPG,[0],train,-66.56374487,43.44012329
German_Bank_2010,HP07,HP07_257130909,https://www.frdr-dfdr.ca/repo/files/9/published/publication_961/submitted_data/01_Data/images/German_Bank_2010/HP07/HP07_257130909.JPG,[0],train,-66.56379041,43.44028718
German_Bank_2010,HP07,HP07_257130925,https://www.frdr-dfdr.ca/repo/files/9/published/publication_961/submitted_data/01_Data/images/German_Bank_2010/HP07/HP07_257130925.JPG,[0],train,-66.56384366,43.44048087
German_Bank_2010,HP08,HP08_261123326,https://www.frdr-dfdr.ca/repo/files/9/published/publication_961/submitted_data/01_Data/images/German_Bank_2010/HP08/HP08_261123326.JPG,[4],train,-66.17015109,43.47733647
German_Bank_2010,HP08,HP08_261123342,https://www.frdr-dfdr.ca/repo/files/9/published/publication_961/submitted_data/01_Data/images/German_Bank_2010/HP08/HP08_261123342.JPG,[4],train,-66.17013815,43.47715032
German_Bank_2010,HP08,HP08_261123358,https://www.frdr-dfdr.ca/repo/files/9/published/publication_961/submitted_data/01_Data/images/German_Bank_2010/HP08/HP08_261123358.JPG,[4],train,-66.17014177,43.47692741
German_Bank_2010,HP08,HP08_261123413,https://www.frdr-dfdr.ca/repo/files/9/published/publication_961/submitted_data/01_Data/images/German_Bank_2010/HP08/HP08_261123413.JPG,[4],train,-66.17014285,43.47672187
German_Bank_2010,HP08,HP08_261123429,https://www.frdr-dfdr.ca/repo/files/9/published/publication_961/submitted_data/01_Data/images/German_Bank_2010/HP08/HP08_261123429.JPG,[4],train,-66.17012944,43.47652062
German_Bank_2010,HP08,HP08_261123445,https://www.frdr-dfdr.ca/repo/files/9/published/publication_961/submitted_data/01_Data/images/German_Bank_2010/HP08/HP08_261123445.JPG,[4],train,-66.17010655,43.47634712
German_Bank_2010,HP08,HP08_261123502,https://www.frdr-dfdr.ca/repo/files/9/published/publication_961/submitted_data/01_Data/images/German_Bank_2010/HP08/HP08_261123502.JPG,[4],train,-66.17007435,43.47616988
German_Bank_2010,HP08,HP08_261123517,https://www.frdr-dfdr.ca/repo/files/9/published/publication_961/submitted_data/01_Data/images/German_Bank_2010/HP08/HP08_261123517.JPG,[4],train,-66.17003937,43.47601462
German_Bank_2010,HP08,HP08_261123533,https://www.frdr-dfdr.ca/repo/files/9/published/publication_961/submitted_data/01_Data/images/German_Bank_2010/HP08/HP08_261123533.JPG,[4],train,-66.16999896,43.47585993
German_Bank_2010,HP08,HP08_261123546,https://www.frdr-dfdr.ca/repo/files/9/published/publication_961/submitted_data/01_Data/images/German_Bank_2010/HP08/HP08_261123546.JPG,[4],train,-66.16995977,43.47572679
German_Bank_2010,HP08,HP08_261123550,https://www.frdr-dfdr.ca/repo/files/9/published/publication_961/submitted_data/01_Data/images/German_Bank_2010/HP08/HP08_261123550.JPG,[4],train,-66.16994825,43.47568897
German_Bank_2010,HP08,HP08_261123604,https://www.frdr-dfdr.ca/repo/files/9/published/publication_961/submitted_data/01_Data/images/German_Bank_2010/HP08/HP08_261123604.JPG,[4],train,-66.1699037,43.47555024
German_Bank_2010,HP08,HP08_261123620,https://www.frdr-dfdr.ca/repo/files/9/published/publication_961/submitted_data/01_Data/images/German_Bank_2010/HP08/HP08_261123620.JPG,[4],train,-66.16985364,43.47539987
German_Bank_2010,HP08,HP08_261123636,https://www.frdr-dfdr.ca/repo/files/9/published/publication_961/submitted_data/01_Data/images/German_Bank_2010/HP08/HP08_261123636.JPG,[4],train,-66.16980219,43.47524601
German_Bank_2010,HP08,HP08_261123639,https://www.frdr-dfdr.ca/repo/files/9/published/publication_961/submitted_data/01_Data/images/German_Bank_2010/HP08/HP08_261123639.JPG,[4],train,-66.16979234,43.47521544
German_Bank_2010,HP08,HP08_261123652,https://www.frdr-dfdr.ca/repo/files/9/published/publication_961/submitted_data/01_Data/images/German_Bank_2010/HP08/HP08_261123652.JPG,[4],dropped,-66.1697509,43.47508967
German_Bank_2010,HP08,HP08_261123707,https://www.frdr-dfdr.ca/repo/files/9/published/publication_961/submitted_data/01_Data/images/German_Bank_2010/HP08/HP08_261123707.JPG,[4],dropped,-66.16970292,43.4749424
German_Bank_2010,HP08,HP08_261123724,https://www.frdr-dfdr.ca/repo/files/9/published/publication_961/submitted_data/01_Data/images/German_Bank_2010/HP08/HP08_261123724.JPG,[4],test,-66.16964761,43.47477498
German_Bank_2010,HP08,HP08_261123740,https://www.frdr-dfdr.ca/repo/files/9/published/publication_961/submitted_data/01_Data/images/German_Bank_2010/HP08/HP08_261123740.JPG,[4],test,-66.16959406,43.47461766
German_Bank_2010,HP08,HP08_261123755,https://www.frdr-dfdr.ca/repo/files/9/published/publication_961/submitted_data/01_Data/images/German_Bank_2010/HP08/HP08_261123755.JPG,[4],test,-66.16954316,43.47446959
German_Bank_2010,HP08,HP08_261123811,https://www.frdr-dfdr.ca/repo/files/9/published/publication_961/submitted_data/01_Data/images/German_Bank_2010/HP08/HP08_261123811.JPG,[4],test,-66.16948921,43.47431024
German_Bank_2010,HP08,HP08_261123827,https://www.frdr-dfdr.ca/repo/files/9/published/publication_961/submitted_data/01_Data/images/German_Bank_2010/HP08/HP08_261123827.JPG,[4],test,-66.16943861,43.47415868
German_Bank_2010,HP08,HP08_261123843,https://www.frdr-dfdr.ca/repo/files/9/published/publication_961/submitted_data/01_Data/images/German_Bank_2010/HP08/HP08_261123843.JPG,[4],test,-66.16938638,43.47399943
German_Bank_2010,HP08,HP08_261123859,https://www.frdr-dfdr.ca/repo/files/9/published/publication_961/submitted_data/01_Data/images/German_Bank_2010/HP08/HP08_261123859.JPG,[4],test,-66.1693339,43.47383642
German_Bank_2010,HP08,HP08_261123915,https://www.frdr-dfdr.ca/repo/files/9/published/publication_961/submitted_data/01_Data/images/German_Bank_2010/HP08/HP08_261123915.JPG,[4],test,-66.16927971,43.4736684
German_Bank_2010,HP08,HP08_261123931,https://www.frdr-dfdr.ca/repo/files/9/published/publication_961/submitted_data/01_Data/images/German_Bank_2010/HP08/HP08_261123931.JPG,[4],test,-66.16922822,43.47351063
German_Bank_2010,HP08,HP08_261123947,https://www.frdr-dfdr.ca/repo/files/9/published/publication_961/submitted_data/01_Data/images/German_Bank_2010/HP08/HP08_261123947.JPG,[4],test,-66.1691758,43.47335125
German_Bank_2010,HP08,HP08_261123957,https://www.frdr-dfdr.ca/repo/files/9/published/publication_961/submitted_data/01_Data/images/German_Bank_2010/HP08/HP08_261123957.JPG,[4],test,-66.16914395,43.47325182
German_Bank_2010,HP08,HP08_261124002,https://www.frdr-dfdr.ca/repo/files/9/published/publication_961/submitted_data/01_Data/images/German_Bank_2010/HP08/HP08_261124002.JPG,[4],test,-66.16912993,43.47320824
German_Bank_2010,HP08,HP08_261124018,https://www.frdr-dfdr.ca/repo/files/9/published/publication_961/submitted_data/01_Data/images/German_Bank_2010/HP08/HP08_261124018.JPG,[4],dropped,-66.16907861,43.47304363
German_Bank_2010,HP08,HP08_261124034,https://www.frdr-dfdr.ca/repo/files/9/published/publication_961/submitted_data/01_Data/images/German_Bank_2010/HP08/HP08_261124034.JPG,[4],dropped,-66.16902884,43.47288348
German_Bank_2010,HP08,HP08_261124049,https://www.frdr-dfdr.ca/repo/files/9/published/publication_961/submitted_data/01_Data/images/German_Bank_2010/HP08/HP08_261124049.JPG,[4],dropped,-66.1689799,43.47272893
German_Bank_2010,HP08,HP08_261124105,https://www.frdr-dfdr.ca/repo/files/9/published/publication_961/submitted_data/01_Data/images/German_Bank_2010/HP08/HP08_261124105.JPG,[4],test,-66.16892993,43.47257187
German_Bank_2010,HP08,HP08_261124121,https://www.frdr-dfdr.ca/repo/files/9/published/publication_961/submitted_data/01_Data/images/German_Bank_2010/HP08/HP08_261124121.JPG,[4],test,-66.16887602,43.47240396
German_Bank_2010,HP08,HP08_261124137,https://www.frdr-dfdr.ca/repo/files/9/published/publication_961/submitted_data/01_Data/images/German_Bank_2010/HP08/HP08_261124137.JPG,[4],test,-66.1688243,43.47223985
German_Bank_2010,HP08,HP08_261124152,https://www.frdr-dfdr.ca/repo/files/9/published/publication_961/submitted_data/01_Data/images/German_Bank_2010/HP08/HP08_261124152.JPG,[4],test,-66.16877558,43.47208641
German_Bank_2010,HP08,HP08_261124205,https://www.frdr-dfdr.ca/repo/files/9/published/publication_961/submitted_data/01_Data/images/German_Bank_2010/HP08/HP08_261124205.JPG,[4],test,-66.16873162,43.47195173
German_Bank_2010,HP08,HP08_261124209,https://www.frdr-dfdr.ca/repo/files/9/published/publication_961/submitted_data/01_Data/images/German_Bank_2010/HP08/HP08_261124209.JPG,[4],test,-66.16871651,43.47190642
German_Bank_2010,HP08,HP08_261124224,https://www.frdr-dfdr.ca/repo/files/9/published/publication_961/submitted_data/01_Data/images/German_Bank_2010/HP08/HP08_261124224.JPG,[4],test,-66.16865833,43.47173537
German_Bank_2010,HP08,HP08_261124240,https://www.frdr-dfdr.ca/repo/files/9/published/publication_961/submitted_data/01_Data/images/German_Bank_2010/HP08/HP08_261124240.JPG,[4],test,-66.1686036,43.47158098
German_Bank_2010,HP08,HP08_261124256,https://www.frdr-dfdr.ca/repo/files/9/published/publication_961/submitted_data/01_Data/images/German_Bank_2010/HP08/HP08_261124256.JPG,[4],test,-66.16854916,43.47142748
German_Bank_2010,HP08,HP08_261124311,https://www.frdr-dfdr.ca/repo/files/9/published/publication_961/submitted_data/01_Data/images/German_Bank_2010/HP08/HP08_261124311.JPG,[4],test,-66.16850516,43.47129948
German_Bank_2010,HP08,HP08_261124328,https://www.frdr-dfdr.ca/repo/files/9/published/publication_961/submitted_data/01_Data/images/German_Bank_2010/HP08/HP08_261124328.JPG,[4],test,-66.16845255,43.47113959
German_Bank_2010,HP08,HP08_261124341,https://www.frdr-dfdr.ca/repo/files/9/published/publication_961/submitted_data/01_Data/images/German_Bank_2010/HP08/HP08_261124341.JPG,[4],test,-66.16841223,43.4710136
German_Bank_2010,HP08,HP08_261124359,https://www.frdr-dfdr.ca/repo/files/9/published/publication_961/submitted_data/01_Data/images/German_Bank_2010/HP08/HP08_261124359.JPG,[4],test,-66.16835277,43.47082886
German_Bank_2010,HP08,HP08_261124414,https://www.frdr-dfdr.ca/repo/files/9/published/publication_961/submitted_data/01_Data/images/German_Bank_2010/HP08/HP08_261124414.JPG,[4],test,-66.16830183,43.47067224
German_Bank_2010,HP08,HP08_261124430,https://www.frdr-dfdr.ca/repo/files/9/published/publication_961/submitted_data/01_Data/images/German_Bank_2010/HP08/HP08_261124430.JPG,[4],test,-66.16824659,43.4705081
German_Bank_2010,HP08,HP08_261124446,https://www.frdr-dfdr.ca/repo/files/9/published/publication_961/submitted_data/01_Data/images/German_Bank_2010/HP08/HP08_261124446.JPG,[4],test,-66.16818886,43.47034299
German_Bank_2010,HP08,HP08_261124502,https://www.frdr-dfdr.ca/repo/files/9/published/publication_961/submitted_data/01_Data/images/German_Bank_2010/HP08/HP08_261124502.JPG,[4],dropped,-66.16813253,43.47018111
German_Bank_2010,HP08,HP08_261124513,https://www.frdr-dfdr.ca/repo/files/9/published/publication_961/submitted_data/01_Data/images/German_Bank_2010/HP08/HP08_261124513.JPG,[4],dropped,-66.16809415,43.47006967
German_Bank_2010,HP08,HP08_261124518,https://www.frdr-dfdr.ca/repo/files/9/published/publication_961/submitted_data/01_Data/images/German_Bank_2010/HP08/HP08_261124518.JPG,[4],dropped,-66.16807311,43.47000824
German_Bank_2010,HP08,HP08_261124533,https://www.frdr-dfdr.ca/repo/files/9/published/publication_961/submitted_data/01_Data/images/German_Bank_2010/HP08/HP08_261124533.JPG,[4],train,-66.16801618,43.46984359
German_Bank_2010,HP08,HP08_261124548,https://www.frdr-dfdr.ca/repo/files/9/published/publication_961/submitted_data/01_Data/images/German_Bank_2010/HP08/HP08_261124548.JPG,[4],train,-66.1679701,43.46970878
German_Bank_2010,HP08,HP08_261124554,https://www.frdr-dfdr.ca/repo/files/9/published/publication_961/submitted_data/01_Data/images/German_Bank_2010/HP08/HP08_261124554.JPG,[4],train,-66.16795029,43.46965043
German_Bank_2010,HP08,HP08_261124605,https://www.frdr-dfdr.ca/repo/files/9/published/publication_961/submitted_data/01_Data/images/German_Bank_2010/HP08/HP08_261124605.JPG,[4],train,-66.16791262,43.46954001
German_Bank_2010,HP08,HP08_261124620,https://www.frdr-dfdr.ca/repo/files/9/published/publication_961/submitted_data/01_Data/images/German_Bank_2010/HP08/HP08_261124620.JPG,[4],train,-66.16786453,43.46939335
German_Bank_2010,HP08,HP08_261124637,https://www.frdr-dfdr.ca/repo/files/9/published/publication_961/submitted_data/01_Data/images/German_Bank_2010/HP08/HP08_261124637.JPG,[4],train,-66.16781633,43.46922736
German_Bank_2010,HP08,HP08_261124647,https://www.frdr-dfdr.ca/repo/files/9/published/publication_961/submitted_data/01_Data/images/German_Bank_2010/HP08/HP08_261124647.JPG,[4],train,-66.16778892,43.46912134
German_Bank_2010,HP08,HP08_261124652,https://www.frdr-dfdr.ca/repo/files/9/published/publication_961/submitted_data/01_Data/images/German_Bank_2010/HP08/HP08_261124652.JPG,[4],train,-66.16777744,43.46907316
German_Bank_2010,HP08,HP08_261124707,https://www.frdr-dfdr.ca/repo/files/9/published/publication_961/submitted_data/01_Data/images/German_Bank_2010/HP08/HP08_261124707.JPG,[4],train,-66.16774275,43.46892144
German_Bank_2010,HP08,HP08_261124723,https://www.frdr-dfdr.ca/repo/files/9/published/publication_961/submitted_data/01_Data/images/German_Bank_2010/HP08/HP08_261124723.JPG,[4],train,-66.16770491,43.46874915
German_Bank_2010,HP08,HP08_261124739,https://www.frdr-dfdr.ca/repo/files/9/published/publication_961/submitted_data/01_Data/images/German_Bank_2010/HP08/HP08_261124739.JPG,[4],train,-66.16767004,43.46858651
German_Bank_2010,HP08,HP08_261124755,https://www.frdr-dfdr.ca/repo/files/9/published/publication_961/submitted_data/01_Data/images/German_Bank_2010/HP08/HP08_261124755.JPG,[4],train,-66.16763717,43.4684281
German_Bank_2010,HP13,HP13_258165045,https://www.frdr-dfdr.ca/repo/files/9/published/publication_961/submitted_data/01_Data/images/German_Bank_2010/HP13/HP13_258165045.JPG,[3],train,-66.43406709,43.323731
German_Bank_2010,HP13,HP13_258165100,https://www.frdr-dfdr.ca/repo/files/9/published/publication_961/submitted_data/01_Data/images/German_Bank_2010/HP13/HP13_258165100.JPG,[3],train,-66.43398963,43.32367019
German_Bank_2010,HP13,HP13_258165116,https://www.frdr-dfdr.ca/repo/files/9/published/publication_961/submitted_data/01_Data/images/German_Bank_2010/HP13/HP13_258165116.JPG,[3],train,-66.43381928,43.32353566
German_Bank_2010,HP13,HP13_258165132,https://www.frdr-dfdr.ca/repo/files/9/published/publication_961/submitted_data/01_Data/images/German_Bank_2010/HP13/HP13_258165132.JPG,[3],train,-66.4336127,43.32338007
German_Bank_2010,HP13,HP13_258165148,https://www.frdr-dfdr.ca/repo/files/9/published/publication_961/submitted_data/01_Data/images/German_Bank_2010/HP13/HP13_258165148.JPG,[2],train,-66.43344699,43.32326206
German_Bank_2010,HP13,HP13_258165204,https://www.frdr-dfdr.ca/repo/files/9/published/publication_961/submitted_data/01_Data/images/German_Bank_2010/HP13/HP13_258165204.JPG,[2],train,-66.43330063,43.32315835
German_Bank_2010,HP13,HP13_258165220,https://www.frdr-dfdr.ca/repo/files/9/published/publication_961/submitted_data/01_Data/images/German_Bank_2010/HP13/HP13_258165220.JPG,[2],train,-66.4331872,43.3230765
German_Bank_2010,HP13,HP13_258165235,https://www.frdr-dfdr.ca/repo/files/9/published/publication_961/submitted_data/01_Data/images/German_Bank_2010/HP13/HP13_258165235.JPG,[2],train,-66.43307124,43.32299249
German_Bank_2010,HP13,HP13_258165251,https://www.frdr-dfdr.ca/repo/files/9/published/publication_961/submitted_data/01_Data/images/German_Bank_2010/HP13/HP13_258165251.JPG,[2],train,-66.43293695,43.32289688
German_Bank_2010,HP13,HP13_258165307,https://www.frdr-dfdr.ca/repo/files/9/published/publication_961/submitted_data/01_Data/images/German_Bank_2010/HP13/HP13_258165307.JPG,[2],train,-66.43280245,43.3228068
German_Bank_2010,HP13,HP13_258165323,https://www.frdr-dfdr.ca/repo/files/9/published/publication_961/submitted_data/01_Data/images/German_Bank_2010/HP13/HP13_258165323.JPG,[3],train,-66.43265503,43.32271225
German_Bank_2010,HP13,HP13_258165339,https://www.frdr-dfdr.ca/repo/files/9/published/publication_961/submitted_data/01_Data/images/German_Bank_2010/HP13/HP13_258165339.JPG,[3],train,-66.43250102,43.32261658
German_Bank_2010,HP13,HP13_258165354,https://www.frdr-dfdr.ca/repo/files/9/published/publication_961/submitted_data/01_Data/images/German_Bank_2010/HP13/HP13_258165354.JPG,[3],train,-66.43235529,43.32253078
German_Bank_2010,HP13,HP13_258165411,https://www.frdr-dfdr.ca/repo/files/9/published/publication_961/submitted_data/01_Data/images/German_Bank_2010/HP13/HP13_258165411.JPG,[3],train,-66.43219253,43.32243631
German_Bank_2010,HP13,HP13_258165418,https://www.frdr-dfdr.ca/repo/files/9/published/publication_961/submitted_data/01_Data/images/German_Bank_2010/HP13/HP13_258165418.JPG,[3],train,-66.43212008,43.32239257
German_Bank_2010,HP13,HP13_258165427,https://www.frdr-dfdr.ca/repo/files/9/published/publication_961/submitted_data/01_Data/images/German_Bank_2010/HP13/HP13_258165427.JPG,[3],train,-66.43203662,43.32234064
German_Bank_2010,HP13,HP13_258165442,https://www.frdr-dfdr.ca/repo/files/9/published/publication_961/submitted_data/01_Data/images/German_Bank_2010/HP13/HP13_258165442.JPG,[3],train,-66.43189437,43.3222484
German_Bank_2010,HP13,HP13_258165458,https://www.frdr-dfdr.ca/repo/files/9/published/publication_961/submitted_data/01_Data/images/German_Bank_2010/HP13/HP13_258165458.JPG,[3],dropped,-66.4317436,43.32214552
German_Bank_2010,HP13,HP13_258165512,https://www.frdr-dfdr.ca/repo/files/9/published/publication_961/submitted_data/01_Data/images/German_Bank_2010/HP13/HP13_258165512.JPG,[3],dropped,-66.43161676,43.32205807
German_Bank_2010,HP13,HP13_258165528,https://www.frdr-dfdr.ca/repo/files/9/published/publication_961/submitted_data/01_Data/images/German_Bank_2010/HP13/HP13_258165528.JPG,[3],dropped,-66.43146416,43.3219499
German_Bank_2010,HP13,HP13_258165544,https://www.frdr-dfdr.ca/repo/files/9/published/publication_961/submitted_data/01_Data/images/German_Bank_2010/HP13/HP13_258165544.JPG,[2],test,-66.43132322,43.32184643
German_Bank_2010,HP13,HP13_258165600,https://www.frdr-dfdr.ca/repo/files/9/published/publication_961/submitted_data/01_Data/images/German_Bank_2010/HP13/HP13_258165600.JPG,[2],test,-66.43117411,43.32173601
German_Bank_2010,HP13,HP13_258165616,https://www.frdr-dfdr.ca/repo/files/9/published/publication_961/submitted_data/01_Data/images/German_Bank_2010/HP13/HP13_258165616.JPG,[2],test,-66.431025,43.32162729
German_Bank_2010,HP13,HP13_258165632,https://www.frdr-dfdr.ca/repo/files/9/published/publication_961/submitted_data/01_Data/images/German_Bank_2010/HP13/HP13_258165632.JPG,[2],test,-66.43088234,43.32152435
German_Bank_2010,HP13,HP13_258165648,https://www.frdr-dfdr.ca/repo/files/9/published/publication_961/submitted_data/01_Data/images/German_Bank_2010/HP13/HP13_258165648.JPG,[2],test,-66.43075876,43.32143583
German_Bank_2010,HP13,HP13_258165704,https://www.frdr-dfdr.ca/repo/files/9/published/publication_961/submitted_data/01_Data/images/German_Bank_2010/HP13/HP13_258165704.JPG,[2],test,-66.43063534,43.32134985
German_Bank_2010,HP13,HP13_258165720,https://www.frdr-dfdr.ca/repo/files/9/published/publication_961/submitted_data/01_Data/images/German_Bank_2010/HP13/HP13_258165720.JPG,[2],test,-66.43050707,43.32126332
German_Bank_2010,HP13,HP13_258165736,https://www.frdr-dfdr.ca/repo/files/9/published/publication_961/submitted_data/01_Data/images/German_Bank_2010/HP13/HP13_258165736.JPG,[2],test,-66.43036102,43.3211659
German_Bank_2010,HP13,HP13_258165752,https://www.frdr-dfdr.ca/repo/files/9/published/publication_961/submitted_data/01_Data/images/German_Bank_2010/HP13/HP13_258165752.JPG,[2],test,-66.43022915,43.32107861
German_Bank_2010,HP13,HP13_258165807,https://www.frdr-dfdr.ca/repo/files/9/published/publication_961/submitted_data/01_Data/images/German_Bank_2010/HP13/HP13_258165807.JPG,[2],test,-66.4300985,43.32099321
German_Bank_2010,HP13,HP13_258165823,https://www.frdr-dfdr.ca/repo/files/9/published/publication_961/submitted_data/01_Data/images/German_Bank_2010/HP13/HP13_258165823.JPG,[2],test,-66.42995912,43.32090246
German_Bank_2010,HP13,HP13_258165839,https://www.frdr-dfdr.ca/repo/files/9/published/publication_961/submitted_data/01_Data/images/German_Bank_2010/HP13/HP13_258165839.JPG,[2],test,-66.42983638,43.32082392
German_Bank_2010,HP13,HP13_258165855,https://www.frdr-dfdr.ca/repo/files/9/published/publication_961/submitted_data/01_Data/images/German_Bank_2010/HP13/HP13_258165855.JPG,[2],test,-66.42970172,43.32073879
German_Bank_2010,HP13,HP13_258165910,https://www.frdr-dfdr.ca/repo/files/9/published/publication_961/submitted_data/01_Data/images/German_Bank_2010/HP13/HP13_258165910.JPG,[2],test,-66.42957213,43.32065568
German_Bank_2010,HP13,HP13_258165926,https://www.frdr-dfdr.ca/repo/files/9/published/publication_961/submitted_data/01_Data/images/German_Bank_2010/HP13/HP13_258165926.JPG,[2],test,-66.42945787,43.32058147
German_Bank_2010,HP13,HP13_258165941,https://www.frdr-dfdr.ca/repo/files/9/published/publication_961/submitted_data/01_Data/images/German_Bank_2010/HP13/HP13_258165941.JPG,[2],test,-66.42933612,43.32050475
German_Bank_2010,HP13,HP13_258165957,https://www.frdr-dfdr.ca/repo/files/9/published/publication_961/submitted_data/01_Data/images/German_Bank_2010/HP13/HP13_258165957.JPG,[2],test,-66.42919485,43.32041584
German_Bank_2010,HP13,HP13_258170013,https://www.frdr-dfdr.ca/repo/files/9/published/publication_961/submitted_data/01_Data/images/German_Bank_2010/HP13/HP13_258170013.JPG,[2],test,-66.42905427,43.32032396
German_Bank_2010,HP13,HP13_258170029,https://www.frdr-dfdr.ca/repo/files/9/published/publication_961/submitted_data/01_Data/images/German_Bank_2010/HP13/HP13_258170029.JPG,[3],test,-66.42891517,43.32023162
German_Bank_2010,HP13,HP13_258170044,https://www.frdr-dfdr.ca/repo/files/9/published/publication_961/submitted_data/01_Data/images/German_Bank_2010/HP13/HP13_258170044.JPG,[3],test,-66.42880883,43.32015764
German_Bank_2010,HP13,HP13_258170101,https://www.frdr-dfdr.ca/repo/files/9/published/publication_961/submitted_data/01_Data/images/German_Bank_2010/HP13/HP13_258170101.JPG,[3],test,-66.4286721,43.32005298
German_Bank_2010,HP13,HP13_258170116,https://www.frdr-dfdr.ca/repo/files/9/published/publication_961/submitted_data/01_Data/images/German_Bank_2010/HP13/HP13_258170116.JPG,[3],test,-66.42856811,43.31996535
German_Bank_2010,HP13,HP13_258170133,https://www.frdr-dfdr.ca/repo/files/9/published/publication_961/submitted_data/01_Data/images/German_Bank_2010/HP13/HP13_258170133.JPG,[3],test,-66.42844089,43.31985077
German_Bank_2010,HP13,HP13_258170148,https://www.frdr-dfdr.ca/repo/files/9/published/publication_961/submitted_data/01_Data/images/German_Bank_2010/HP13/HP13_258170148.JPG,[3],test,-66.42833565,43.31974915
German_Bank_2010,HP13,HP13_258170204,https://www.frdr-dfdr.ca/repo/files/9/published/publication_961/submitted_data/01_Data/images/German_Bank_2010/HP13/HP13_258170204.JPG,[3],test,-66.42822796,43.31963909
German_Bank_2010,HP13,HP13_258170219,https://www.frdr-dfdr.ca/repo/files/9/published/publication_961/submitted_data/01_Data/images/German_Bank_2010/HP13/HP13_258170219.JPG,[3],dropped,-66.42813147,43.31953806
German_Bank_2010,HP13,HP13_258170235,https://www.frdr-dfdr.ca/repo/files/9/published/publication_961/submitted_data/01_Data/images/German_Bank_2010/HP13/HP13_258170235.JPG,[3],dropped,-66.4280164,43.31941551
German_Bank_2010,HP13,HP13_258170250,https://www.frdr-dfdr.ca/repo/files/9/published/publication_961/submitted_data/01_Data/images/German_Bank_2010/HP13/HP13_258170250.JPG,[3],dropped,-66.42792361,43.31931774
German_Bank_2010,HP13,HP13_258170307,https://www.frdr-dfdr.ca/repo/files/9/published/publication_961/submitted_data/01_Data/images/German_Bank_2010/HP13/HP13_258170307.JPG,[3],train,-66.42781272,43.31920058
German_Bank_2010,HP13,HP13_258170322,https://www.frdr-dfdr.ca/repo/files/9/published/publication_961/submitted_data/01_Data/images/German_Bank_2010/HP13/HP13_258170322.JPG,[3],train,-66.42771104,43.3190879
German_Bank_2010,HP13,HP13_258170338,https://www.frdr-dfdr.ca/repo/files/9/published/publication_961/submitted_data/01_Data/images/German_Bank_2010/HP13/HP13_258170338.JPG,[3],train,-66.4276141,43.31897806
German_Bank_2010,HP13,HP13_258170354,https://www.frdr-dfdr.ca/repo/files/9/published/publication_961/submitted_data/01_Data/images/German_Bank_2010/HP13/HP13_258170354.JPG,[3],train,-66.42751687,43.31886677
German_Bank_2010,HP13,HP13_258170409,https://www.frdr-dfdr.ca/repo/files/9/published/publication_961/submitted_data/01_Data/images/German_Bank_2010/HP13/HP13_258170409.JPG,[3],train,-66.42742597,43.31876122
German_Bank_2010,HP13,HP13_258170426,https://www.frdr-dfdr.ca/repo/files/9/published/publication_961/submitted_data/01_Data/images/German_Bank_2010/HP13/HP13_258170426.JPG,[3],train,-66.42732578,43.31864249
German_Bank_2010,HP13,HP13_258170441,https://www.frdr-dfdr.ca/repo/files/9/published/publication_961/submitted_data/01_Data/images/German_Bank_2010/HP13/HP13_258170441.JPG,[3],train,-66.42724002,43.31854133
German_Bank_2010,HP13,HP13_258170447,https://www.frdr-dfdr.ca/repo/files/9/published/publication_961/submitted_data/01_Data/images/German_Bank_2010/HP13/HP13_258170447.JPG,[3],train,-66.42719702,43.31849004
German_Bank_2010,HP13,HP13_258170450,https://www.frdr-dfdr.ca/repo/files/9/published/publication_961/submitted_data/01_Data/images/German_Bank_2010/HP13/HP13_258170450.JPG,[3],train,-66.4271789,43.31846824
German_Bank_2010,HP13,HP13_258170457,https://www.frdr-dfdr.ca/repo/files/9/published/publication_961/submitted_data/01_Data/images/German_Bank_2010/HP13/HP13_258170457.JPG,[3],train,-66.42712928,43.31840785
German_Bank_2010,HP13,HP13_258170513,https://www.frdr-dfdr.ca/repo/files/9/published/publication_961/submitted_data/01_Data/images/German_Bank_2010/HP13/HP13_258170513.JPG,[3],train,-66.42702091,43.31827468
German_Bank_2010,Hp06,Hp06_256132420,https://www.frdr-dfdr.ca/repo/files/9/published/publication_961/submitted_data/01_Data/images/German_Bank_2010/Hp06/Hp06_256132420.JPG,[1],train,-66.69848881,43.41528788
German_Bank_2010,Hp06,Hp06_256132435,https://www.frdr-dfdr.ca/repo/files/9/published/publication_961/submitted_data/01_Data/images/German_Bank_2010/Hp06/Hp06_256132435.JPG,[1],train,-66.69848128,43.41523345
German_Bank_2010,Hp06,Hp06_256132451,https://www.frdr-dfdr.ca/repo/files/9/published/publication_961/submitted_data/01_Data/images/German_Bank_2010/Hp06/Hp06_256132451.JPG,[1],train,-66.69847664,43.41519276
German_Bank_2010,Hp06,Hp06_256132507,https://www.frdr-dfdr.ca/repo/files/9/published/publication_961/submitted_data/01_Data/images/German_Bank_2010/Hp06/Hp06_256132507.JPG,[1],train,-66.69847251,43.41514956
German_Bank_2010,Hp06,Hp06_256132522,https://www.frdr-dfdr.ca/repo/files/9/published/publication_961/submitted_data/01_Data/images/German_Bank_2010/Hp06/Hp06_256132522.JPG,[1],train,-66.69846871,43.41509973
German_Bank_2010,Hp06,Hp06_256132539,https://www.frdr-dfdr.ca/repo/files/9/published/publication_961/submitted_data/01_Data/images/German_Bank_2010/Hp06/Hp06_256132539.JPG,[1],train,-66.6984665,43.41506558
German_Bank_2010,Hp06,Hp06_256132554,https://www.frdr-dfdr.ca/repo/files/9/published/publication_961/submitted_data/01_Data/images/German_Bank_2010/Hp06/Hp06_256132554.JPG,[1],train,-66.69846395,43.41501965
German_Bank_2010,Hp06,Hp06_256132611,https://www.frdr-dfdr.ca/repo/files/9/published/publication_961/submitted_data/01_Data/images/German_Bank_2010/Hp06/Hp06_256132611.JPG,[1],train,-66.69846107,43.41496248
German_Bank_2010,Hp06,Hp06_256132626,https://www.frdr-dfdr.ca/repo/files/9/published/publication_961/submitted_data/01_Data/images/German_Bank_2010/Hp06/Hp06_256132626.JPG,[1],train,-66.69845928,43.41492719
German_Bank_2010,Hp06,Hp06_256132643,https://www.frdr-dfdr.ca/repo/files/9/published/publication_961/submitted_data/01_Data/images/German_Bank_2010/Hp06/Hp06_256132643.JPG,[1],train,-66.69845635,43.41487665
German_Bank_2010,Hp06,Hp06_256132658,https://www.frdr-dfdr.ca/repo/files/9/published/publication_961/submitted_data/01_Data/images/German_Bank_2010/Hp06/Hp06_256132658.JPG,[1],train,-66.69845213,43.41481817
German_Bank_2010,Hp06,Hp06_256132713,https://www.frdr-dfdr.ca/repo/files/9/published/publication_961/submitted_data/01_Data/images/German_Bank_2010/Hp06/Hp06_256132713.JPG,[1],train,-66.69844734,43.41476456
German_Bank_2010,Hp06,Hp06_256132729,https://www.frdr-dfdr.ca/repo/files/9/published/publication_961/submitted_data/01_Data/images/German_Bank_2010/Hp06/Hp06_256132729.JPG,[1],train,-66.69843983,43.41469774
German_Bank_2010,Hp06,Hp06_256132745,https://www.frdr-dfdr.ca/repo/files/9/published/publication_961/submitted_data/01_Data/images/German_Bank_2010/Hp06/Hp06_256132745.JPG,[1],train,-66.69842967,43.41462147
German_Bank_2010,Hp06,Hp06_256132801,https://www.frdr-dfdr.ca/repo/files/9/published/publication_961/submitted_data/01_Data/images/German_Bank_2010/Hp06/Hp06_256132801.JPG,[1],train,-66.69841841,43.4145479
German_Bank_2010,Hp06,Hp06_256132817,https://www.frdr-dfdr.ca/repo/files/9/published/publication_961/submitted_data/01_Data/images/German_Bank_2010/Hp06/Hp06_256132817.JPG,[1],train,-66.69840513,43.41446814
German_Bank_2010,Hp06,Hp06_256132833,https://www.frdr-dfdr.ca/repo/files/9/published/publication_961/submitted_data/01_Data/images/German_Bank_2010/Hp06/Hp06_256132833.JPG,[1],train,-66.69839139,43.41439101
German_Bank_2010,Hp06,Hp06_256132849,https://www.frdr-dfdr.ca/repo/files/9/published/publication_961/submitted_data/01_Data/images/German_Bank_2010/Hp06/Hp06_256132849.JPG,[1],train,-66.6983766,43.41431167
German_Bank_2010,Hp06,Hp06_256132904,https://www.frdr-dfdr.ca/repo/files/9/published/publication_961/submitted_data/01_Data/images/German_Bank_2010/Hp06/Hp06_256132904.JPG,[1],train,-66.69836279,43.41424018
German_Bank_2010,Hp06,Hp06_256132920,https://www.frdr-dfdr.ca/repo/files/9/published/publication_961/submitted_data/01_Data/images/German_Bank_2010/Hp06/Hp06_256132920.JPG,[1],train,-66.69834819,43.41416776
German_Bank_2010,Hp06,Hp06_256132936,https://www.frdr-dfdr.ca/repo/files/9/published/publication_961/submitted_data/01_Data/images/German_Bank_2010/Hp06/Hp06_256132936.JPG,[1],train,-66.69833362,43.4140988
German_Bank_2010,Hp06,Hp06_256132952,https://www.frdr-dfdr.ca/repo/files/9/published/publication_961/submitted_data/01_Data/images/German_Bank_2010/Hp06/Hp06_256132952.JPG,[1],train,-66.69831735,43.41402485
German_Bank_2010,Hp06,Hp06_256133008,https://www.frdr-dfdr.ca/repo/files/9/published/publication_961/submitted_data/01_Data/images/German_Bank_2010/Hp06/Hp06_256133008.JPG,[1],train,-66.69830086,43.41395226
German_Bank_2010,Hp06,Hp06_256133024,https://www.frdr-dfdr.ca/repo/files/9/published/publication_961/submitted_data/01_Data/images/German_Bank_2010/Hp06/Hp06_256133024.JPG,[1],train,-66.6982844,43.41388169
German_Bank_2010,Hp06,Hp06_256133040,https://www.frdr-dfdr.ca/repo/files/9/published/publication_961/submitted_data/01_Data/images/German_Bank_2010/Hp06/Hp06_256133040.JPG,[1],train,-66.69826653,43.41380681
German_Bank_2010,Hp06,Hp06_256133057,https://www.frdr-dfdr.ca/repo/files/9/published/publication_961/submitted_data/01_Data/images/German_Bank_2010/Hp06/Hp06_256133057.JPG,[1],train,-66.69824823,43.41373149
German_Bank_2010,Hp06,Hp06_256133111,https://www.frdr-dfdr.ca/repo/files/9/published/publication_961/submitted_data/01_Data/images/German_Bank_2010/Hp06/Hp06_256133111.JPG,[1],train,-66.6982335,43.4136721
German_Bank_2010,Hp06,Hp06_256133128,https://www.frdr-dfdr.ca/repo/files/9/published/publication_961/submitted_data/01_Data/images/German_Bank_2010/Hp06/Hp06_256133128.JPG,[1],train,-66.69821469,43.41359748
German_Bank_2010,Hp06,Hp06_256133143,https://www.frdr-dfdr.ca/repo/files/9/published/publication_961/submitted_data/01_Data/images/German_Bank_2010/Hp06/Hp06_256133143.JPG,[1],train,-66.69819966,43.41353916
German_Bank_2010,Hp06,Hp06_256133159,https://www.frdr-dfdr.ca/repo/files/9/published/publication_961/submitted_data/01_Data/images/German_Bank_2010/Hp06/Hp06_256133159.JPG,[1],train,-66.69818283,43.41347603
German_Bank_2010,Hp06,Hp06_256133215,https://www.frdr-dfdr.ca/repo/files/9/published/publication_961/submitted_data/01_Data/images/German_Bank_2010/Hp06/Hp06_256133215.JPG,[1],train,-66.69816606,43.41341474
German_Bank_2010,Hp06,Hp06_256133231,https://www.frdr-dfdr.ca/repo/files/9/published/publication_961/submitted_data/01_Data/images/German_Bank_2010/Hp06/Hp06_256133231.JPG,[1],train,-66.69814787,43.41334949
German_Bank_2010,Hp06,Hp06_256133247,https://www.frdr-dfdr.ca/repo/files/9/published/publication_961/submitted_data/01_Data/images/German_Bank_2010/Hp06/Hp06_256133247.JPG,[1],train,-66.69812813,43.41327914
German_Bank_2010,Hp06,Hp06_256133303,https://www.frdr-dfdr.ca/repo/files/9/published/publication_961/submitted_data/01_Data/images/German_Bank_2010/Hp06/Hp06_256133303.JPG,[1],train,-66.6981085,43.41320936
German_Bank_2010,Hp06,Hp06_256133319,https://www.frdr-dfdr.ca/repo/files/9/published/publication_961/submitted_data/01_Data/images/German_Bank_2010/Hp06/Hp06_256133319.JPG,[1],train,-66.69809126,43.41314823
German_Bank_2010,Hp06,Hp06_256133334,https://www.frdr-dfdr.ca/repo/files/9/published/publication_961/submitted_data/01_Data/images/German_Bank_2010/Hp06/Hp06_256133334.JPG,[1],train,-66.69807557,43.41309365
German_Bank_2010,Hp06,Hp06_256133350,https://www.frdr-dfdr.ca/repo/files/9/published/publication_961/submitted_data/01_Data/images/German_Bank_2010/Hp06/Hp06_256133350.JPG,[1],train,-66.69805715,43.4130311
German_Bank_2010,Hp06,Hp06_256133406,https://www.frdr-dfdr.ca/repo/files/9/published/publication_961/submitted_data/01_Data/images/German_Bank_2010/Hp06/Hp06_256133406.JPG,[1],train,-66.69803736,43.41296464
German_Bank_2010,Hp06,Hp06_256133422,https://www.frdr-dfdr.ca/repo/files/9/published/publication_961/submitted_data/01_Data/images/German_Bank_2010/Hp06/Hp06_256133422.JPG,[1],train,-66.69801876,43.41290236
German_Bank_2010,Hp06,Hp06_256133438,https://www.frdr-dfdr.ca/repo/files/9/published/publication_961/submitted_data/01_Data/images/German_Bank_2010/Hp06/Hp06_256133438.JPG,[1],train,-66.69799708,43.41283046
German_Bank_2010,Hp06,Hp06_256133454,https://www.frdr-dfdr.ca/repo/files/9/published/publication_961/submitted_data/01_Data/images/German_Bank_2010/Hp06/Hp06_256133454.JPG,[1],train,-66.69797696,43.41276446
German_Bank_2010,Hp06,Hp06_256133510,https://www.frdr-dfdr.ca/repo/files/9/published/publication_961/submitted_data/01_Data/images/German_Bank_2010/Hp06/Hp06_256133510.JPG,[1],train,-66.69795529,43.41269505
German_Bank_2010,Hp06,Hp06_256133525,https://www.frdr-dfdr.ca/repo/files/9/published/publication_961/submitted_data/01_Data/images/German_Bank_2010/Hp06/Hp06_256133525.JPG,[1],train,-66.69793634,43.41263533
German_Bank_2010,Hp06,Hp06_256133541,https://www.frdr-dfdr.ca/repo/files/9/published/publication_961/submitted_data/01_Data/images/German_Bank_2010/Hp06/Hp06_256133541.JPG,[1],train,-66.69791484,43.4125683
German_Bank_2010,Hp06,Hp06_256133557,https://www.frdr-dfdr.ca/repo/files/9/published/publication_961/submitted_data/01_Data/images/German_Bank_2010/Hp06/Hp06_256133557.JPG,[1],train,-66.69789279,43.41249939
German_Bank_2010,Hp06,Hp06_256133614,https://www.frdr-dfdr.ca/repo/files/9/published/publication_961/submitted_data/01_Data/images/German_Bank_2010/Hp06/Hp06_256133614.JPG,[1],train,-66.69787012,43.41242676
German_Bank_2010,Hp06,Hp06_256133629,https://www.frdr-dfdr.ca/repo/files/9/published/publication_961/submitted_data/01_Data/images/German_Bank_2010/Hp06/Hp06_256133629.JPG,[1],train,-66.69785057,43.41236164
German_Bank_2010,Hp06,Hp06_256133645,https://www.frdr-dfdr.ca/repo/files/9/published/publication_961/submitted_data/01_Data/images/German_Bank_2010/Hp06/Hp06_256133645.JPG,[1],train,-66.69783195,43.41229734
German_Bank_2010,Hp06,Hp06_256133702,https://www.frdr-dfdr.ca/repo/files/9/published/publication_961/submitted_data/01_Data/images/German_Bank_2010/Hp06/Hp06_256133702.JPG,[1],train,-66.69780623,43.41220561
German_Bank_2010,Hp06,Hp06_256133716,https://www.frdr-dfdr.ca/repo/files/9/published/publication_961/submitted_data/01_Data/images/German_Bank_2010/Hp06/Hp06_256133716.JPG,[1],train,-66.69778695,43.41213762
German_Bank_2010,Hp06,Hp06_256133733,https://www.frdr-dfdr.ca/repo/files/9/published/publication_961/submitted_data/01_Data/images/German_Bank_2010/Hp06/Hp06_256133733.JPG,[1],train,-66.69775131,43.41201649
German_Bank_2010,Hp06,Hp06_256133748,https://www.frdr-dfdr.ca/repo/files/9/published/publication_961/submitted_data/01_Data/images/German_Bank_2010/Hp06/Hp06_256133748.JPG,[1],train,-66.69771902,43.41191127
German_Bank_2010,Hp06,Hp06_256133805,https://www.frdr-dfdr.ca/repo/files/9/published/publication_961/submitted_data/01_Data/images/German_Bank_2010/Hp06/Hp06_256133805.JPG,[1],train,-66.6976701,43.4117532
German_Bank_2010,Hp06,Hp06_256133821,https://www.frdr-dfdr.ca/repo/files/9/published/publication_961/submitted_data/01_Data/images/German_Bank_2010/Hp06/Hp06_256133821.JPG,[1],train,-66.69762457,43.41160571
German_Bank_2010,Hp06,Hp06_256133836,https://www.frdr-dfdr.ca/repo/files/9/published/publication_961/submitted_data/01_Data/images/German_Bank_2010/Hp06/Hp06_256133836.JPG,[1],train,-66.69758232,43.4114697
German_Bank_2010,Hp06,Hp06_256133852,https://www.frdr-dfdr.ca/repo/files/9/published/publication_961/submitted_data/01_Data/images/German_Bank_2010/Hp06/Hp06_256133852.JPG,[1],train,-66.69753464,43.41131374
German_Bank_2010,Hp06,Hp06_256133909,https://www.frdr-dfdr.ca/repo/files/9/published/publication_961/submitted_data/01_Data/images/German_Bank_2010/Hp06/Hp06_256133909.JPG,[1],train,-66.69748491,43.41113982
German_Bank_2010,Hp06,Hp06_256133925,https://www.frdr-dfdr.ca/repo/files/9/published/publication_961/submitted_data/01_Data/images/German_Bank_2010/Hp06/Hp06_256133925.JPG,[1],train,-66.69744134,43.41097595
German_Bank_2010,Hp06,Hp06_256133940,https://www.frdr-dfdr.ca/repo/files/9/published/publication_961/submitted_data/01_Data/images/German_Bank_2010/Hp06/Hp06_256133940.JPG,[1],train,-66.69740641,43.41083637
German_Bank_2010,Hp06,Hp06_256133956,https://www.frdr-dfdr.ca/repo/files/9/published/publication_961/submitted_data/01_Data/images/German_Bank_2010/Hp06/Hp06_256133956.JPG,[1],train,-66.6973699,43.41068285
German_Bank_2010,Hp06,Hp06_256134008,https://www.frdr-dfdr.ca/repo/files/9/published/publication_961/submitted_data/01_Data/images/German_Bank_2010/Hp06/Hp06_256134008.JPG,[1],train,-66.69733806,43.41054375
German_Bank_2010,Hp06,Hp06_256134012,https://www.frdr-dfdr.ca/repo/files/9/published/publication_961/submitted_data/01_Data/images/German_Bank_2010/Hp06/Hp06_256134012.JPG,[1],train,-66.69732267,43.41047537
German_Bank_2010,Hp09,Hp09_261142010,https://www.frdr-dfdr.ca/repo/files/9/published/publication_961/submitted_data/01_Data/images/German_Bank_2010/Hp09/Hp09_261142010.JPG,[3],train,-66.0840115,43.38693381
German_Bank_2010,Hp09,Hp09_261142026,https://www.frdr-dfdr.ca/repo/files/9/published/publication_961/submitted_data/01_Data/images/German_Bank_2010/Hp09/Hp09_261142026.JPG,[3],train,-66.08419715,43.38680197
German_Bank_2010,Hp09,Hp09_261142042,https://www.frdr-dfdr.ca/repo/files/9/published/publication_961/submitted_data/01_Data/images/German_Bank_2010/Hp09/Hp09_261142042.JPG,[3],train,-66.08438526,43.38667489
German_Bank_2010,Hp09,Hp09_261142058,https://www.frdr-dfdr.ca/repo/files/9/published/publication_961/submitted_data/01_Data/images/German_Bank_2010/Hp09/Hp09_261142058.JPG,[3],train,-66.08456044,43.38655638
German_Bank_2010,Hp09,Hp09_261142113,https://www.frdr-dfdr.ca/repo/files/9/published/publication_961/submitted_data/01_Data/images/German_Bank_2010/Hp09/Hp09_261142113.JPG,[3],train,-66.08474132,43.38643665
German_Bank_2010,Hp09,Hp09_261142130,https://www.frdr-dfdr.ca/repo/files/9/published/publication_961/submitted_data/01_Data/images/German_Bank_2010/Hp09/Hp09_261142130.JPG,[3],train,-66.0849427,43.38630648
German_Bank_2010,Hp09,Hp09_261142145,https://www.frdr-dfdr.ca/repo/files/9/published/publication_961/submitted_data/01_Data/images/German_Bank_2010/Hp09/Hp09_261142145.JPG,[3],train,-66.08511564,43.38619812
German_Bank_2010,Hp09,Hp09_261142201,https://www.frdr-dfdr.ca/repo/files/9/published/publication_961/submitted_data/01_Data/images/German_Bank_2010/Hp09/Hp09_261142201.JPG,[3],train,-66.08530832,43.38607725
German_Bank_2010,Hp09,Hp09_261142217,https://www.frdr-dfdr.ca/repo/files/9/published/publication_961/submitted_data/01_Data/images/German_Bank_2010/Hp09/Hp09_261142217.JPG,[3],train,-66.08549846,43.3859565
German_Bank_2010,Hp09,Hp09_261142233,https://www.frdr-dfdr.ca/repo/files/9/published/publication_961/submitted_data/01_Data/images/German_Bank_2010/Hp09/Hp09_261142233.JPG,[3],train,-66.08569774,43.38582899
German_Bank_2010,Hp09,Hp09_261142249,https://www.frdr-dfdr.ca/repo/files/9/published/publication_961/submitted_data/01_Data/images/German_Bank_2010/Hp09/Hp09_261142249.JPG,[3],train,-66.08588928,43.38570659
German_Bank_2010,Hp09,Hp09_261142305,https://www.frdr-dfdr.ca/repo/files/9/published/publication_961/submitted_data/01_Data/images/German_Bank_2010/Hp09/Hp09_261142305.JPG,[3],train,-66.08607529,43.38558793
German_Bank_2010,Hp09,Hp09_261142320,https://www.frdr-dfdr.ca/repo/files/9/published/publication_961/submitted_data/01_Data/images/German_Bank_2010/Hp09/Hp09_261142320.JPG,[3],train,-66.08625338,43.38547472
German_Bank_2010,Hp09,Hp09_261142337,https://www.frdr-dfdr.ca/repo/files/9/published/publication_961/submitted_data/01_Data/images/German_Bank_2010/Hp09/Hp09_261142337.JPG,[3],train,-66.08643893,43.38535755
German_Bank_2010,Hp09,Hp09_261142352,https://www.frdr-dfdr.ca/repo/files/9/published/publication_961/submitted_data/01_Data/images/German_Bank_2010/Hp09/Hp09_261142352.JPG,[3],train,-66.0866105,43.38525035
German_Bank_2010,Hp09,Hp09_261142408,https://www.frdr-dfdr.ca/repo/files/9/published/publication_961/submitted_data/01_Data/images/German_Bank_2010/Hp09/Hp09_261142408.JPG,[3],train,-66.08678482,43.38514152
German_Bank_2010,Hp09,Hp09_261142424,https://www.frdr-dfdr.ca/repo/files/9/published/publication_961/submitted_data/01_Data/images/German_Bank_2010/Hp09/Hp09_261142424.JPG,[3],train,-66.08696201,43.38502883
German_Bank_2010,Hp09,Hp09_261142440,https://www.frdr-dfdr.ca/repo/files/9/published/publication_961/submitted_data/01_Data/images/German_Bank_2010/Hp09/Hp09_261142440.JPG,[3],train,-66.08714127,43.38491232
German_Bank_2010,Hp09,Hp09_261142456,https://www.frdr-dfdr.ca/repo/files/9/published/publication_961/submitted_data/01_Data/images/German_Bank_2010/Hp09/Hp09_261142456.JPG,[3],train,-66.08732324,43.3847919
German_Bank_2010,Hp09,Hp09_261142511,https://www.frdr-dfdr.ca/repo/files/9/published/publication_961/submitted_data/01_Data/images/German_Bank_2010/Hp09/Hp09_261142511.JPG,[3],train,-66.08747855,43.38468793
German_Bank_2010,Hp09,Hp09_261142526,https://www.frdr-dfdr.ca/repo/files/9/published/publication_961/submitted_data/01_Data/images/German_Bank_2010/Hp09/Hp09_261142526.JPG,[3],train,-66.08764259,43.38457852
German_Bank_2010,Hp09,Hp09_261142542,https://www.frdr-dfdr.ca/repo/files/9/published/publication_961/submitted_data/01_Data/images/German_Bank_2010/Hp09/Hp09_261142542.JPG,[3],train,-66.08781242,43.38446807
German_Bank_2010,Hp09,Hp09_261142556,https://www.frdr-dfdr.ca/repo/files/9/published/publication_961/submitted_data/01_Data/images/German_Bank_2010/Hp09/Hp09_261142556.JPG,[3],train,-66.08796455,43.38437006
German_Bank_2010,Hp09,Hp09_261142612,https://www.frdr-dfdr.ca/repo/files/9/published/publication_961/submitted_data/01_Data/images/German_Bank_2010/Hp09/Hp09_261142612.JPG,[3],train,-66.08813252,43.38426407
German_Bank_2010,Hp09,Hp09_261142628,https://www.frdr-dfdr.ca/repo/files/9/published/publication_961/submitted_data/01_Data/images/German_Bank_2010/Hp09/Hp09_261142628.JPG,[3],train,-66.08831606,43.38414971
German_Bank_2010,Hp09,Hp09_261142644,https://www.frdr-dfdr.ca/repo/files/9/published/publication_961/submitted_data/01_Data/images/German_Bank_2010/Hp09/Hp09_261142644.JPG,[3],train,-66.08849374,43.38403933
German_Bank_2010,Hp09,Hp09_261142700,https://www.frdr-dfdr.ca/repo/files/9/published/publication_961/submitted_data/01_Data/images/German_Bank_2010/Hp09/Hp09_261142700.JPG,[3],train,-66.08867356,43.38392755
German_Bank_2010,Hp09,Hp09_261142715,https://www.frdr-dfdr.ca/repo/files/9/published/publication_961/submitted_data/01_Data/images/German_Bank_2010/Hp09/Hp09_261142715.JPG,[3],train,-66.0888362,43.38382756
German_Bank_2010,Hp09,Hp09_261142731,https://www.frdr-dfdr.ca/repo/files/9/published/publication_961/submitted_data/01_Data/images/German_Bank_2010/Hp09/Hp09_261142731.JPG,[3],train,-66.08902826,43.38371144
German_Bank_2010,Hp09,Hp09_261142747,https://www.frdr-dfdr.ca/repo/files/9/published/publication_961/submitted_data/01_Data/images/German_Bank_2010/Hp09/Hp09_261142747.JPG,[3],train,-66.08920527,43.38360493
German_Bank_2010,Hp09,Hp09_261142802,https://www.frdr-dfdr.ca/repo/files/9/published/publication_961/submitted_data/01_Data/images/German_Bank_2010/Hp09/Hp09_261142802.JPG,[3],train,-66.08937902,43.38349925
German_Bank_2010,Hp09,Hp09_261142818,https://www.frdr-dfdr.ca/repo/files/9/published/publication_961/submitted_data/01_Data/images/German_Bank_2010/Hp09/Hp09_261142818.JPG,[3],train,-66.0895678,43.38338374
German_Bank_2010,Hp09,Hp09_261142834,https://www.frdr-dfdr.ca/repo/files/9/published/publication_961/submitted_data/01_Data/images/German_Bank_2010/Hp09/Hp09_261142834.JPG,[3],train,-66.08974227,43.38327866
German_Bank_2010,Hp09,Hp09_261142850,https://www.frdr-dfdr.ca/repo/files/9/published/publication_961/submitted_data/01_Data/images/German_Bank_2010/Hp09/Hp09_261142850.JPG,[3],train,-66.08994017,43.38316179
German_Bank_2010,Hp09,Hp09_261142906,https://www.frdr-dfdr.ca/repo/files/9/published/publication_961/submitted_data/01_Data/images/German_Bank_2010/Hp09/Hp09_261142906.JPG,[2],train,-66.09012701,43.38305304
German_Bank_2010,Hp09,Hp09_261142922,https://www.frdr-dfdr.ca/repo/files/9/published/publication_961/submitted_data/01_Data/images/German_Bank_2010/Hp09/Hp09_261142922.JPG,[2],train,-66.09032569,43.3829382
German_Bank_2010,Hp09,Hp09_261142938,https://www.frdr-dfdr.ca/repo/files/9/published/publication_961/submitted_data/01_Data/images/German_Bank_2010/Hp09/Hp09_261142938.JPG,[3],train,-66.09052218,43.38282424
German_Bank_2010,Hp09,Hp09_261142953,https://www.frdr-dfdr.ca/repo/files/9/published/publication_961/submitted_data/01_Data/images/German_Bank_2010/Hp09/Hp09_261142953.JPG,[3],train,-66.09068648,43.38272826
German_Bank_2010,Hp09,Hp09_261143009,https://www.frdr-dfdr.ca/repo/files/9/published/publication_961/submitted_data/01_Data/images/German_Bank_2010/Hp09/Hp09_261143009.JPG,[2],train,-66.09087386,43.38261804
German_Bank_2010,Hp09,Hp09_261143025,https://www.frdr-dfdr.ca/repo/files/9/published/publication_961/submitted_data/01_Data/images/German_Bank_2010/Hp09/Hp09_261143025.JPG,[3],train,-66.09106207,43.3825082
German_Bank_2010,Hp09,Hp09_261143041,https://www.frdr-dfdr.ca/repo/files/9/published/publication_961/submitted_data/01_Data/images/German_Bank_2010/Hp09/Hp09_261143041.JPG,[3],train,-66.09124654,43.3824017
German_Bank_2010,Hp09,Hp09_261143057,https://www.frdr-dfdr.ca/repo/files/9/published/publication_961/submitted_data/01_Data/images/German_Bank_2010/Hp09/Hp09_261143057.JPG,[3],train,-66.09143619,43.38229202
German_Bank_2010,Hp09,Hp09_261143113,https://www.frdr-dfdr.ca/repo/files/9/published/publication_961/submitted_data/01_Data/images/German_Bank_2010/Hp09/Hp09_261143113.JPG,[3],train,-66.09162558,43.38218178
German_Bank_2010,Hp09,Hp09_261143129,https://www.frdr-dfdr.ca/repo/files/9/published/publication_961/submitted_data/01_Data/images/German_Bank_2010/Hp09/Hp09_261143129.JPG,[3],train,-66.09182625,43.38206526
German_Bank_2010,Hp09,Hp09_261143144,https://www.frdr-dfdr.ca/repo/files/9/published/publication_961/submitted_data/01_Data/images/German_Bank_2010/Hp09/Hp09_261143144.JPG,[3],train,-66.09200903,43.38195964
German_Bank_2010,Hp09,Hp09_261143201,https://www.frdr-dfdr.ca/repo/files/9/published/publication_961/submitted_data/01_Data/images/German_Bank_2010/Hp09/Hp09_261143201.JPG,[3],train,-66.09221376,43.38184214
German_Bank_2010,Hp09,Hp09_261143216,https://www.frdr-dfdr.ca/repo/files/9/published/publication_961/submitted_data/01_Data/images/German_Bank_2010/Hp09/Hp09_261143216.JPG,[3],train,-66.09240461,43.38173343
German_Bank_2010,Hp09,Hp09_261143232,https://www.frdr-dfdr.ca/repo/files/9/published/publication_961/submitted_data/01_Data/images/German_Bank_2010/Hp09/Hp09_261143232.JPG,[3],train,-66.09259226,43.3816281
German_Bank_2010,Hp09,Hp09_261143248,https://www.frdr-dfdr.ca/repo/files/9/published/publication_961/submitted_data/01_Data/images/German_Bank_2010/Hp09/Hp09_261143248.JPG,[3],train,-66.09279368,43.3815143
German_Bank_2010,Hp09,Hp09_261143304,https://www.frdr-dfdr.ca/repo/files/9/published/publication_961/submitted_data/01_Data/images/German_Bank_2010/Hp09/Hp09_261143304.JPG,[3],train,-66.09298795,43.38140356
German_Bank_2010,Hp09,Hp09_261143320,https://www.frdr-dfdr.ca/repo/files/9/published/publication_961/submitted_data/01_Data/images/German_Bank_2010/Hp09/Hp09_261143320.JPG,[3],train,-66.09319636,43.38128369
German_Bank_2010,Hp09,Hp09_261143335,https://www.frdr-dfdr.ca/repo/files/9/published/publication_961/submitted_data/01_Data/images/German_Bank_2010/Hp09/Hp09_261143335.JPG,[3],train,-66.09338054,43.38117721
German_Bank_2010,Hp09,Hp09_261143351,https://www.frdr-dfdr.ca/repo/files/9/published/publication_961/submitted_data/01_Data/images/German_Bank_2010/Hp09/Hp09_261143351.JPG,[3],train,-66.09360649,43.38104546
German_Bank_2010,Hp09,Hp09_261143408,https://www.frdr-dfdr.ca/repo/files/9/published/publication_961/submitted_data/01_Data/images/German_Bank_2010/Hp09/Hp09_261143408.JPG,[3],train,-66.09381153,43.38092567
German_Bank_2010,Hp09,Hp09_261143423,https://www.frdr-dfdr.ca/repo/files/9/published/publication_961/submitted_data/01_Data/images/German_Bank_2010/Hp09/Hp09_261143423.JPG,[3],train,-66.09399339,43.38081927
German_Bank_2010,Hp09,Hp09_261143439,https://www.frdr-dfdr.ca/repo/files/9/published/publication_961/submitted_data/01_Data/images/German_Bank_2010/Hp09/Hp09_261143439.JPG,[3],train,-66.0941819,43.38070818
German_Bank_2010,Hp09,Hp09_261143455,https://www.frdr-dfdr.ca/repo/files/9/published/publication_961/submitted_data/01_Data/images/German_Bank_2010/Hp09/Hp09_261143455.JPG,[3],train,-66.09437463,43.38059549
German_Bank_2010,Hp10,Hp10_258154828,https://www.frdr-dfdr.ca/repo/files/9/published/publication_961/submitted_data/01_Data/images/German_Bank_2010/Hp10/Hp10_258154828.JPG,[3],train,-66.34232162,43.35673109
German_Bank_2010,Hp10,Hp10_258154844,https://www.frdr-dfdr.ca/repo/files/9/published/publication_961/submitted_data/01_Data/images/German_Bank_2010/Hp10/Hp10_258154844.JPG,[3],train,-66.34230505,43.35676714
German_Bank_2010,Hp10,Hp10_258154859,https://www.frdr-dfdr.ca/repo/files/9/published/publication_961/submitted_data/01_Data/images/German_Bank_2010/Hp10/Hp10_258154859.JPG,[3],train,-66.34227523,43.35682316
German_Bank_2010,Hp10,Hp10_258154915,https://www.frdr-dfdr.ca/repo/files/9/published/publication_961/submitted_data/01_Data/images/German_Bank_2010/Hp10/Hp10_258154915.JPG,[3],train,-66.34223662,43.35688916
German_Bank_2010,Hp10,Hp10_258154931,https://www.frdr-dfdr.ca/repo/files/9/published/publication_961/submitted_data/01_Data/images/German_Bank_2010/Hp10/Hp10_258154931.JPG,[3],train,-66.34218867,43.35696558
German_Bank_2010,Hp10,Hp10_258154947,https://www.frdr-dfdr.ca/repo/files/9/published/publication_961/submitted_data/01_Data/images/German_Bank_2010/Hp10/Hp10_258154947.JPG,[3],train,-66.34210939,43.35708342
German_Bank_2010,Hp10,Hp10_258155003,https://www.frdr-dfdr.ca/repo/files/9/published/publication_961/submitted_data/01_Data/images/German_Bank_2010/Hp10/Hp10_258155003.JPG,[3],train,-66.34200363,43.35723313
German_Bank_2010,Hp10,Hp10_258155033,https://www.frdr-dfdr.ca/repo/files/9/published/publication_961/submitted_data/01_Data/images/German_Bank_2010/Hp10/Hp10_258155033.JPG,[3],train,-66.34179796,43.35751942
German_Bank_2010,Hp10,Hp10_258155049,https://www.frdr-dfdr.ca/repo/files/9/published/publication_961/submitted_data/01_Data/images/German_Bank_2010/Hp10/Hp10_258155049.JPG,[3],train,-66.34168717,43.35767181
German_Bank_2010,Hp10,Hp10_258155105,https://www.frdr-dfdr.ca/repo/files/9/published/publication_961/submitted_data/01_Data/images/German_Bank_2010/Hp10/Hp10_258155105.JPG,[3],train,-66.34157379,43.35782795
German_Bank_2010,Hp10,Hp10_258155120,https://www.frdr-dfdr.ca/repo/files/9/published/publication_961/submitted_data/01_Data/images/German_Bank_2010/Hp10/Hp10_258155120.JPG,[3],train,-66.34146959,43.35797117
German_Bank_2010,Hp10,Hp10_258155136,https://www.frdr-dfdr.ca/repo/files/9/published/publication_961/submitted_data/01_Data/images/German_Bank_2010/Hp10/Hp10_258155136.JPG,[3],train,-66.34136125,43.35811946
German_Bank_2010,Hp10,Hp10_258155152,https://www.frdr-dfdr.ca/repo/files/9/published/publication_961/submitted_data/01_Data/images/German_Bank_2010/Hp10/Hp10_258155152.JPG,[3],train,-66.34124392,43.35827867
German_Bank_2010,Hp10,Hp10_258155208,https://www.frdr-dfdr.ca/repo/files/9/published/publication_961/submitted_data/01_Data/images/German_Bank_2010/Hp10/Hp10_258155208.JPG,[3],train,-66.34113342,43.35842685
German_Bank_2010,Hp10,Hp10_258155224,https://www.frdr-dfdr.ca/repo/files/9/published/publication_961/submitted_data/01_Data/images/German_Bank_2010/Hp10/Hp10_258155224.JPG,[3],train,-66.34101554,43.35858313
German_Bank_2010,Hp10,Hp10_258155240,https://www.frdr-dfdr.ca/repo/files/9/published/publication_961/submitted_data/01_Data/images/German_Bank_2010/Hp10/Hp10_258155240.JPG,[3],train,-66.34090167,43.35873457
German_Bank_2010,Hp10,Hp10_258155256,https://www.frdr-dfdr.ca/repo/files/9/published/publication_961/submitted_data/01_Data/images/German_Bank_2010/Hp10/Hp10_258155256.JPG,[3],train,-66.3407834,43.35889266
German_Bank_2010,Hp10,Hp10_258155311,https://www.frdr-dfdr.ca/repo/files/9/published/publication_961/submitted_data/01_Data/images/German_Bank_2010/Hp10/Hp10_258155311.JPG,[3],train,-66.34067322,43.35903803
German_Bank_2010,Hp10,Hp10_258155327,https://www.frdr-dfdr.ca/repo/files/9/published/publication_961/submitted_data/01_Data/images/German_Bank_2010/Hp10/Hp10_258155327.JPG,[3],train,-66.34055887,43.35918615
German_Bank_2010,Hp10,Hp10_258155343,https://www.frdr-dfdr.ca/repo/files/9/published/publication_961/submitted_data/01_Data/images/German_Bank_2010/Hp10/Hp10_258155343.JPG,[3],train,-66.34044434,43.35933357
German_Bank_2010,Hp10,Hp10_258155359,https://www.frdr-dfdr.ca/repo/files/9/published/publication_961/submitted_data/01_Data/images/German_Bank_2010/Hp10/Hp10_258155359.JPG,[3],train,-66.34032836,43.35948384
German_Bank_2010,Hp10,Hp10_258155415,https://www.frdr-dfdr.ca/repo/files/9/published/publication_961/submitted_data/01_Data/images/German_Bank_2010/Hp10/Hp10_258155415.JPG,[3],train,-66.34021098,43.35963928
German_Bank_2010,Hp10,Hp10_258155431,https://www.frdr-dfdr.ca/repo/files/9/published/publication_961/submitted_data/01_Data/images/German_Bank_2010/Hp10/Hp10_258155431.JPG,[3],train,-66.3401014,43.35978987
German_Bank_2010,Hp10,Hp10_258155447,https://www.frdr-dfdr.ca/repo/files/9/published/publication_961/submitted_data/01_Data/images/German_Bank_2010/Hp10/Hp10_258155447.JPG,[3],dropped,-66.33998225,43.35995454
German_Bank_2010,Hp10,Hp10_258155503,https://www.frdr-dfdr.ca/repo/files/9/published/publication_961/submitted_data/01_Data/images/German_Bank_2010/Hp10/Hp10_258155503.JPG,[3],dropped,-66.33987119,43.36010719
German_Bank_2010,Hp10,Hp10_258155518,https://www.frdr-dfdr.ca/repo/files/9/published/publication_961/submitted_data/01_Data/images/German_Bank_2010/Hp10/Hp10_258155518.JPG,[3],test,-66.33976664,43.36025399
German_Bank_2010,Hp10,Hp10_258155534,https://www.frdr-dfdr.ca/repo/files/9/published/publication_961/submitted_data/01_Data/images/German_Bank_2010/Hp10/Hp10_258155534.JPG,[3],test,-66.33965202,43.36041722
German_Bank_2010,Hp10,Hp10_258155550,https://www.frdr-dfdr.ca/repo/files/9/published/publication_961/submitted_data/01_Data/images/German_Bank_2010/Hp10/Hp10_258155550.JPG,[3],test,-66.33953664,43.36058015
German_Bank_2010,Hp10,Hp10_258155606,https://www.frdr-dfdr.ca/repo/files/9/published/publication_961/submitted_data/01_Data/images/German_Bank_2010/Hp10/Hp10_258155606.JPG,[3],test,-66.3394166,43.36074992
German_Bank_2010,Hp10,Hp10_258155622,https://www.frdr-dfdr.ca/repo/files/9/published/publication_961/submitted_data/01_Data/images/German_Bank_2010/Hp10/Hp10_258155622.JPG,[3],test,-66.33930665,43.36090776
German_Bank_2010,Hp10,Hp10_258155638,https://www.frdr-dfdr.ca/repo/files/9/published/publication_961/submitted_data/01_Data/images/German_Bank_2010/Hp10/Hp10_258155638.JPG,[3],test,-66.33919457,43.3610706
German_Bank_2010,Hp10,Hp10_258155654,https://www.frdr-dfdr.ca/repo/files/9/published/publication_961/submitted_data/01_Data/images/German_Bank_2010/Hp10/Hp10_258155654.JPG,[3],test,-66.33908225,43.36123236
German_Bank_2010,Hp10,Hp10_258155710,https://www.frdr-dfdr.ca/repo/files/9/published/publication_961/submitted_data/01_Data/images/German_Bank_2010/Hp10/Hp10_258155710.JPG,[3],test,-66.3389693,43.36139371
German_Bank_2010,Hp10,Hp10_258155726,https://www.frdr-dfdr.ca/repo/files/9/published/publication_961/submitted_data/01_Data/images/German_Bank_2010/Hp10/Hp10_258155726.JPG,[3],test,-66.33885647,43.36155501
German_Bank_2010,Hp10,Hp10_258155741,https://www.frdr-dfdr.ca/repo/files/9/published/publication_961/submitted_data/01_Data/images/German_Bank_2010/Hp10/Hp10_258155741.JPG,[3],test,-66.33875249,43.36170624
German_Bank_2010,Hp10,Hp10_258155757,https://www.frdr-dfdr.ca/repo/files/9/published/publication_961/submitted_data/01_Data/images/German_Bank_2010/Hp10/Hp10_258155757.JPG,[3],test,-66.33864535,43.36186114
German_Bank_2010,Hp10,Hp10_258155813,https://www.frdr-dfdr.ca/repo/files/9/published/publication_961/submitted_data/01_Data/images/German_Bank_2010/Hp10/Hp10_258155813.JPG,[3],dropped,-66.33853751,43.362014
German_Bank_2010,Hp10,Hp10_258155829,https://www.frdr-dfdr.ca/repo/files/9/published/publication_961/submitted_data/01_Data/images/German_Bank_2010/Hp10/Hp10_258155829.JPG,[3],dropped,-66.33842184,43.36217616
German_Bank_2010,Hp10,Hp10_258155844,https://www.frdr-dfdr.ca/repo/files/9/published/publication_961/submitted_data/01_Data/images/German_Bank_2010/Hp10/Hp10_258155844.JPG,[3],train,-66.33832406,43.36231398
German_Bank_2010,Hp10,Hp10_258155901,https://www.frdr-dfdr.ca/repo/files/9/published/publication_961/submitted_data/01_Data/images/German_Bank_2010/Hp10/Hp10_258155901.JPG,[3],train,-66.33821077,43.36247586
German_Bank_2010,Hp10,Hp10_258155917,https://www.frdr-dfdr.ca/repo/files/9/published/publication_961/submitted_data/01_Data/images/German_Bank_2010/Hp10/Hp10_258155917.JPG,[3],train,-66.3380986,43.36263873
German_Bank_2010,Hp10,Hp10_258155933,https://www.frdr-dfdr.ca/repo/files/9/published/publication_961/submitted_data/01_Data/images/German_Bank_2010/Hp10/Hp10_258155933.JPG,[3],train,-66.3379911,43.36279757
German_Bank_2010,Hp10,Hp10_258155948,https://www.frdr-dfdr.ca/repo/files/9/published/publication_961/submitted_data/01_Data/images/German_Bank_2010/Hp10/Hp10_258155948.JPG,[3],train,-66.33788956,43.36294754
German_Bank_2010,Hp10,Hp10_258160004,https://www.frdr-dfdr.ca/repo/files/9/published/publication_961/submitted_data/01_Data/images/German_Bank_2010/Hp10/Hp10_258160004.JPG,[3],train,-66.33778187,43.36310648
German_Bank_2010,Hp10,Hp10_258160020,https://www.frdr-dfdr.ca/repo/files/9/published/publication_961/submitted_data/01_Data/images/German_Bank_2010/Hp10/Hp10_258160020.JPG,[3],train,-66.33766894,43.36327386
German_Bank_2010,Hp10,Hp10_258160036,https://www.frdr-dfdr.ca/repo/files/9/published/publication_961/submitted_data/01_Data/images/German_Bank_2010/Hp10/Hp10_258160036.JPG,[3],train,-66.33756024,43.36343771
German_Bank_2010,Hp10,Hp10_258160052,https://www.frdr-dfdr.ca/repo/files/9/published/publication_961/submitted_data/01_Data/images/German_Bank_2010/Hp10/Hp10_258160052.JPG,[3],train,-66.33744725,43.36360757
German_Bank_2010,Hp10,Hp10_258160108,https://www.frdr-dfdr.ca/repo/files/9/published/publication_961/submitted_data/01_Data/images/German_Bank_2010/Hp10/Hp10_258160108.JPG,[3],train,-66.33733271,43.36377689
German_Bank_2010,Hp10,Hp10_258160124,https://www.frdr-dfdr.ca/repo/files/9/published/publication_961/submitted_data/01_Data/images/German_Bank_2010/Hp10/Hp10_258160124.JPG,[3],train,-66.3372214,43.36393958
German_Bank_2010,Hp10,Hp10_258160140,https://www.frdr-dfdr.ca/repo/files/9/published/publication_961/submitted_data/01_Data/images/German_Bank_2010/Hp10/Hp10_258160140.JPG,[3],train,-66.33710408,43.36411003
German_Bank_2010,Hp10,Hp10_258160155,https://www.frdr-dfdr.ca/repo/files/9/published/publication_961/submitted_data/01_Data/images/German_Bank_2010/Hp10/Hp10_258160155.JPG,[3],train,-66.33699666,43.36426674
German_Bank_2010,Hp10,Hp10_258160211,https://www.frdr-dfdr.ca/repo/files/9/published/publication_961/submitted_data/01_Data/images/German_Bank_2010/Hp10/Hp10_258160211.JPG,[3],dropped,-66.3368856,43.36442729
German_Bank_2010,Hp10,Hp10_258160227,https://www.frdr-dfdr.ca/repo/files/9/published/publication_961/submitted_data/01_Data/images/German_Bank_2010/Hp10/Hp10_258160227.JPG,[3],dropped,-66.3367684,43.36459331
German_Bank_2010,Hp10,Hp10_258160243,https://www.frdr-dfdr.ca/repo/files/9/published/publication_961/submitted_data/01_Data/images/German_Bank_2010/Hp10/Hp10_258160243.JPG,[3],test,-66.33665604,43.36475156
German_Bank_2010,Hp10,Hp10_258160259,https://www.frdr-dfdr.ca/repo/files/9/published/publication_961/submitted_data/01_Data/images/German_Bank_2010/Hp10/Hp10_258160259.JPG,[3],test,-66.33653023,43.3649313
German_Bank_2010,Hp11,Hp11_257121254,https://www.frdr-dfdr.ca/repo/files/9/published/publication_961/submitted_data/01_Data/images/German_Bank_2010/Hp11/Hp11_257121254.jpg,[1],train,-66.5528331,43.37206502
German_Bank_2010,Hp11,Hp11_257121310,https://www.frdr-dfdr.ca/repo/files/9/published/publication_961/submitted_data/01_Data/images/German_Bank_2010/Hp11/Hp11_257121310.jpg,[1],train,-66.552855,43.37220147
German_Bank_2010,Hp11,Hp11_257121326,https://www.frdr-dfdr.ca/repo/files/9/published/publication_961/submitted_data/01_Data/images/German_Bank_2010/Hp11/Hp11_257121326.jpg,[1],train,-66.552878,43.37234287
German_Bank_2010,Hp11,Hp11_257121342,https://www.frdr-dfdr.ca/repo/files/9/published/publication_961/submitted_data/01_Data/images/German_Bank_2010/Hp11/Hp11_257121342.jpg,[1],train,-66.5529032,43.37249004
German_Bank_2010,Hp11,Hp11_257121358,https://www.frdr-dfdr.ca/repo/files/9/published/publication_961/submitted_data/01_Data/images/German_Bank_2010/Hp11/Hp11_257121358.jpg,[1],train,-66.55293088,43.37263605
German_Bank_2010,Hp11,Hp11_257121414,https://www.frdr-dfdr.ca/repo/files/9/published/publication_961/submitted_data/01_Data/images/German_Bank_2010/Hp11/Hp11_257121414.jpg,[1],train,-66.55296222,43.37278829
German_Bank_2010,Hp11,Hp11_257121430,https://www.frdr-dfdr.ca/repo/files/9/published/publication_961/submitted_data/01_Data/images/German_Bank_2010/Hp11/Hp11_257121430.jpg,[1],train,-66.55299434,43.3729389
German_Bank_2010,Hp11,Hp11_257121446,https://www.frdr-dfdr.ca/repo/files/9/published/publication_961/submitted_data/01_Data/images/German_Bank_2010/Hp11/Hp11_257121446.jpg,[1],train,-66.55302769,43.37309291
German_Bank_2010,Hp11,Hp11_257121502,https://www.frdr-dfdr.ca/repo/files/9/published/publication_961/submitted_data/01_Data/images/German_Bank_2010/Hp11/Hp11_257121502.jpg,[1],train,-66.5530611,43.37324627
German_Bank_2010,Hp11,Hp11_257121517,https://www.frdr-dfdr.ca/repo/files/9/published/publication_961/submitted_data/01_Data/images/German_Bank_2010/Hp11/Hp11_257121517.jpg,[1],train,-66.55309365,43.37339039
German_Bank_2010,Hp11,Hp11_257121533,https://www.frdr-dfdr.ca/repo/files/9/published/publication_961/submitted_data/01_Data/images/German_Bank_2010/Hp11/Hp11_257121533.jpg,[1],train,-66.55312909,43.37353982
German_Bank_2010,Hp11,Hp11_257121549,https://www.frdr-dfdr.ca/repo/files/9/published/publication_961/submitted_data/01_Data/images/German_Bank_2010/Hp11/Hp11_257121549.jpg,[1],train,-66.55316713,43.37369506
German_Bank_2010,Hp11,Hp11_257121605,https://www.frdr-dfdr.ca/repo/files/9/published/publication_961/submitted_data/01_Data/images/German_Bank_2010/Hp11/Hp11_257121605.jpg,[1],train,-66.55320429,43.37384547
German_Bank_2010,Hp11,Hp11_257121621,https://www.frdr-dfdr.ca/repo/files/9/published/publication_961/submitted_data/01_Data/images/German_Bank_2010/Hp11/Hp11_257121621.jpg,[1],train,-66.5532435,43.37400441
German_Bank_2010,Hp11,Hp11_257121637,https://www.frdr-dfdr.ca/repo/files/9/published/publication_961/submitted_data/01_Data/images/German_Bank_2010/Hp11/Hp11_257121637.jpg,[1],train,-66.55328199,43.37415816
German_Bank_2010,Hp11,Hp11_257121653,https://www.frdr-dfdr.ca/repo/files/9/published/publication_961/submitted_data/01_Data/images/German_Bank_2010/Hp11/Hp11_257121653.jpg,[1],train,-66.55332245,43.37431364
German_Bank_2010,Hp11,Hp11_257121709,https://www.frdr-dfdr.ca/repo/files/9/published/publication_961/submitted_data/01_Data/images/German_Bank_2010/Hp11/Hp11_257121709.jpg,[1],train,-66.55336346,43.37446653
German_Bank_2010,Hp11,Hp11_257121724,https://www.frdr-dfdr.ca/repo/files/9/published/publication_961/submitted_data/01_Data/images/German_Bank_2010/Hp11/Hp11_257121724.jpg,[1],train,-66.55340264,43.37460774
German_Bank_2010,Hp11,Hp11_257121740,https://www.frdr-dfdr.ca/repo/files/9/published/publication_961/submitted_data/01_Data/images/German_Bank_2010/Hp11/Hp11_257121740.jpg,[1],train,-66.5534476,43.37476606
German_Bank_2010,Hp11,Hp11_257121756,https://www.frdr-dfdr.ca/repo/files/9/published/publication_961/submitted_data/01_Data/images/German_Bank_2010/Hp11/Hp11_257121756.jpg,[1],train,-66.5534924,43.37492197
German_Bank_2010,Hp11,Hp11_257121812,https://www.frdr-dfdr.ca/repo/files/9/published/publication_961/submitted_data/01_Data/images/German_Bank_2010/Hp11/Hp11_257121812.jpg,[1],train,-66.55353602,43.37507699
German_Bank_2010,Hp11,Hp11_257121828,https://www.frdr-dfdr.ca/repo/files/9/published/publication_961/submitted_data/01_Data/images/German_Bank_2010/Hp11/Hp11_257121828.jpg,[1],train,-66.55358276,43.37524067
German_Bank_2010,Hp11,Hp11_257121844,https://www.frdr-dfdr.ca/repo/files/9/published/publication_961/submitted_data/01_Data/images/German_Bank_2010/Hp11/Hp11_257121844.jpg,[1],train,-66.55362872,43.37539542
German_Bank_2010,Hp11,Hp11_257121900,https://www.frdr-dfdr.ca/repo/files/9/published/publication_961/submitted_data/01_Data/images/German_Bank_2010/Hp11/Hp11_257121900.jpg,[1],dropped,-66.5536781,43.37555539
German_Bank_2010,Hp11,Hp11_257121915,https://www.frdr-dfdr.ca/repo/files/9/published/publication_961/submitted_data/01_Data/images/German_Bank_2010/Hp11/Hp11_257121915.jpg,[1],dropped,-66.55372699,43.37571212
German_Bank_2010,Hp11,Hp11_257121931,https://www.frdr-dfdr.ca/repo/files/9/published/publication_961/submitted_data/01_Data/images/German_Bank_2010/Hp11/Hp11_257121931.jpg,[1],test,-66.55377499,43.37586611
German_Bank_2010,Hp11,Hp11_257121947,https://www.frdr-dfdr.ca/repo/files/9/published/publication_961/submitted_data/01_Data/images/German_Bank_2010/Hp11/Hp11_257121947.jpg,[1],test,-66.55382594,43.37602989
German_Bank_2010,Hp11,Hp11_257122003,https://www.frdr-dfdr.ca/repo/files/9/published/publication_961/submitted_data/01_Data/images/German_Bank_2010/Hp11/Hp11_257122003.jpg,[1],test,-66.55387898,43.37619718
German_Bank_2010,Hp11,Hp11_257122019,https://www.frdr-dfdr.ca/repo/files/9/published/publication_961/submitted_data/01_Data/images/German_Bank_2010/Hp11/Hp11_257122019.jpg,[1],test,-66.55393151,43.37635971
German_Bank_2010,Hp11,Hp11_257122035,https://www.frdr-dfdr.ca/repo/files/9/published/publication_961/submitted_data/01_Data/images/German_Bank_2010/Hp11/Hp11_257122035.jpg,[1],test,-66.55398528,43.37652256
German_Bank_2010,Hp11,Hp11_257122050,https://www.frdr-dfdr.ca/repo/files/9/published/publication_961/submitted_data/01_Data/images/German_Bank_2010/Hp11/Hp11_257122050.jpg,[1],test,-66.55403509,43.37667347
German_Bank_2010,Hp11,Hp11_257122107,https://www.frdr-dfdr.ca/repo/files/9/published/publication_961/submitted_data/01_Data/images/German_Bank_2010/Hp11/Hp11_257122107.jpg,[1],test,-66.55409076,43.37685324
German_Bank_2010,Hp11,Hp11_257122122,https://www.frdr-dfdr.ca/repo/files/9/published/publication_961/submitted_data/01_Data/images/German_Bank_2010/Hp11/Hp11_257122122.jpg,[1],test,-66.55413594,43.37701236
German_Bank_2010,Hp11,Hp11_257122138,https://www.frdr-dfdr.ca/repo/files/9/published/publication_961/submitted_data/01_Data/images/German_Bank_2010/Hp11/Hp11_257122138.jpg,[1],test,-66.55418166,43.37718586
German_Bank_2010,Hp11,Hp11_257122154,https://www.frdr-dfdr.ca/repo/files/9/published/publication_961/submitted_data/01_Data/images/German_Bank_2010/Hp11/Hp11_257122154.jpg,[1],test,-66.55422291,43.3773522
German_Bank_2010,Hp11,Hp11_257122210,https://www.frdr-dfdr.ca/repo/files/9/published/publication_961/submitted_data/01_Data/images/German_Bank_2010/Hp11/Hp11_257122210.jpg,[1],test,-66.55426351,43.37752481
German_Bank_2010,Hp11,Hp11_257122226,https://www.frdr-dfdr.ca/repo/files/9/published/publication_961/submitted_data/01_Data/images/German_Bank_2010/Hp11/Hp11_257122226.jpg,[1],test,-66.55430163,43.37769273
German_Bank_2010,Hp11,Hp11_257122242,https://www.frdr-dfdr.ca/repo/files/9/published/publication_961/submitted_data/01_Data/images/German_Bank_2010/Hp11/Hp11_257122242.jpg,[1],test,-66.55433992,43.37786694
German_Bank_2010,Hp11,Hp11_257122258,https://www.frdr-dfdr.ca/repo/files/9/published/publication_961/submitted_data/01_Data/images/German_Bank_2010/Hp11/Hp11_257122258.jpg,[1],test,-66.55437852,43.37805104
German_Bank_2010,Hp11,Hp11_257122314,https://www.frdr-dfdr.ca/repo/files/9/published/publication_961/submitted_data/01_Data/images/German_Bank_2010/Hp11/Hp11_257122314.jpg,[1],dropped,-66.55441146,43.37822007
German_Bank_2010,Hp11,Hp11_257122329,https://www.frdr-dfdr.ca/repo/files/9/published/publication_961/submitted_data/01_Data/images/German_Bank_2010/Hp11/Hp11_257122329.jpg,[1],dropped,-66.55444151,43.3783911
German_Bank_2010,Hp11,Hp11_257122345,https://www.frdr-dfdr.ca/repo/files/9/published/publication_961/submitted_data/01_Data/images/German_Bank_2010/Hp11/Hp11_257122345.jpg,[1],train,-66.55447045,43.37857127
German_Bank_2010,Hp11,Hp11_257122401,https://www.frdr-dfdr.ca/repo/files/9/published/publication_961/submitted_data/01_Data/images/German_Bank_2010/Hp11/Hp11_257122401.jpg,[1],train,-66.5544959,43.37874451
German_Bank_2010,Hp11,Hp11_257122417,https://www.frdr-dfdr.ca/repo/files/9/published/publication_961/submitted_data/01_Data/images/German_Bank_2010/Hp11/Hp11_257122417.jpg,[1],train,-66.55451778,43.37890479
German_Bank_2010,Hp11,Hp11_257122433,https://www.frdr-dfdr.ca/repo/files/9/published/publication_961/submitted_data/01_Data/images/German_Bank_2010/Hp11/Hp11_257122433.jpg,[1],train,-66.55453957,43.37907872
German_Bank_2010,Hp11,Hp11_257122449,https://www.frdr-dfdr.ca/repo/files/9/published/publication_961/submitted_data/01_Data/images/German_Bank_2010/Hp11/Hp11_257122449.jpg,[1],train,-66.55456151,43.37928092
German_Bank_2010,Hp11,Hp11_257122504,https://www.frdr-dfdr.ca/repo/files/9/published/publication_961/submitted_data/01_Data/images/German_Bank_2010/Hp11/Hp11_257122504.jpg,[1],train,-66.55457809,43.37943847
German_Bank_2010,Hp11,Hp11_257122521,https://www.frdr-dfdr.ca/repo/files/9/published/publication_961/submitted_data/01_Data/images/German_Bank_2010/Hp11/Hp11_257122521.jpg,[1],train,-66.55459914,43.37962527
German_Bank_2010,Hp11,Hp11_257122536,https://www.frdr-dfdr.ca/repo/files/9/published/publication_961/submitted_data/01_Data/images/German_Bank_2010/Hp11/Hp11_257122536.jpg,[1],train,-66.55461821,43.37978313
German_Bank_2010,Hp11,Hp11_257122552,https://www.frdr-dfdr.ca/repo/files/9/published/publication_961/submitted_data/01_Data/images/German_Bank_2010/Hp11/Hp11_257122552.jpg,[1],train,-66.55463952,43.37995394
German_Bank_2010,Hp11,Hp11_257122608,https://www.frdr-dfdr.ca/repo/files/9/published/publication_961/submitted_data/01_Data/images/German_Bank_2010/Hp11/Hp11_257122608.jpg,[1],train,-66.55466102,43.38012859
German_Bank_2010,Hp11,Hp11_257122624,https://www.frdr-dfdr.ca/repo/files/9/published/publication_961/submitted_data/01_Data/images/German_Bank_2010/Hp11/Hp11_257122624.jpg,[1],train,-66.55468232,43.3802933
German_Bank_2010,Hp11,Hp11_257122640,https://www.frdr-dfdr.ca/repo/files/9/published/publication_961/submitted_data/01_Data/images/German_Bank_2010/Hp11/Hp11_257122640.jpg,[1],train,-66.55470615,43.38045858
German_Bank_2010,Hp11,Hp11_257122656,https://www.frdr-dfdr.ca/repo/files/9/published/publication_961/submitted_data/01_Data/images/German_Bank_2010/Hp11/Hp11_257122656.jpg,[1],train,-66.55473128,43.38062178
German_Bank_2010,Hp11,Hp11_257122711,https://www.frdr-dfdr.ca/repo/files/9/published/publication_961/submitted_data/01_Data/images/German_Bank_2010/Hp11/Hp11_257122711.jpg,[1],train,-66.55475899,43.38079859
German_Bank_2010,Hp11,Hp11_257122714,https://www.frdr-dfdr.ca/repo/files/9/published/publication_961/submitted_data/01_Data/images/German_Bank_2010/Hp11/Hp11_257122714.jpg,[1],train,-66.55476582,43.38084236
German_Bank_2010,Hp12,Hp12_256154213,https://www.frdr-dfdr.ca/repo/files/9/published/publication_961/submitted_data/01_Data/images/German_Bank_2010/Hp12/Hp12_256154213.JPG,[0],train,-66.68618639,43.31721087
German_Bank_2010,Hp12,Hp12_256154229,https://www.frdr-dfdr.ca/repo/files/9/published/publication_961/submitted_data/01_Data/images/German_Bank_2010/Hp12/Hp12_256154229.JPG,[0],train,-66.68612949,43.31713225
German_Bank_2010,Hp12,Hp12_256154245,https://www.frdr-dfdr.ca/repo/files/9/published/publication_961/submitted_data/01_Data/images/German_Bank_2010/Hp12/Hp12_256154245.JPG,[0],train,-66.6860695,43.31705018
German_Bank_2010,Hp12,Hp12_256154300,https://www.frdr-dfdr.ca/repo/files/9/published/publication_961/submitted_data/01_Data/images/German_Bank_2010/Hp12/Hp12_256154300.JPG,[0],train,-66.68601721,43.31697855
German_Bank_2010,Hp12,Hp12_256154316,https://www.frdr-dfdr.ca/repo/files/9/published/publication_961/submitted_data/01_Data/images/German_Bank_2010/Hp12/Hp12_256154316.JPG,[0],train,-66.68596601,43.31690738
German_Bank_2010,Hp12,Hp12_256154331,https://www.frdr-dfdr.ca/repo/files/9/published/publication_961/submitted_data/01_Data/images/German_Bank_2010/Hp12/Hp12_256154331.JPG,[0],train,-66.6859168,43.31683875
German_Bank_2010,Hp12,Hp12_256154345,https://www.frdr-dfdr.ca/repo/files/9/published/publication_961/submitted_data/01_Data/images/German_Bank_2010/Hp12/Hp12_256154345.JPG,[0],train,-66.68586723,43.31677086
German_Bank_2010,Hp12,Hp12_256154402,https://www.frdr-dfdr.ca/repo/files/9/published/publication_961/submitted_data/01_Data/images/German_Bank_2010/Hp12/Hp12_256154402.JPG,[0],train,-66.68581416,43.31669885
German_Bank_2010,Hp12,Hp12_256154418,https://www.frdr-dfdr.ca/repo/files/9/published/publication_961/submitted_data/01_Data/images/German_Bank_2010/Hp12/Hp12_256154418.JPG,[0],train,-66.68576263,43.31662824
German_Bank_2010,Hp12,Hp12_256154434,https://www.frdr-dfdr.ca/repo/files/9/published/publication_961/submitted_data/01_Data/images/German_Bank_2010/Hp12/Hp12_256154434.JPG,[0],train,-66.68570834,43.31655421
German_Bank_2010,Hp12,Hp12_256154449,https://www.frdr-dfdr.ca/repo/files/9/published/publication_961/submitted_data/01_Data/images/German_Bank_2010/Hp12/Hp12_256154449.JPG,[0],train,-66.68566182,43.3164917
German_Bank_2010,Hp12,Hp12_256154506,https://www.frdr-dfdr.ca/repo/files/9/published/publication_961/submitted_data/01_Data/images/German_Bank_2010/Hp12/Hp12_256154506.JPG,[0],train,-66.68561251,43.31642557
German_Bank_2010,Hp12,Hp12_256154522,https://www.frdr-dfdr.ca/repo/files/9/published/publication_961/submitted_data/01_Data/images/German_Bank_2010/Hp12/Hp12_256154522.JPG,[0],train,-66.68556133,43.31635727
German_Bank_2010,Hp12,Hp12_256154537,https://www.frdr-dfdr.ca/repo/files/9/published/publication_961/submitted_data/01_Data/images/German_Bank_2010/Hp12/Hp12_256154537.JPG,[0],train,-66.6855061,43.31628336
German_Bank_2010,Hp12,Hp12_256154553,https://www.frdr-dfdr.ca/repo/files/9/published/publication_961/submitted_data/01_Data/images/German_Bank_2010/Hp12/Hp12_256154553.JPG,[0],train,-66.6854501,43.31620794
German_Bank_2010,Hp12,Hp12_256154609,https://www.frdr-dfdr.ca/repo/files/9/published/publication_961/submitted_data/01_Data/images/German_Bank_2010/Hp12/Hp12_256154609.JPG,[0],train,-66.68539157,43.31612786
German_Bank_2010,Hp12,Hp12_256154625,https://www.frdr-dfdr.ca/repo/files/9/published/publication_961/submitted_data/01_Data/images/German_Bank_2010/Hp12/Hp12_256154625.JPG,[0],train,-66.6853331,43.31604722
German_Bank_2010,Hp12,Hp12_256154640,https://www.frdr-dfdr.ca/repo/files/9/published/publication_961/submitted_data/01_Data/images/German_Bank_2010/Hp12/Hp12_256154640.JPG,[0],train,-66.68527651,43.3159691
German_Bank_2010,Hp12,Hp12_256154657,https://www.frdr-dfdr.ca/repo/files/9/published/publication_961/submitted_data/01_Data/images/German_Bank_2010/Hp12/Hp12_256154657.JPG,[0],train,-66.68520751,43.31587399
German_Bank_2010,Hp12,Hp12_256154713,https://www.frdr-dfdr.ca/repo/files/9/published/publication_961/submitted_data/01_Data/images/German_Bank_2010/Hp12/Hp12_256154713.JPG,[0],train,-66.68514372,43.31578516
German_Bank_2010,Hp12,Hp12_256154728,https://www.frdr-dfdr.ca/repo/files/9/published/publication_961/submitted_data/01_Data/images/German_Bank_2010/Hp12/Hp12_256154728.JPG,[0],train,-66.68507812,43.31569282
German_Bank_2010,Hp12,Hp12_256154744,https://www.frdr-dfdr.ca/repo/files/9/published/publication_961/submitted_data/01_Data/images/German_Bank_2010/Hp12/Hp12_256154744.JPG,[0],train,-66.68500581,43.31559037
German_Bank_2010,Hp12,Hp12_256154800,https://www.frdr-dfdr.ca/repo/files/9/published/publication_961/submitted_data/01_Data/images/German_Bank_2010/Hp12/Hp12_256154800.JPG,[0],train,-66.68492877,43.31547932
German_Bank_2010,Hp12,Hp12_256154815,https://www.frdr-dfdr.ca/repo/files/9/published/publication_961/submitted_data/01_Data/images/German_Bank_2010/Hp12/Hp12_256154815.JPG,[0],train,-66.68483697,43.31534638
German_Bank_2010,Hp12,Hp12_256154832,https://www.frdr-dfdr.ca/repo/files/9/published/publication_961/submitted_data/01_Data/images/German_Bank_2010/Hp12/Hp12_256154832.JPG,[0],train,-66.68472144,43.31518049
German_Bank_2010,Hp12,Hp12_256154848,https://www.frdr-dfdr.ca/repo/files/9/published/publication_961/submitted_data/01_Data/images/German_Bank_2010/Hp12/Hp12_256154848.JPG,[0],train,-66.68460136,43.31501013
German_Bank_2010,Hp12,Hp12_256154904,https://www.frdr-dfdr.ca/repo/files/9/published/publication_961/submitted_data/01_Data/images/German_Bank_2010/Hp12/Hp12_256154904.JPG,[0],train,-66.68447253,43.31482749
German_Bank_2010,Hp12,Hp12_256154919,https://www.frdr-dfdr.ca/repo/files/9/published/publication_961/submitted_data/01_Data/images/German_Bank_2010/Hp12/Hp12_256154919.JPG,[0],train,-66.68435576,43.31465883
German_Bank_2010,Hp12,Hp12_256154935,https://www.frdr-dfdr.ca/repo/files/9/published/publication_961/submitted_data/01_Data/images/German_Bank_2010/Hp12/Hp12_256154935.JPG,[0],train,-66.68430007,43.31457724
German_Bank_2010,Hp12,Hp12_256154950,https://www.frdr-dfdr.ca/repo/files/9/published/publication_961/submitted_data/01_Data/images/German_Bank_2010/Hp12/Hp12_256154950.JPG,[0],train,-66.68426661,43.31452751
German_Bank_2010,Hp14,Hp14_261165054,https://www.frdr-dfdr.ca/repo/files/9/published/publication_961/submitted_data/01_Data/images/German_Bank_2010/Hp14/Hp14_261165054.JPG,[4],train,-66.08929353,43.2729922
German_Bank_2010,Hp14,Hp14_261165110,https://www.frdr-dfdr.ca/repo/files/9/published/publication_961/submitted_data/01_Data/images/German_Bank_2010/Hp14/Hp14_261165110.JPG,[4],train,-66.08932506,43.27307925
German_Bank_2010,Hp14,Hp14_261165125,https://www.frdr-dfdr.ca/repo/files/9/published/publication_961/submitted_data/01_Data/images/German_Bank_2010/Hp14/Hp14_261165125.JPG,[4],train,-66.08936013,43.27319026
German_Bank_2010,Hp14,Hp14_261165141,https://www.frdr-dfdr.ca/repo/files/9/published/publication_961/submitted_data/01_Data/images/German_Bank_2010/Hp14/Hp14_261165141.JPG,[4],train,-66.08939452,43.27330864
German_Bank_2010,Hp14,Hp14_261165157,https://www.frdr-dfdr.ca/repo/files/9/published/publication_961/submitted_data/01_Data/images/German_Bank_2010/Hp14/Hp14_261165157.JPG,[4],train,-66.08942247,43.27340697
German_Bank_2010,Hp14,Hp14_261165213,https://www.frdr-dfdr.ca/repo/files/9/published/publication_961/submitted_data/01_Data/images/German_Bank_2010/Hp14/Hp14_261165213.JPG,[4],train,-66.08945228,43.27351864
German_Bank_2010,Hp14,Hp14_261165229,https://www.frdr-dfdr.ca/repo/files/9/published/publication_961/submitted_data/01_Data/images/German_Bank_2010/Hp14/Hp14_261165229.JPG,[4],train,-66.08947848,43.27362919
German_Bank_2010,Hp14,Hp14_261165245,https://www.frdr-dfdr.ca/repo/files/9/published/publication_961/submitted_data/01_Data/images/German_Bank_2010/Hp14/Hp14_261165245.JPG,[4],train,-66.08950229,43.27374074
German_Bank_2010,Hp14,Hp14_261165300,https://www.frdr-dfdr.ca/repo/files/9/published/publication_961/submitted_data/01_Data/images/German_Bank_2010/Hp14/Hp14_261165300.JPG,[4],train,-66.08952743,43.27385881
German_Bank_2010,Hp14,Hp14_261165317,https://www.frdr-dfdr.ca/repo/files/9/published/publication_961/submitted_data/01_Data/images/German_Bank_2010/Hp14/Hp14_261165317.JPG,[4],train,-66.08956014,43.27401985
German_Bank_2010,Hp14,Hp14_261165332,https://www.frdr-dfdr.ca/repo/files/9/published/publication_961/submitted_data/01_Data/images/German_Bank_2010/Hp14/Hp14_261165332.JPG,[4],train,-66.08958814,43.27417145
German_Bank_2010,Hp14,Hp14_261165348,https://www.frdr-dfdr.ca/repo/files/9/published/publication_961/submitted_data/01_Data/images/German_Bank_2010/Hp14/Hp14_261165348.JPG,[4],train,-66.08961763,43.27434998
German_Bank_2010,Hp14,Hp14_261165404,https://www.frdr-dfdr.ca/repo/files/9/published/publication_961/submitted_data/01_Data/images/German_Bank_2010/Hp14/Hp14_261165404.JPG,[4],train,-66.08965051,43.27454036
German_Bank_2010,Hp14,Hp14_261165407,https://www.frdr-dfdr.ca/repo/files/9/published/publication_961/submitted_data/01_Data/images/German_Bank_2010/Hp14/Hp14_261165407.JPG,[4],train,-66.08965726,43.27457818
German_Bank_2010,Hp14,Hp14_261165420,https://www.frdr-dfdr.ca/repo/files/9/published/publication_961/submitted_data/01_Data/images/German_Bank_2010/Hp14/Hp14_261165420.JPG,[4],train,-66.08968773,43.2747345
German_Bank_2010,Hp14,Hp14_261165436,https://www.frdr-dfdr.ca/repo/files/9/published/publication_961/submitted_data/01_Data/images/German_Bank_2010/Hp14/Hp14_261165436.JPG,[4],train,-66.08972036,43.27490878
German_Bank_2010,Hp14,Hp14_261165449,https://www.frdr-dfdr.ca/repo/files/9/published/publication_961/submitted_data/01_Data/images/German_Bank_2010/Hp14/Hp14_261165449.JPG,[4],train,-66.08974927,43.2750672
German_Bank_2010,Hp14,Hp14_261165452,https://www.frdr-dfdr.ca/repo/files/9/published/publication_961/submitted_data/01_Data/images/German_Bank_2010/Hp14/Hp14_261165452.JPG,[4],train,-66.08975523,43.2751004
German_Bank_2010,Hp14,Hp14_261165507,https://www.frdr-dfdr.ca/repo/files/9/published/publication_961/submitted_data/01_Data/images/German_Bank_2010/Hp14/Hp14_261165507.JPG,[4],train,-66.08979102,43.27527947
German_Bank_2010,Hp14,Hp14_261165511,https://www.frdr-dfdr.ca/repo/files/9/published/publication_961/submitted_data/01_Data/images/German_Bank_2010/Hp14/Hp14_261165511.JPG,[4],train,-66.08980144,43.2753281
German_Bank_2010,Hp14,Hp14_261165523,https://www.frdr-dfdr.ca/repo/files/9/published/publication_961/submitted_data/01_Data/images/German_Bank_2010/Hp14/Hp14_261165523.JPG,[4],train,-66.08983948,43.27548651
German_Bank_2010,Hp14,Hp14_261165539,https://www.frdr-dfdr.ca/repo/files/9/published/publication_961/submitted_data/01_Data/images/German_Bank_2010/Hp14/Hp14_261165539.JPG,[4],train,-66.0898869,43.27566096
German_Bank_2010,Hp14,Hp14_261165543,https://www.frdr-dfdr.ca/repo/files/9/published/publication_961/submitted_data/01_Data/images/German_Bank_2010/Hp14/Hp14_261165543.JPG,[4],train,-66.08989529,43.27569017
German_Bank_2010,Hp14,Hp14_261165555,https://www.frdr-dfdr.ca/repo/files/9/published/publication_961/submitted_data/01_Data/images/German_Bank_2010/Hp14/Hp14_261165555.JPG,[4],train,-66.08993462,43.27582671
German_Bank_2010,Hp14,Hp14_261165610,https://www.frdr-dfdr.ca/repo/files/9/published/publication_961/submitted_data/01_Data/images/German_Bank_2010/Hp14/Hp14_261165610.JPG,[4],train,-66.08997856,43.27597637
German_Bank_2010,Hp14,Hp14_261165627,https://www.frdr-dfdr.ca/repo/files/9/published/publication_961/submitted_data/01_Data/images/German_Bank_2010/Hp14/Hp14_261165627.JPG,[4],train,-66.0900278,43.27614017
German_Bank_2010,Hp14,Hp14_261165642,https://www.frdr-dfdr.ca/repo/files/9/published/publication_961/submitted_data/01_Data/images/German_Bank_2010/Hp14/Hp14_261165642.JPG,[4],train,-66.09007539,43.27629923
German_Bank_2010,Hp14,Hp14_261165658,https://www.frdr-dfdr.ca/repo/files/9/published/publication_961/submitted_data/01_Data/images/German_Bank_2010/Hp14/Hp14_261165658.JPG,[4],train,-66.09012072,43.27645477
German_Bank_2010,Hp14,Hp14_261165714,https://www.frdr-dfdr.ca/repo/files/9/published/publication_961/submitted_data/01_Data/images/German_Bank_2010/Hp14/Hp14_261165714.JPG,[4],train,-66.09016464,43.27660826
German_Bank_2010,Hp14,Hp14_261165720,https://www.frdr-dfdr.ca/repo/files/9/published/publication_961/submitted_data/01_Data/images/German_Bank_2010/Hp14/Hp14_261165720.JPG,[4],train,-66.09018205,43.27666674
German_Bank_2010,Hp14,Hp14_261165727,https://www.frdr-dfdr.ca/repo/files/9/published/publication_961/submitted_data/01_Data/images/German_Bank_2010/Hp14/Hp14_261165727.JPG,[4],train,-66.09020189,43.2767309
German_Bank_2010,Hp14,Hp14_261165745,https://www.frdr-dfdr.ca/repo/files/9/published/publication_961/submitted_data/01_Data/images/German_Bank_2010/Hp14/Hp14_261165745.JPG,[4],train,-66.09026217,43.27692536
German_Bank_2010,Hp14,Hp14_261165800,https://www.frdr-dfdr.ca/repo/files/9/published/publication_961/submitted_data/01_Data/images/German_Bank_2010/Hp14/Hp14_261165800.JPG,[4],train,-66.09030549,43.27706238
German_Bank_2010,Hp14,Hp14_261165805,https://www.frdr-dfdr.ca/repo/files/9/published/publication_961/submitted_data/01_Data/images/German_Bank_2010/Hp14/Hp14_261165805.JPG,[4],train,-66.09032143,43.27711255
German_Bank_2010,Hp14,Hp14_261165816,https://www.frdr-dfdr.ca/repo/files/9/published/publication_961/submitted_data/01_Data/images/German_Bank_2010/Hp14/Hp14_261165816.JPG,[4],train,-66.09035615,43.27722293
German_Bank_2010,Hp14,Hp14_261165833,https://www.frdr-dfdr.ca/repo/files/9/published/publication_961/submitted_data/01_Data/images/German_Bank_2010/Hp14/Hp14_261165833.JPG,[4],train,-66.09040894,43.27738672
German_Bank_2010,Hp14,Hp14_261165848,https://www.frdr-dfdr.ca/repo/files/9/published/publication_961/submitted_data/01_Data/images/German_Bank_2010/Hp14/Hp14_261165848.JPG,[4],train,-66.09045787,43.27753887
German_Bank_2010,Hp14,Hp14_261165855,https://www.frdr-dfdr.ca/repo/files/9/published/publication_961/submitted_data/01_Data/images/German_Bank_2010/Hp14/Hp14_261165855.JPG,[4],train,-66.09048073,43.27761125
German_Bank_2010,Hp14,Hp14_261165903,https://www.frdr-dfdr.ca/repo/files/9/published/publication_961/submitted_data/01_Data/images/German_Bank_2010/Hp14/Hp14_261165903.JPG,[4],train,-66.09050585,43.27769299
German_Bank_2010,Hp14,Hp14_261165913,https://www.frdr-dfdr.ca/repo/files/9/published/publication_961/submitted_data/01_Data/images/German_Bank_2010/Hp14/Hp14_261165913.JPG,[4],train,-66.09053678,43.27779364
German_Bank_2010,Hp14,Hp14_261165919,https://www.frdr-dfdr.ca/repo/files/9/published/publication_961/submitted_data/01_Data/images/German_Bank_2010/Hp14/Hp14_261165919.JPG,[4],train,-66.09055361,43.27784784
German_Bank_2010,Hp14,Hp14_261165935,https://www.frdr-dfdr.ca/repo/files/9/published/publication_961/submitted_data/01_Data/images/German_Bank_2010/Hp14/Hp14_261165935.JPG,[4],train,-66.09059992,43.27799826
German_Bank_2010,Hp14,Hp14_261165943,https://www.frdr-dfdr.ca/repo/files/9/published/publication_961/submitted_data/01_Data/images/German_Bank_2010/Hp14/Hp14_261165943.JPG,[4],train,-66.09062245,43.27806998
German_Bank_2010,Hp14,Hp14_261165952,https://www.frdr-dfdr.ca/repo/files/9/published/publication_961/submitted_data/01_Data/images/German_Bank_2010/Hp14/Hp14_261165952.JPG,[4],train,-66.0906528,43.27816728
German_Bank_2010,Hp14,Hp14_261170004,https://www.frdr-dfdr.ca/repo/files/9/published/publication_961/submitted_data/01_Data/images/German_Bank_2010/Hp14/Hp14_261170004.JPG,[4],train,-66.09069367,43.27829562
German_Bank_2010,Hp14,Hp14_261170007,https://www.frdr-dfdr.ca/repo/files/9/published/publication_961/submitted_data/01_Data/images/German_Bank_2010/Hp14/Hp14_261170007.JPG,[4],train,-66.09070319,43.27832491
German_Bank_2010,Hp14,Hp14_261170016,https://www.frdr-dfdr.ca/repo/files/9/published/publication_961/submitted_data/01_Data/images/German_Bank_2010/Hp14/Hp14_261170016.JPG,[4],train,-66.09073398,43.27841838
German_Bank_2010,Hp14,Hp14_261170022,https://www.frdr-dfdr.ca/repo/files/9/published/publication_961/submitted_data/01_Data/images/German_Bank_2010/Hp14/Hp14_261170022.JPG,[4],train,-66.09075812,43.27849028
German_Bank_2010,Hp14,Hp14_261170038,https://www.frdr-dfdr.ca/repo/files/9/published/publication_961/submitted_data/01_Data/images/German_Bank_2010/Hp14/Hp14_261170038.JPG,[4],train,-66.09081261,43.27864822
German_Bank_2010,Hp14,Hp14_261170049,https://www.frdr-dfdr.ca/repo/files/9/published/publication_961/submitted_data/01_Data/images/German_Bank_2010/Hp14/Hp14_261170049.JPG,[4],train,-66.0908533,43.27876444
German_Bank_2010,Hp14,Hp14_261170055,https://www.frdr-dfdr.ca/repo/files/9/published/publication_961/submitted_data/01_Data/images/German_Bank_2010/Hp14/Hp14_261170055.JPG,[4],train,-66.09087222,43.27881693
German_Bank_2010,Hp14,Hp14_261170109,https://www.frdr-dfdr.ca/repo/files/9/published/publication_961/submitted_data/01_Data/images/German_Bank_2010/Hp14/Hp14_261170109.JPG,[4],dropped,-66.09092306,43.27895509
German_Bank_2010,Hp14,Hp14_261170125,https://www.frdr-dfdr.ca/repo/files/9/published/publication_961/submitted_data/01_Data/images/German_Bank_2010/Hp14/Hp14_261170125.JPG,[4],dropped,-66.09098832,43.27912305
German_Bank_2010,Hp14,Hp14_261170141,https://www.frdr-dfdr.ca/repo/files/9/published/publication_961/submitted_data/01_Data/images/German_Bank_2010/Hp14/Hp14_261170141.JPG,[4],test,-66.09104702,43.27927985
German_Bank_2010,Hp14,Hp14_261170149,https://www.frdr-dfdr.ca/repo/files/9/published/publication_961/submitted_data/01_Data/images/German_Bank_2010/Hp14/Hp14_261170149.JPG,[4],test,-66.09107765,43.27936664
German_Bank_2010,Hp14,Hp14_261170157,https://www.frdr-dfdr.ca/repo/files/9/published/publication_961/submitted_data/01_Data/images/German_Bank_2010/Hp14/Hp14_261170157.JPG,[4],test,-66.09110252,43.27943876
German_Bank_2010,Hp14,Hp14_261170202,https://www.frdr-dfdr.ca/repo/files/9/published/publication_961/submitted_data/01_Data/images/German_Bank_2010/Hp14/Hp14_261170202.JPG,[4],test,-66.09112316,43.27949673
German_Bank_2010,Hp14,Hp14_261170206,https://www.frdr-dfdr.ca/repo/files/9/published/publication_961/submitted_data/01_Data/images/German_Bank_2010/Hp14/Hp14_261170206.JPG,[4],test,-66.09113479,43.27953015
German_Bank_2010,Hp14,Hp14_261170212,https://www.frdr-dfdr.ca/repo/files/9/published/publication_961/submitted_data/01_Data/images/German_Bank_2010/Hp14/Hp14_261170212.JPG,[4],test,-66.09115973,43.27959928
German_Bank_2010,Hp14,Hp14_261170228,https://www.frdr-dfdr.ca/repo/files/9/published/publication_961/submitted_data/01_Data/images/German_Bank_2010/Hp14/Hp14_261170228.JPG,[4],dropped,-66.09121782,43.27975812
German_Bank_2010,Hp14,Hp14_261170232,https://www.frdr-dfdr.ca/repo/files/9/published/publication_961/submitted_data/01_Data/images/German_Bank_2010/Hp14/Hp14_261170232.JPG,[4],dropped,-66.09123299,43.27979974
German_Bank_2010,Hp14,Hp14_261170244,https://www.frdr-dfdr.ca/repo/files/9/published/publication_961/submitted_data/01_Data/images/German_Bank_2010/Hp14/Hp14_261170244.JPG,[4],dropped,-66.09128264,43.27993541
German_Bank_2010,Hp14,Hp14_261170300,https://www.frdr-dfdr.ca/repo/files/9/published/publication_961/submitted_data/01_Data/images/German_Bank_2010/Hp14/Hp14_261170300.JPG,[4],train,-66.09133797,43.28008378
German_Bank_2010,Hp14,Hp14_261170315,https://www.frdr-dfdr.ca/repo/files/9/published/publication_961/submitted_data/01_Data/images/German_Bank_2010/Hp14/Hp14_261170315.JPG,[4],train,-66.09139093,43.28022456
German_Bank_2010,Hp14,Hp14_261170330,https://www.frdr-dfdr.ca/repo/files/9/published/publication_961/submitted_data/01_Data/images/German_Bank_2010/Hp14/Hp14_261170330.JPG,[4],train,-66.09144637,43.28037352
German_Bank_2010,Hp14,Hp14_261170343,https://www.frdr-dfdr.ca/repo/files/9/published/publication_961/submitted_data/01_Data/images/German_Bank_2010/Hp14/Hp14_261170343.JPG,[4],train,-66.09149734,43.28051231
German_Bank_2010,Hp14,Hp14_261170347,https://www.frdr-dfdr.ca/repo/files/9/published/publication_961/submitted_data/01_Data/images/German_Bank_2010/Hp14/Hp14_261170347.JPG,[4],train,-66.09151147,43.2805508
German_Bank_2010,Hp14,Hp14_261170355,https://www.frdr-dfdr.ca/repo/files/9/published/publication_961/submitted_data/01_Data/images/German_Bank_2010/Hp14/Hp14_261170355.JPG,[4],train,-66.09154204,43.28063639
German_Bank_2010,Hp14,Hp14_261170402,https://www.frdr-dfdr.ca/repo/files/9/published/publication_961/submitted_data/01_Data/images/German_Bank_2010/Hp14/Hp14_261170402.JPG,[4],train,-66.09156835,43.28071085
German_Bank_2010,Hp14,Hp14_261170417,https://www.frdr-dfdr.ca/repo/files/9/published/publication_961/submitted_data/01_Data/images/German_Bank_2010/Hp14/Hp14_261170417.JPG,[4],train,-66.09162367,43.28086698
German_Bank_2010,Hp14,Hp14_261170427,https://www.frdr-dfdr.ca/repo/files/9/published/publication_961/submitted_data/01_Data/images/German_Bank_2010/Hp14/Hp14_261170427.JPG,[4],train,-66.09166041,43.28096926
German_Bank_2010,Hp14,Hp14_261170432,https://www.frdr-dfdr.ca/repo/files/9/published/publication_961/submitted_data/01_Data/images/German_Bank_2010/Hp14/Hp14_261170432.JPG,[4],train,-66.09167828,43.28101856
German_Bank_2010,Hp14,Hp14_261170448,https://www.frdr-dfdr.ca/repo/files/9/published/publication_961/submitted_data/01_Data/images/German_Bank_2010/Hp14/Hp14_261170448.JPG,[4],dropped,-66.09174172,43.28119494
German_Bank_2010,Hp14,Hp14_261170504,https://www.frdr-dfdr.ca/repo/files/9/published/publication_961/submitted_data/01_Data/images/German_Bank_2010/Hp14/Hp14_261170504.JPG,[4],dropped,-66.09179738,43.28134536
German_Bank_2010,Hp14,Hp14_261170520,https://www.frdr-dfdr.ca/repo/files/9/published/publication_961/submitted_data/01_Data/images/German_Bank_2010/Hp14/Hp14_261170520.JPG,[4],test,-66.0918562,43.28150428
German_Bank_2010,Hp14,Hp14_261170536,https://www.frdr-dfdr.ca/repo/files/9/published/publication_961/submitted_data/01_Data/images/German_Bank_2010/Hp14/Hp14_261170536.JPG,[4],test,-66.09191826,43.2816767
German_Bank_2010,Hp14,Hp14_261170552,https://www.frdr-dfdr.ca/repo/files/9/published/publication_961/submitted_data/01_Data/images/German_Bank_2010/Hp14/Hp14_261170552.JPG,[4],test,-66.09197966,43.2818462
German_Bank_2010,Hp14,Hp14_261170559,https://www.frdr-dfdr.ca/repo/files/9/published/publication_961/submitted_data/01_Data/images/German_Bank_2010/Hp14/Hp14_261170559.JPG,[4],test,-66.09200396,43.28191593
German_Bank_2010,Hp14,Hp14_261170608,https://www.frdr-dfdr.ca/repo/files/9/published/publication_961/submitted_data/01_Data/images/German_Bank_2010/Hp14/Hp14_261170608.JPG,[4],test,-66.09204336,43.28202236
German_Bank_2010,Hp14,Hp14_261170610,https://www.frdr-dfdr.ca/repo/files/9/published/publication_961/submitted_data/01_Data/images/German_Bank_2010/Hp14/Hp14_261170610.JPG,[4],test,-66.09205323,43.28204781
German_Bank_2010,Hp14,Hp14_261170624,https://www.frdr-dfdr.ca/repo/files/9/published/publication_961/submitted_data/01_Data/images/German_Bank_2010/Hp14/Hp14_261170624.JPG,[4],test,-66.09211521,43.28220872
German_Bank_2010,Hp15,Hp15_259195435,https://www.frdr-dfdr.ca/repo/files/9/published/publication_961/submitted_data/01_Data/images/German_Bank_2010/Hp15/Hp15_259195435.JPG,[4],train,-65.77212055,43.29590185
German_Bank_2010,Hp15,Hp15_259195451,https://www.frdr-dfdr.ca/repo/files/9/published/publication_961/submitted_data/01_Data/images/German_Bank_2010/Hp15/Hp15_259195451.JPG,[4],train,-65.77195703,43.29581902
German_Bank_2010,Hp15,Hp15_259195507,https://www.frdr-dfdr.ca/repo/files/9/published/publication_961/submitted_data/01_Data/images/German_Bank_2010/Hp15/Hp15_259195507.JPG,[4],train,-65.77182057,43.29575212
German_Bank_2010,Hp15,Hp15_259195523,https://www.frdr-dfdr.ca/repo/files/9/published/publication_961/submitted_data/01_Data/images/German_Bank_2010/Hp15/Hp15_259195523.JPG,[4],train,-65.77168268,43.2956872
German_Bank_2010,Hp15,Hp15_259195539,https://www.frdr-dfdr.ca/repo/files/9/published/publication_961/submitted_data/01_Data/images/German_Bank_2010/Hp15/Hp15_259195539.JPG,[4],train,-65.77152188,43.29561276
German_Bank_2010,Hp15,Hp15_259195555,https://www.frdr-dfdr.ca/repo/files/9/published/publication_961/submitted_data/01_Data/images/German_Bank_2010/Hp15/Hp15_259195555.JPG,[4],train,-65.77131702,43.29551487
German_Bank_2010,Hp15,Hp15_259195611,https://www.frdr-dfdr.ca/repo/files/9/published/publication_961/submitted_data/01_Data/images/German_Bank_2010/Hp15/Hp15_259195611.JPG,[4],train,-65.77110717,43.29541354
German_Bank_2010,Hp15,Hp15_259195627,https://www.frdr-dfdr.ca/repo/files/9/published/publication_961/submitted_data/01_Data/images/German_Bank_2010/Hp15/Hp15_259195627.JPG,[4],train,-65.77089725,43.29531032
German_Bank_2010,Hp15,Hp15_259195643,https://www.frdr-dfdr.ca/repo/files/9/published/publication_961/submitted_data/01_Data/images/German_Bank_2010/Hp15/Hp15_259195643.JPG,[4],train,-65.77071829,43.29522018
German_Bank_2010,Hp15,Hp15_259195658,https://www.frdr-dfdr.ca/repo/files/9/published/publication_961/submitted_data/01_Data/images/German_Bank_2010/Hp15/Hp15_259195658.JPG,[4],train,-65.7705712,43.29514767
German_Bank_2010,Hp15,Hp15_259195714,https://www.frdr-dfdr.ca/repo/files/9/published/publication_961/submitted_data/01_Data/images/German_Bank_2010/Hp15/Hp15_259195714.JPG,[2],train,-65.77044073,43.29508514
German_Bank_2010,Hp15,Hp15_259195730,https://www.frdr-dfdr.ca/repo/files/9/published/publication_961/submitted_data/01_Data/images/German_Bank_2010/Hp15/Hp15_259195730.JPG,[4],train,-65.77029179,43.29501471
German_Bank_2010,Hp15,Hp15_259195746,https://www.frdr-dfdr.ca/repo/files/9/published/publication_961/submitted_data/01_Data/images/German_Bank_2010/Hp15/Hp15_259195746.JPG,[4],train,-65.77008318,43.29491667
German_Bank_2010,Hp15,Hp15_259195802,https://www.frdr-dfdr.ca/repo/files/9/published/publication_961/submitted_data/01_Data/images/German_Bank_2010/Hp15/Hp15_259195802.JPG,[2],train,-65.76982285,43.29479235
German_Bank_2010,Hp15,Hp15_259195818,https://www.frdr-dfdr.ca/repo/files/9/published/publication_961/submitted_data/01_Data/images/German_Bank_2010/Hp15/Hp15_259195818.JPG,[2],train,-65.76954195,43.29467134
German_Bank_2010,Hp15,Hp15_259195834,https://www.frdr-dfdr.ca/repo/files/9/published/publication_961/submitted_data/01_Data/images/German_Bank_2010/Hp15/Hp15_259195834.JPG,[2],train,-65.76931075,43.29458602
German_Bank_2010,Hp15,Hp15_259195850,https://www.frdr-dfdr.ca/repo/files/9/published/publication_961/submitted_data/01_Data/images/German_Bank_2010/Hp15/Hp15_259195850.JPG,[2],train,-65.7690633,43.2944971
German_Bank_2010,Hp15,Hp15_259195906,https://www.frdr-dfdr.ca/repo/files/9/published/publication_961/submitted_data/01_Data/images/German_Bank_2010/Hp15/Hp15_259195906.JPG,[2],train,-65.76882281,43.29441098
German_Bank_2010,Hp15,Hp15_259195921,https://www.frdr-dfdr.ca/repo/files/9/published/publication_961/submitted_data/01_Data/images/German_Bank_2010/Hp15/Hp15_259195921.JPG,[4],train,-65.7685958,43.29433273
German_Bank_2010,Hp15,Hp15_259195937,https://www.frdr-dfdr.ca/repo/files/9/published/publication_961/submitted_data/01_Data/images/German_Bank_2010/Hp15/Hp15_259195937.JPG,[4],train,-65.76836412,43.29425218
German_Bank_2010,Hp15,Hp15_259195953,https://www.frdr-dfdr.ca/repo/files/9/published/publication_961/submitted_data/01_Data/images/German_Bank_2010/Hp15/Hp15_259195953.JPG,[4],train,-65.76810704,43.29416113
German_Bank_2010,Hp15,Hp15_259200009,https://www.frdr-dfdr.ca/repo/files/9/published/publication_961/submitted_data/01_Data/images/German_Bank_2010/Hp15/Hp15_259200009.JPG,[4],train,-65.76786786,43.29407977
German_Bank_2010,Hp15,Hp15_259200025,https://www.frdr-dfdr.ca/repo/files/9/published/publication_961/submitted_data/01_Data/images/German_Bank_2010/Hp15/Hp15_259200025.JPG,[2],train,-65.76763399,43.29400232
German_Bank_2010,Hp15,Hp15_259200041,https://www.frdr-dfdr.ca/repo/files/9/published/publication_961/submitted_data/01_Data/images/German_Bank_2010/Hp15/Hp15_259200041.JPG,[4],train,-65.76738975,43.29391982
German_Bank_2010,Hp15,Hp15_259200057,https://www.frdr-dfdr.ca/repo/files/9/published/publication_961/submitted_data/01_Data/images/German_Bank_2010/Hp15/Hp15_259200057.JPG,[2],train,-65.76712722,43.29385418
German_Bank_2010,Hp15,Hp15_259200112,https://www.frdr-dfdr.ca/repo/files/9/published/publication_961/submitted_data/01_Data/images/German_Bank_2010/Hp15/Hp15_259200112.JPG,[2],train,-65.76687606,43.29381034
German_Bank_2010,Hp15,Hp15_259200128,https://www.frdr-dfdr.ca/repo/files/9/published/publication_961/submitted_data/01_Data/images/German_Bank_2010/Hp15/Hp15_259200128.JPG,[4],train,-65.76660009,43.2937841
German_Bank_2010,Hp15,Hp15_259200144,https://www.frdr-dfdr.ca/repo/files/9/published/publication_961/submitted_data/01_Data/images/German_Bank_2010/Hp15/Hp15_259200144.JPG,[2],train,-65.76630379,43.29378531
German_Bank_2010,Hp15,Hp15_259200200,https://www.frdr-dfdr.ca/repo/files/9/published/publication_961/submitted_data/01_Data/images/German_Bank_2010/Hp15/Hp15_259200200.JPG,[2],train,-65.76600356,43.2938028
German_Bank_2010,Hp15,Hp15_259200216,https://www.frdr-dfdr.ca/repo/files/9/published/publication_961/submitted_data/01_Data/images/German_Bank_2010/Hp15/Hp15_259200216.JPG,[2],train,-65.76570923,43.2938232
German_Bank_2010,Hp15,Hp15_259200232,https://www.frdr-dfdr.ca/repo/files/9/published/publication_961/submitted_data/01_Data/images/German_Bank_2010/Hp15/Hp15_259200232.JPG,[2],train,-65.76542584,43.29384499
German_Bank_2010,Hp15,Hp15_259200248,https://www.frdr-dfdr.ca/repo/files/9/published/publication_961/submitted_data/01_Data/images/German_Bank_2010/Hp15/Hp15_259200248.JPG,[2],train,-65.76514804,43.29386781
German_Bank_2010,Hp15,Hp15_259200303,https://www.frdr-dfdr.ca/repo/files/9/published/publication_961/submitted_data/01_Data/images/German_Bank_2010/Hp15/Hp15_259200303.JPG,[2],train,-65.76487742,43.29389161
German_Bank_2010,Hp15,Hp15_259200318,https://www.frdr-dfdr.ca/repo/files/9/published/publication_961/submitted_data/01_Data/images/German_Bank_2010/Hp15/Hp15_259200318.JPG,[4],train,-65.76461197,43.29391484
German_Bank_2010,Hp15,Hp15_259200334,https://www.frdr-dfdr.ca/repo/files/9/published/publication_961/submitted_data/01_Data/images/German_Bank_2010/Hp15/Hp15_259200334.JPG,[4],train,-65.76433933,43.29393437
German_Bank_2010,Hp15,Hp15_259200349,https://www.frdr-dfdr.ca/repo/files/9/published/publication_961/submitted_data/01_Data/images/German_Bank_2010/Hp15/Hp15_259200349.JPG,[4],train,-65.76405219,43.29395123
German_Bank_2010,Hp15,Hp15_259200406,https://www.frdr-dfdr.ca/repo/files/9/published/publication_961/submitted_data/01_Data/images/German_Bank_2010/Hp15/Hp15_259200406.JPG,[4],train,-65.763741,43.29397232
German_Bank_2010,Hp15,Hp15_259200422,https://www.frdr-dfdr.ca/repo/files/9/published/publication_961/submitted_data/01_Data/images/German_Bank_2010/Hp15/Hp15_259200422.JPG,[2],train,-65.76345846,43.29399599
German_Bank_2010,Hp15,Hp15_259200437,https://www.frdr-dfdr.ca/repo/files/9/published/publication_961/submitted_data/01_Data/images/German_Bank_2010/Hp15/Hp15_259200437.JPG,[2],train,-65.76318225,43.29401806
German_Bank_2010,Hp15,Hp15_259200453,https://www.frdr-dfdr.ca/repo/files/9/published/publication_961/submitted_data/01_Data/images/German_Bank_2010/Hp15/Hp15_259200453.JPG,[2],train,-65.76288723,43.29404264
German_Bank_2010,Hp15,Hp15_259200506,https://www.frdr-dfdr.ca/repo/files/9/published/publication_961/submitted_data/01_Data/images/German_Bank_2010/Hp15/Hp15_259200506.JPG,[2],train,-65.76264402,43.29406472
German_Bank_2010,Hp15,Hp15_259200510,https://www.frdr-dfdr.ca/repo/files/9/published/publication_961/submitted_data/01_Data/images/German_Bank_2010/Hp15/Hp15_259200510.JPG,[2],train,-65.76256452,43.29407116
German_Bank_2010,Hp15,Hp15_259200521,https://www.frdr-dfdr.ca/repo/files/9/published/publication_961/submitted_data/01_Data/images/German_Bank_2010/Hp15/Hp15_259200521.JPG,[2],train,-65.76237448,43.29408584
German_Bank_2010,Hp15,Hp15_259200525,https://www.frdr-dfdr.ca/repo/files/9/published/publication_961/submitted_data/01_Data/images/German_Bank_2010/Hp15/Hp15_259200525.JPG,[2],train,-65.76229746,43.29409184
German_Bank_2010,Hp15,Hp15_259200532,https://www.frdr-dfdr.ca/repo/files/9/published/publication_961/submitted_data/01_Data/images/German_Bank_2010/Hp15/Hp15_259200532.JPG,[2],train,-65.76217078,43.29409946
German_Bank_2010,Hp15,Hp15_259200540,https://www.frdr-dfdr.ca/repo/files/9/published/publication_961/submitted_data/01_Data/images/German_Bank_2010/Hp15/Hp15_259200540.JPG,[2],train,-65.76202355,43.29410734
German_Bank_2010,Hp15,Hp15_259200556,https://www.frdr-dfdr.ca/repo/files/9/published/publication_961/submitted_data/01_Data/images/German_Bank_2010/Hp15/Hp15_259200556.JPG,[2],train,-65.76173678,43.29412505
German_Bank_2010,Hp15,Hp15_259200611,https://www.frdr-dfdr.ca/repo/files/9/published/publication_961/submitted_data/01_Data/images/German_Bank_2010/Hp15/Hp15_259200611.JPG,[2],train,-65.76147881,43.29414155
German_Bank_2010,Hp15,Hp15_259200621,https://www.frdr-dfdr.ca/repo/files/9/published/publication_961/submitted_data/01_Data/images/German_Bank_2010/Hp15/Hp15_259200621.JPG,[2],train,-65.76130386,43.29415312
German_Bank_2010,Hp15,Hp15_259200627,https://www.frdr-dfdr.ca/repo/files/9/published/publication_961/submitted_data/01_Data/images/German_Bank_2010/Hp15/Hp15_259200627.JPG,[2],train,-65.76119912,43.29416085
German_Bank_2010,Hp15,Hp15_259200642,https://www.frdr-dfdr.ca/repo/files/9/published/publication_961/submitted_data/01_Data/images/German_Bank_2010/Hp15/Hp15_259200642.JPG,[2],train,-65.76093026,43.29418263
German_Bank_2010,Hp15,Hp15_259200659,https://www.frdr-dfdr.ca/repo/files/9/published/publication_961/submitted_data/01_Data/images/German_Bank_2010/Hp15/Hp15_259200659.JPG,[2],train,-65.76061437,43.2942087
German_Bank_2010,Hp15,Hp15_259200714,https://www.frdr-dfdr.ca/repo/files/9/published/publication_961/submitted_data/01_Data/images/German_Bank_2010/Hp15/Hp15_259200714.JPG,[2],train,-65.76034374,43.29423021
German_Bank_2010,Hp15,Hp15_259200724,https://www.frdr-dfdr.ca/repo/files/9/published/publication_961/submitted_data/01_Data/images/German_Bank_2010/Hp15/Hp15_259200724.JPG,[2],train,-65.76015986,43.29424223
German_Bank_2010,Hp15,Hp15_259200730,https://www.frdr-dfdr.ca/repo/files/9/published/publication_961/submitted_data/01_Data/images/German_Bank_2010/Hp15/Hp15_259200730.JPG,[2],train,-65.76006044,43.29424809
German_Bank_2010,Hp15,Hp15_259200734,https://www.frdr-dfdr.ca/repo/files/9/published/publication_961/submitted_data/01_Data/images/German_Bank_2010/Hp15/Hp15_259200734.JPG,[2],train,-65.75998901,43.29425195
German_Bank_2010,Hp15,Hp15_259200744,https://www.frdr-dfdr.ca/repo/files/9/published/publication_961/submitted_data/01_Data/images/German_Bank_2010/Hp15/Hp15_259200744.JPG,[2],train,-65.75980838,43.29426055
German_Bank_2010,Hp15,Hp15_259200801,https://www.frdr-dfdr.ca/repo/files/9/published/publication_961/submitted_data/01_Data/images/German_Bank_2010/Hp15/Hp15_259200801.JPG,[2],train,-65.75948754,43.29427688
German_Bank_2010,Hp15,Hp15_259200816,https://www.frdr-dfdr.ca/repo/files/9/published/publication_961/submitted_data/01_Data/images/German_Bank_2010/Hp15/Hp15_259200816.JPG,[2],train,-65.75922714,43.29429373
German_Bank_2010,Hp15,Hp15_259200833,https://www.frdr-dfdr.ca/repo/files/9/published/publication_961/submitted_data/01_Data/images/German_Bank_2010/Hp15/Hp15_259200833.JPG,[2],train,-65.75891817,43.29430712
German_Bank_2010,Hp15,Hp15_259200840,https://www.frdr-dfdr.ca/repo/files/9/published/publication_961/submitted_data/01_Data/images/German_Bank_2010/Hp15/Hp15_259200840.JPG,[2],train,-65.75879197,43.29431057
German_Bank_2010,Hp15,Hp15_259200845,https://www.frdr-dfdr.ca/repo/files/9/published/publication_961/submitted_data/01_Data/images/German_Bank_2010/Hp15/Hp15_259200845.JPG,[2],train,-65.7587051,43.29431334
German_Bank_2010,Hp15,Hp15_259200848,https://www.frdr-dfdr.ca/repo/files/9/published/publication_961/submitted_data/01_Data/images/German_Bank_2010/Hp15/Hp15_259200848.JPG,[2],train,-65.75865613,43.29431465
German_Bank_2010,Hp15,Hp15_259200858,https://www.frdr-dfdr.ca/repo/files/9/published/publication_961/submitted_data/01_Data/images/German_Bank_2010/Hp15/Hp15_259200858.JPG,[2],train,-65.75847119,43.2943224
German_Bank_2010,Hp15,Hp15_259200903,https://www.frdr-dfdr.ca/repo/files/9/published/publication_961/submitted_data/01_Data/images/German_Bank_2010/Hp15/Hp15_259200903.JPG,[2],train,-65.75837746,43.29432644
German_Bank_2010,Hp16,Hp16_259223335,https://www.frdr-dfdr.ca/repo/files/9/published/publication_961/submitted_data/01_Data/images/German_Bank_2010/Hp16/Hp16_259223335.JPG,[2],train,-65.54389771,43.22795546
German_Bank_2010,Hp16,Hp16_259223347,https://www.frdr-dfdr.ca/repo/files/9/published/publication_961/submitted_data/01_Data/images/German_Bank_2010/Hp16/Hp16_259223347.JPG,[2],train,-65.5438014,43.22799079
German_Bank_2010,Hp16,Hp16_259223428,https://www.frdr-dfdr.ca/repo/files/9/published/publication_961/submitted_data/01_Data/images/German_Bank_2010/Hp16/Hp16_259223428.JPG,[2],train,-65.54334523,43.22815863
German_Bank_2010,Hp16,Hp16_259223444,https://www.frdr-dfdr.ca/repo/files/9/published/publication_961/submitted_data/01_Data/images/German_Bank_2010/Hp16/Hp16_259223444.JPG,[2],train,-65.5430694,43.22826102
German_Bank_2010,Hp16,Hp16_259223500,https://www.frdr-dfdr.ca/repo/files/9/published/publication_961/submitted_data/01_Data/images/German_Bank_2010/Hp16/Hp16_259223500.JPG,[2],train,-65.54281004,43.22835847
German_Bank_2010,Hp16,Hp16_259223516,https://www.frdr-dfdr.ca/repo/files/9/published/publication_961/submitted_data/01_Data/images/German_Bank_2010/Hp16/Hp16_259223516.JPG,[2],train,-65.54254049,43.2284599
German_Bank_2010,Hp16,Hp16_259223525,https://www.frdr-dfdr.ca/repo/files/9/published/publication_961/submitted_data/01_Data/images/German_Bank_2010/Hp16/Hp16_259223525.JPG,[2],train,-65.54239689,43.22851312
German_Bank_2010,Hp16,Hp16_259223532,https://www.frdr-dfdr.ca/repo/files/9/published/publication_961/submitted_data/01_Data/images/German_Bank_2010/Hp16/Hp16_259223532.JPG,[2],train,-65.54227302,43.2285596
German_Bank_2010,Hp16,Hp16_259223545,https://www.frdr-dfdr.ca/repo/files/9/published/publication_961/submitted_data/01_Data/images/German_Bank_2010/Hp16/Hp16_259223545.JPG,[2],train,-65.54206315,43.22863768
German_Bank_2010,Hp16,Hp16_259223548,https://www.frdr-dfdr.ca/repo/files/9/published/publication_961/submitted_data/01_Data/images/German_Bank_2010/Hp16/Hp16_259223548.JPG,[2],train,-65.54200821,43.22865837
German_Bank_2010,Hp16,Hp16_259223603,https://www.frdr-dfdr.ca/repo/files/9/published/publication_961/submitted_data/01_Data/images/German_Bank_2010/Hp16/Hp16_259223603.JPG,[2],train,-65.54174946,43.22875415
German_Bank_2010,Hp16,Hp16_259223619,https://www.frdr-dfdr.ca/repo/files/9/published/publication_961/submitted_data/01_Data/images/German_Bank_2010/Hp16/Hp16_259223619.JPG,[2],train,-65.54148491,43.22885093
German_Bank_2010,Hp16,Hp16_259223625,https://www.frdr-dfdr.ca/repo/files/9/published/publication_961/submitted_data/01_Data/images/German_Bank_2010/Hp16/Hp16_259223625.JPG,[2],train,-65.54138707,43.22888635
German_Bank_2010,Hp16,Hp16_259223635,https://www.frdr-dfdr.ca/repo/files/9/published/publication_961/submitted_data/01_Data/images/German_Bank_2010/Hp16/Hp16_259223635.JPG,[2],train,-65.54121371,43.22894903
German_Bank_2010,Hp16,Hp16_259223645,https://www.frdr-dfdr.ca/repo/files/9/published/publication_961/submitted_data/01_Data/images/German_Bank_2010/Hp16/Hp16_259223645.JPG,[2],train,-65.54105215,43.22900781
German_Bank_2010,Hp16,Hp16_259223650,https://www.frdr-dfdr.ca/repo/files/9/published/publication_961/submitted_data/01_Data/images/German_Bank_2010/Hp16/Hp16_259223650.JPG,[2],train,-65.54096613,43.22903927
German_Bank_2010,Hp16,Hp16_259223654,https://www.frdr-dfdr.ca/repo/files/9/published/publication_961/submitted_data/01_Data/images/German_Bank_2010/Hp16/Hp16_259223654.JPG,[2],train,-65.54089682,43.22906405
German_Bank_2010,Hp16,Hp16_259223703,https://www.frdr-dfdr.ca/repo/files/9/published/publication_961/submitted_data/01_Data/images/German_Bank_2010/Hp16/Hp16_259223703.JPG,[2],train,-65.54073882,43.22912279
German_Bank_2010,Hp16,Hp16_259223721,https://www.frdr-dfdr.ca/repo/files/9/published/publication_961/submitted_data/01_Data/images/German_Bank_2010/Hp16/Hp16_259223721.JPG,[2],train,-65.54043316,43.22923969
German_Bank_2010,Hp16,Hp16_259223729,https://www.frdr-dfdr.ca/repo/files/9/published/publication_961/submitted_data/01_Data/images/German_Bank_2010/Hp16/Hp16_259223729.JPG,[2],train,-65.54030545,43.22929146
German_Bank_2010,Hp16,Hp16_259223736,https://www.frdr-dfdr.ca/repo/files/9/published/publication_961/submitted_data/01_Data/images/German_Bank_2010/Hp16/Hp16_259223736.JPG,[2],dropped,-65.54018838,43.22934011
German_Bank_2010,Hp16,Hp16_259223751,https://www.frdr-dfdr.ca/repo/files/9/published/publication_961/submitted_data/01_Data/images/German_Bank_2010/Hp16/Hp16_259223751.JPG,[2],dropped,-65.5399463,43.22944399
German_Bank_2010,Hp16,Hp16_259223808,https://www.frdr-dfdr.ca/repo/files/9/published/publication_961/submitted_data/01_Data/images/German_Bank_2010/Hp16/Hp16_259223808.JPG,[2],test,-65.53967754,43.2295635
German_Bank_2010,Hp16,Hp16_259223823,https://www.frdr-dfdr.ca/repo/files/9/published/publication_961/submitted_data/01_Data/images/German_Bank_2010/Hp16/Hp16_259223823.JPG,[2],dropped,-65.5394458,43.22967043
German_Bank_2010,Hp16,Hp16_259223833,https://www.frdr-dfdr.ca/repo/files/9/published/publication_961/submitted_data/01_Data/images/German_Bank_2010/Hp16/Hp16_259223833.JPG,[2],dropped,-65.5392749,43.2297507
German_Bank_2010,Hp16,Hp16_259223839,https://www.frdr-dfdr.ca/repo/files/9/published/publication_961/submitted_data/01_Data/images/German_Bank_2010/Hp16/Hp16_259223839.JPG,[2],dropped,-65.53918386,43.22979361
German_Bank_2010,Hp16,Hp16_259223855,https://www.frdr-dfdr.ca/repo/files/9/published/publication_961/submitted_data/01_Data/images/German_Bank_2010/Hp16/Hp16_259223855.JPG,[2],train,-65.53893711,43.22990768
German_Bank_2010,Hp16,Hp16_259223905,https://www.frdr-dfdr.ca/repo/files/9/published/publication_961/submitted_data/01_Data/images/German_Bank_2010/Hp16/Hp16_259223905.JPG,[2],train,-65.53877546,43.2299823
German_Bank_2010,Hp16,Hp16_259223910,https://www.frdr-dfdr.ca/repo/files/9/published/publication_961/submitted_data/01_Data/images/German_Bank_2010/Hp16/Hp16_259223910.JPG,[2],train,-65.53868746,43.23002282
German_Bank_2010,Hp16,Hp16_259223926,https://www.frdr-dfdr.ca/repo/files/9/published/publication_961/submitted_data/01_Data/images/German_Bank_2010/Hp16/Hp16_259223926.JPG,[2],train,-65.538442,43.23013693
German_Bank_2010,Hp16,Hp16_259223938,https://www.frdr-dfdr.ca/repo/files/9/published/publication_961/submitted_data/01_Data/images/German_Bank_2010/Hp16/Hp16_259223938.JPG,[2],train,-65.53825188,43.23022499
German_Bank_2010,Hp16,Hp16_259223942,https://www.frdr-dfdr.ca/repo/files/9/published/publication_961/submitted_data/01_Data/images/German_Bank_2010/Hp16/Hp16_259223942.JPG,[2],train,-65.53818558,43.23025456
German_Bank_2010,Hp16,Hp16_259223957,https://www.frdr-dfdr.ca/repo/files/9/published/publication_961/submitted_data/01_Data/images/German_Bank_2010/Hp16/Hp16_259223957.JPG,[2],train,-65.53794575,43.23036527
German_Bank_2010,Hp16,Hp16_259224005,https://www.frdr-dfdr.ca/repo/files/9/published/publication_961/submitted_data/01_Data/images/German_Bank_2010/Hp16/Hp16_259224005.JPG,[2],train,-65.53782351,43.23041882
German_Bank_2010,Hp16,Hp16_259224013,https://www.frdr-dfdr.ca/repo/files/9/published/publication_961/submitted_data/01_Data/images/German_Bank_2010/Hp16/Hp16_259224013.JPG,[2],train,-65.53768509,43.23047723
German_Bank_2010,Hp16,Hp16_259224025,https://www.frdr-dfdr.ca/repo/files/9/published/publication_961/submitted_data/01_Data/images/German_Bank_2010/Hp16/Hp16_259224025.JPG,[2],train,-65.53751392,43.23054403
German_Bank_2010,Hp16,Hp16_259224029,https://www.frdr-dfdr.ca/repo/files/9/published/publication_961/submitted_data/01_Data/images/German_Bank_2010/Hp16/Hp16_259224029.JPG,[2],train,-65.53744601,43.23056901
German_Bank_2010,Hp16,Hp16_259224036,https://www.frdr-dfdr.ca/repo/files/9/published/publication_961/submitted_data/01_Data/images/German_Bank_2010/Hp16/Hp16_259224036.JPG,[2],train,-65.5373319,43.23060962
German_Bank_2010,Hp16,Hp16_259224044,https://www.frdr-dfdr.ca/repo/files/9/published/publication_961/submitted_data/01_Data/images/German_Bank_2010/Hp16/Hp16_259224044.JPG,[2],train,-65.53718205,43.23066079
German_Bank_2010,Hp16,Hp16_259224050,https://www.frdr-dfdr.ca/repo/files/9/published/publication_961/submitted_data/01_Data/images/German_Bank_2010/Hp16/Hp16_259224050.JPG,[2],train,-65.53708708,43.23069223
German_Bank_2010,Hp16,Hp16_259224055,https://www.frdr-dfdr.ca/repo/files/9/published/publication_961/submitted_data/01_Data/images/German_Bank_2010/Hp16/Hp16_259224055.JPG,[2],train,-65.53699634,43.23072119
German_Bank_2010,Hp16,Hp16_259224100,https://www.frdr-dfdr.ca/repo/files/9/published/publication_961/submitted_data/01_Data/images/German_Bank_2010/Hp16/Hp16_259224100.JPG,[2],train,-65.53688579,43.23075577
German_Bank_2010,Hp16,Hp16_259224114,https://www.frdr-dfdr.ca/repo/files/9/published/publication_961/submitted_data/01_Data/images/German_Bank_2010/Hp16/Hp16_259224114.JPG,[2],train,-65.53664219,43.23083177
German_Bank_2010,Hp16,Hp16_259224122,https://www.frdr-dfdr.ca/repo/files/9/published/publication_961/submitted_data/01_Data/images/German_Bank_2010/Hp16/Hp16_259224122.JPG,[2],train,-65.53650905,43.23087225
German_Bank_2010,Hp16,Hp16_259224130,https://www.frdr-dfdr.ca/repo/files/9/published/publication_961/submitted_data/01_Data/images/German_Bank_2010/Hp16/Hp16_259224130.JPG,[2],train,-65.53635678,43.2309178
German_Bank_2010,Hp16,Hp16_259224137,https://www.frdr-dfdr.ca/repo/files/9/published/publication_961/submitted_data/01_Data/images/German_Bank_2010/Hp16/Hp16_259224137.JPG,[2],train,-65.53623302,43.23095508
German_Bank_2010,Hp16,Hp16_259224146,https://www.frdr-dfdr.ca/repo/files/9/published/publication_961/submitted_data/01_Data/images/German_Bank_2010/Hp16/Hp16_259224146.JPG,[2],train,-65.53607382,43.23100321
German_Bank_2010,Hp16,Hp16_259224158,https://www.frdr-dfdr.ca/repo/files/9/published/publication_961/submitted_data/01_Data/images/German_Bank_2010/Hp16/Hp16_259224158.JPG,[2],train,-65.53587421,43.23106113
German_Bank_2010,Hp16,Hp16_259224202,https://www.frdr-dfdr.ca/repo/files/9/published/publication_961/submitted_data/01_Data/images/German_Bank_2010/Hp16/Hp16_259224202.JPG,[2],train,-65.53578961,43.23108426
German_Bank_2010,Hp16,Hp16_259224217,https://www.frdr-dfdr.ca/repo/files/9/published/publication_961/submitted_data/01_Data/images/German_Bank_2010/Hp16/Hp16_259224217.JPG,[2],train,-65.53551886,43.23115552
German_Bank_2010,Hp16,Hp16_259224233,https://www.frdr-dfdr.ca/repo/files/9/published/publication_961/submitted_data/01_Data/images/German_Bank_2010/Hp16/Hp16_259224233.JPG,[2],train,-65.53521948,43.23122622
German_Bank_2010,Hp16,Hp16_259224239,https://www.frdr-dfdr.ca/repo/files/9/published/publication_961/submitted_data/01_Data/images/German_Bank_2010/Hp16/Hp16_259224239.JPG,[2],train,-65.53510771,43.23125145
German_Bank_2010,Hp16,Hp16_259224249,https://www.frdr-dfdr.ca/repo/files/9/published/publication_961/submitted_data/01_Data/images/German_Bank_2010/Hp16/Hp16_259224249.JPG,[2],train,-65.53493214,43.23128996
German_Bank_2010,Hp16,Hp16_259224305,https://www.frdr-dfdr.ca/repo/files/9/published/publication_961/submitted_data/01_Data/images/German_Bank_2010/Hp16/Hp16_259224305.JPG,[2],train,-65.53464137,43.23134893
German_Bank_2010,Hp16,Hp16_259224320,https://www.frdr-dfdr.ca/repo/files/9/published/publication_961/submitted_data/01_Data/images/German_Bank_2010/Hp16/Hp16_259224320.JPG,[2],train,-65.53437423,43.23140364
German_Bank_2010,Hp16,Hp16_259224327,https://www.frdr-dfdr.ca/repo/files/9/published/publication_961/submitted_data/01_Data/images/German_Bank_2010/Hp16/Hp16_259224327.JPG,[2],train,-65.53424141,43.23143152
German_Bank_2010,Hp16,Hp16_259224332,https://www.frdr-dfdr.ca/repo/files/9/published/publication_961/submitted_data/01_Data/images/German_Bank_2010/Hp16/Hp16_259224332.JPG,[2],train,-65.53415089,43.23145047
German_Bank_2010,Hp16,Hp16_259224337,https://www.frdr-dfdr.ca/repo/files/9/published/publication_961/submitted_data/01_Data/images/German_Bank_2010/Hp16/Hp16_259224337.JPG,[2],train,-65.53404703,43.23147235
German_Bank_2010,Hp16,Hp16_259224351,https://www.frdr-dfdr.ca/repo/files/9/published/publication_961/submitted_data/01_Data/images/German_Bank_2010/Hp16/Hp16_259224351.JPG,[2],train,-65.53377857,43.23153086
German_Bank_2010,Hp16,Hp16_259224357,https://www.frdr-dfdr.ca/repo/files/9/published/publication_961/submitted_data/01_Data/images/German_Bank_2010/Hp16/Hp16_259224357.JPG,[2],train,-65.53367959,43.23155273
German_Bank_2010,Hp16,Hp16_259224407,https://www.frdr-dfdr.ca/repo/files/9/published/publication_961/submitted_data/01_Data/images/German_Bank_2010/Hp16/Hp16_259224407.JPG,[2],train,-65.53348113,43.23159662
German_Bank_2010,Hp16,Hp16_259224423,https://www.frdr-dfdr.ca/repo/files/9/published/publication_961/submitted_data/01_Data/images/German_Bank_2010/Hp16/Hp16_259224423.JPG,[2],train,-65.53319583,43.23165917
German_Bank_2010,Hp16,Hp16_259224439,https://www.frdr-dfdr.ca/repo/files/9/published/publication_961/submitted_data/01_Data/images/German_Bank_2010/Hp16/Hp16_259224439.JPG,[2],train,-65.53290559,43.2317216
German_Bank_2010,Hp16,Hp16_259224455,https://www.frdr-dfdr.ca/repo/files/9/published/publication_961/submitted_data/01_Data/images/German_Bank_2010/Hp16/Hp16_259224455.JPG,[2],train,-65.5326085,43.23178364
German_Bank_2010,Hp16,Hp16_259224500,https://www.frdr-dfdr.ca/repo/files/9/published/publication_961/submitted_data/01_Data/images/German_Bank_2010/Hp16/Hp16_259224500.JPG,[2],train,-65.53251473,43.23180331
German_Bank_2010,Hp16,Hp16_259224511,https://www.frdr-dfdr.ca/repo/files/9/published/publication_961/submitted_data/01_Data/images/German_Bank_2010/Hp16/Hp16_259224511.JPG,[2],train,-65.53230727,43.23184723
German_Bank_2010,Hp16,Hp16_259224524,https://www.frdr-dfdr.ca/repo/files/9/published/publication_961/submitted_data/01_Data/images/German_Bank_2010/Hp16/Hp16_259224524.JPG,[2],train,-65.53207317,43.23189762
German_Bank_2010,Hp16,Hp16_259224538,https://www.frdr-dfdr.ca/repo/files/9/published/publication_961/submitted_data/01_Data/images/German_Bank_2010/Hp16/Hp16_259224538.JPG,[2],train,-65.5318024,43.23195766
German_Bank_2010,Hp16,Hp16_259224543,https://www.frdr-dfdr.ca/repo/files/9/published/publication_961/submitted_data/01_Data/images/German_Bank_2010/Hp16/Hp16_259224543.JPG,[2],train,-65.53169839,43.23198064
German_Bank_2010,Hp16,Hp16_259224553,https://www.frdr-dfdr.ca/repo/files/9/published/publication_961/submitted_data/01_Data/images/German_Bank_2010/Hp16/Hp16_259224553.JPG,[2],train,-65.53150808,43.23202395
German_Bank_2010,Hp16,Hp16_259224558,https://www.frdr-dfdr.ca/repo/files/9/published/publication_961/submitted_data/01_Data/images/German_Bank_2010/Hp16/Hp16_259224558.JPG,[2],train,-65.53141509,43.23204548
German_Bank_2010,Hp16,Hp16_259224605,https://www.frdr-dfdr.ca/repo/files/9/published/publication_961/submitted_data/01_Data/images/German_Bank_2010/Hp16/Hp16_259224605.JPG,[2],train,-65.53128724,43.23207431
German_Bank_2010,Hp16,Hp16_259224613,https://www.frdr-dfdr.ca/repo/files/9/published/publication_961/submitted_data/01_Data/images/German_Bank_2010/Hp16/Hp16_259224613.JPG,[2],train,-65.53112551,43.2321112
German_Bank_2010,Hp16,Hp16_259224627,https://www.frdr-dfdr.ca/repo/files/9/published/publication_961/submitted_data/01_Data/images/German_Bank_2010/Hp16/Hp16_259224627.JPG,[2],train,-65.5308885,43.23216383
German_Bank_2010,Hp16,Hp16_259224636,https://www.frdr-dfdr.ca/repo/files/9/published/publication_961/submitted_data/01_Data/images/German_Bank_2010/Hp16/Hp16_259224636.JPG,[2],train,-65.53073769,43.23219787
German_Bank_2010,Hp16,Hp16_259224641,https://www.frdr-dfdr.ca/repo/files/9/published/publication_961/submitted_data/01_Data/images/German_Bank_2010/Hp16/Hp16_259224641.JPG,[2],train,-65.53063354,43.23222081
German_Bank_2010,Hp16,Hp16_259224656,https://www.frdr-dfdr.ca/repo/files/9/published/publication_961/submitted_data/01_Data/images/German_Bank_2010/Hp16/Hp16_259224656.JPG,[2],dropped,-65.53033641,43.23228796
German_Bank_2010,Hp16,Hp16_259224712,https://www.frdr-dfdr.ca/repo/files/9/published/publication_961/submitted_data/01_Data/images/German_Bank_2010/Hp16/Hp16_259224712.JPG,[2],test,-65.53003403,43.23235706
German_Bank_2010,Hp16,Hp16_259224729,https://www.frdr-dfdr.ca/repo/files/9/published/publication_961/submitted_data/01_Data/images/German_Bank_2010/Hp16/Hp16_259224729.JPG,[2],test,-65.52972737,43.23242645
German_Bank_2010,Hp16,Hp16_259224745,https://www.frdr-dfdr.ca/repo/files/9/published/publication_961/submitted_data/01_Data/images/German_Bank_2010/Hp16/Hp16_259224745.JPG,[2],test,-65.52942079,43.23249927
German_Bank_2010,Hp16,Hp16_259224801,https://www.frdr-dfdr.ca/repo/files/9/published/publication_961/submitted_data/01_Data/images/German_Bank_2010/Hp16/Hp16_259224801.JPG,[2],test,-65.52913615,43.23256896
German_Bank_2010,Hp16,Hp16_259224809,https://www.frdr-dfdr.ca/repo/files/9/published/publication_961/submitted_data/01_Data/images/German_Bank_2010/Hp16/Hp16_259224809.JPG,[2],test,-65.52899488,43.23260422
German_Bank_2010,Hp16,Hp16_259224817,https://www.frdr-dfdr.ca/repo/files/9/published/publication_961/submitted_data/01_Data/images/German_Bank_2010/Hp16/Hp16_259224817.JPG,[2],test,-65.52884192,43.23264172
German_Bank_2010,Hp16,Hp16_259224827,https://www.frdr-dfdr.ca/repo/files/9/published/publication_961/submitted_data/01_Data/images/German_Bank_2010/Hp16/Hp16_259224827.JPG,[2],test,-65.52866285,43.23268486
German_Bank_2010,Hp16,Hp16_259224832,https://www.frdr-dfdr.ca/repo/files/9/published/publication_961/submitted_data/01_Data/images/German_Bank_2010/Hp16/Hp16_259224832.JPG,[2],test,-65.52856617,43.23270762
German_Bank_2010,Hp16,Hp16_259224836,https://www.frdr-dfdr.ca/repo/files/9/published/publication_961/submitted_data/01_Data/images/German_Bank_2010/Hp16/Hp16_259224836.JPG,[2],test,-65.52849001,43.23272512
German_Bank_2010,Hp16,Hp16_259224846,https://www.frdr-dfdr.ca/repo/files/9/published/publication_961/submitted_data/01_Data/images/German_Bank_2010/Hp16/Hp16_259224846.JPG,[2],test,-65.5282926,43.23276991
German_Bank_2010,Hp16,Hp16_259224903,https://www.frdr-dfdr.ca/repo/files/9/published/publication_961/submitted_data/01_Data/images/German_Bank_2010/Hp16/Hp16_259224903.JPG,[2],test,-65.52796981,43.23283784
German_Bank_2010,Hp17,Hp17_259205418,https://www.frdr-dfdr.ca/repo/files/9/published/publication_961/submitted_data/01_Data/images/German_Bank_2010/Hp17/Hp17_259205418.JPG,[2],train,-65.69735286,43.23533618
German_Bank_2010,Hp17,Hp17_259205434,https://www.frdr-dfdr.ca/repo/files/9/published/publication_961/submitted_data/01_Data/images/German_Bank_2010/Hp17/Hp17_259205434.JPG,[2],train,-65.69716149,43.23522656
German_Bank_2010,Hp17,Hp17_259205449,https://www.frdr-dfdr.ca/repo/files/9/published/publication_961/submitted_data/01_Data/images/German_Bank_2010/Hp17/Hp17_259205449.JPG,[2],train,-65.69698497,43.2351216
German_Bank_2010,Hp17,Hp17_259205505,https://www.frdr-dfdr.ca/repo/files/9/published/publication_961/submitted_data/01_Data/images/German_Bank_2010/Hp17/Hp17_259205505.JPG,[2],train,-65.69677751,43.2349928
German_Bank_2010,Hp17,Hp17_259205521,https://www.frdr-dfdr.ca/repo/files/9/published/publication_961/submitted_data/01_Data/images/German_Bank_2010/Hp17/Hp17_259205521.JPG,[2],train,-65.69658472,43.23487004
German_Bank_2010,Hp17,Hp17_259205537,https://www.frdr-dfdr.ca/repo/files/9/published/publication_961/submitted_data/01_Data/images/German_Bank_2010/Hp17/Hp17_259205537.JPG,[2],train,-65.69641964,43.23476232
German_Bank_2010,Hp17,Hp17_259205553,https://www.frdr-dfdr.ca/repo/files/9/published/publication_961/submitted_data/01_Data/images/German_Bank_2010/Hp17/Hp17_259205553.JPG,[2],train,-65.69626142,43.23465942
German_Bank_2010,Hp17,Hp17_259205609,https://www.frdr-dfdr.ca/repo/files/9/published/publication_961/submitted_data/01_Data/images/German_Bank_2010/Hp17/Hp17_259205609.JPG,[2],train,-65.69610754,43.23455899
German_Bank_2010,Hp17,Hp17_259205625,https://www.frdr-dfdr.ca/repo/files/9/published/publication_961/submitted_data/01_Data/images/German_Bank_2010/Hp17/Hp17_259205625.JPG,[4],train,-65.69596373,43.23446576
German_Bank_2010,Hp17,Hp17_259205640,https://www.frdr-dfdr.ca/repo/files/9/published/publication_961/submitted_data/01_Data/images/German_Bank_2010/Hp17/Hp17_259205640.JPG,[4],train,-65.69586054,43.23440022
German_Bank_2010,Hp17,Hp17_259205657,https://www.frdr-dfdr.ca/repo/files/9/published/publication_961/submitted_data/01_Data/images/German_Bank_2010/Hp17/Hp17_259205657.JPG,[4],train,-65.69570317,43.2343001
German_Bank_2010,Hp17,Hp17_259205712,https://www.frdr-dfdr.ca/repo/files/9/published/publication_961/submitted_data/01_Data/images/German_Bank_2010/Hp17/Hp17_259205712.JPG,[4],train,-65.69555861,43.23420842
German_Bank_2010,Hp17,Hp17_259205728,https://www.frdr-dfdr.ca/repo/files/9/published/publication_961/submitted_data/01_Data/images/German_Bank_2010/Hp17/Hp17_259205728.JPG,[4],train,-65.6953872,43.23409901
German_Bank_2010,Hp17,Hp17_259205744,https://www.frdr-dfdr.ca/repo/files/9/published/publication_961/submitted_data/01_Data/images/German_Bank_2010/Hp17/Hp17_259205744.JPG,[4],train,-65.69520609,43.23398321
German_Bank_2010,Hp17,Hp17_259205800,https://www.frdr-dfdr.ca/repo/files/9/published/publication_961/submitted_data/01_Data/images/German_Bank_2010/Hp17/Hp17_259205800.JPG,[4],train,-65.69501966,43.23386345
German_Bank_2010,Hp17,Hp17_259205816,https://www.frdr-dfdr.ca/repo/files/9/published/publication_961/submitted_data/01_Data/images/German_Bank_2010/Hp17/Hp17_259205816.JPG,[4],train,-65.69481854,43.23373653
German_Bank_2010,Hp17,Hp17_259205832,https://www.frdr-dfdr.ca/repo/files/9/published/publication_961/submitted_data/01_Data/images/German_Bank_2010/Hp17/Hp17_259205832.JPG,[4],train,-65.69463414,43.23362128
German_Bank_2010,Hp17,Hp17_259205848,https://www.frdr-dfdr.ca/repo/files/9/published/publication_961/submitted_data/01_Data/images/German_Bank_2010/Hp17/Hp17_259205848.JPG,[4],train,-65.69443932,43.23349693
German_Bank_2010,Hp17,Hp17_259205903,https://www.frdr-dfdr.ca/repo/files/9/published/publication_961/submitted_data/01_Data/images/German_Bank_2010/Hp17/Hp17_259205903.JPG,[4],train,-65.69425204,43.23338239
German_Bank_2010,Hp17,Hp17_259205920,https://www.frdr-dfdr.ca/repo/files/9/published/publication_961/submitted_data/01_Data/images/German_Bank_2010/Hp17/Hp17_259205920.JPG,[4],train,-65.69404567,43.23326483
German_Bank_2010,Hp17,Hp17_259205935,https://www.frdr-dfdr.ca/repo/files/9/published/publication_961/submitted_data/01_Data/images/German_Bank_2010/Hp17/Hp17_259205935.JPG,[4],train,-65.69384682,43.2331575
German_Bank_2010,Hp17,Hp17_259205951,https://www.frdr-dfdr.ca/repo/files/9/published/publication_961/submitted_data/01_Data/images/German_Bank_2010/Hp17/Hp17_259205951.JPG,[4],train,-65.69357994,43.23301366
German_Bank_2010,Hp17,Hp17_259210007,https://www.frdr-dfdr.ca/repo/files/9/published/publication_961/submitted_data/01_Data/images/German_Bank_2010/Hp17/Hp17_259210007.JPG,[2],train,-65.69337275,43.23290649
German_Bank_2010,Hp17,Hp17_259210023,https://www.frdr-dfdr.ca/repo/files/9/published/publication_961/submitted_data/01_Data/images/German_Bank_2010/Hp17/Hp17_259210023.JPG,[2],train,-65.69316162,43.23279628
German_Bank_2010,Hp17,Hp17_259210039,https://www.frdr-dfdr.ca/repo/files/9/published/publication_961/submitted_data/01_Data/images/German_Bank_2010/Hp17/Hp17_259210039.JPG,[2],train,-65.69294828,43.23268501
German_Bank_2010,Hp17,Hp17_259210055,https://www.frdr-dfdr.ca/repo/files/9/published/publication_961/submitted_data/01_Data/images/German_Bank_2010/Hp17/Hp17_259210055.JPG,[4],train,-65.69274653,43.23257924
German_Bank_2010,Hp17,Hp17_259210110,https://www.frdr-dfdr.ca/repo/files/9/published/publication_961/submitted_data/01_Data/images/German_Bank_2010/Hp17/Hp17_259210110.JPG,[4],train,-65.69256782,43.23248699
German_Bank_2010,Hp17,Hp17_259210126,https://www.frdr-dfdr.ca/repo/files/9/published/publication_961/submitted_data/01_Data/images/German_Bank_2010/Hp17/Hp17_259210126.JPG,[4],train,-65.69234657,43.2323721
German_Bank_2010,Hp17,Hp17_259210142,https://www.frdr-dfdr.ca/repo/files/9/published/publication_961/submitted_data/01_Data/images/German_Bank_2010/Hp17/Hp17_259210142.JPG,[4],train,-65.69215145,43.23227325
German_Bank_2010,Hp17,Hp17_259210158,https://www.frdr-dfdr.ca/repo/files/9/published/publication_961/submitted_data/01_Data/images/German_Bank_2010/Hp17/Hp17_259210158.JPG,[4],train,-65.69194459,43.23217062
German_Bank_2010,Hp17,Hp17_259210214,https://www.frdr-dfdr.ca/repo/files/9/published/publication_961/submitted_data/01_Data/images/German_Bank_2010/Hp17/Hp17_259210214.JPG,[4],train,-65.69172579,43.23206386
German_Bank_2010,Hp17,Hp17_259210229,https://www.frdr-dfdr.ca/repo/files/9/published/publication_961/submitted_data/01_Data/images/German_Bank_2010/Hp17/Hp17_259210229.JPG,[4],train,-65.69154256,43.23197341
German_Bank_2010,Hp17,Hp17_259210245,https://www.frdr-dfdr.ca/repo/files/9/published/publication_961/submitted_data/01_Data/images/German_Bank_2010/Hp17/Hp17_259210245.JPG,[4],train,-65.69132495,43.23186344
German_Bank_2010,Hp17,Hp17_259210301,https://www.frdr-dfdr.ca/repo/files/9/published/publication_961/submitted_data/01_Data/images/German_Bank_2010/Hp17/Hp17_259210301.JPG,[4],train,-65.69111568,43.23175666
German_Bank_2010,Hp17,Hp17_259210317,https://www.frdr-dfdr.ca/repo/files/9/published/publication_961/submitted_data/01_Data/images/German_Bank_2010/Hp17/Hp17_259210317.JPG,[4],train,-65.6909,43.23164646
German_Bank_2010,Hp17,Hp17_259210333,https://www.frdr-dfdr.ca/repo/files/9/published/publication_961/submitted_data/01_Data/images/German_Bank_2010/Hp17/Hp17_259210333.JPG,[4],train,-65.69068558,43.23153864
German_Bank_2010,Hp17,Hp17_259210349,https://www.frdr-dfdr.ca/repo/files/9/published/publication_961/submitted_data/01_Data/images/German_Bank_2010/Hp17/Hp17_259210349.JPG,[4],train,-65.69047622,43.23143158
German_Bank_2010,Hp17,Hp17_259210405,https://www.frdr-dfdr.ca/repo/files/9/published/publication_961/submitted_data/01_Data/images/German_Bank_2010/Hp17/Hp17_259210405.JPG,[4],train,-65.69025512,43.23131635
German_Bank_2010,Hp17,Hp17_259210420,https://www.frdr-dfdr.ca/repo/files/9/published/publication_961/submitted_data/01_Data/images/German_Bank_2010/Hp17/Hp17_259210420.JPG,[4],train,-65.69005562,43.23121101
German_Bank_2010,Hp17,Hp17_259210436,https://www.frdr-dfdr.ca/repo/files/9/published/publication_961/submitted_data/01_Data/images/German_Bank_2010/Hp17/Hp17_259210436.JPG,[4],train,-65.68984047,43.23109496
German_Bank_2010,Hp17,Hp17_259210452,https://www.frdr-dfdr.ca/repo/files/9/published/publication_961/submitted_data/01_Data/images/German_Bank_2010/Hp17/Hp17_259210452.JPG,[4],train,-65.68963209,43.23097788
German_Bank_2010,Hp17,Hp17_259210508,https://www.frdr-dfdr.ca/repo/files/9/published/publication_961/submitted_data/01_Data/images/German_Bank_2010/Hp17/Hp17_259210508.JPG,[4],train,-65.68941692,43.23085314
German_Bank_2010,Hp17,Hp17_259210524,https://www.frdr-dfdr.ca/repo/files/9/published/publication_961/submitted_data/01_Data/images/German_Bank_2010/Hp17/Hp17_259210524.JPG,[4],train,-65.68920317,43.23072763
German_Bank_2010,Hp17,Hp17_259210540,https://www.frdr-dfdr.ca/repo/files/9/published/publication_961/submitted_data/01_Data/images/German_Bank_2010/Hp17/Hp17_259210540.JPG,[4],train,-65.68898971,43.23060266
German_Bank_2010,Hp17,Hp17_259210556,https://www.frdr-dfdr.ca/repo/files/9/published/publication_961/submitted_data/01_Data/images/German_Bank_2010/Hp17/Hp17_259210556.JPG,[4],train,-65.68878169,43.23048065
German_Bank_2010,Hp17,Hp17_259210611,https://www.frdr-dfdr.ca/repo/files/9/published/publication_961/submitted_data/01_Data/images/German_Bank_2010/Hp17/Hp17_259210611.JPG,[4],train,-65.68858349,43.23036584
German_Bank_2010,Hp17,Hp17_259210627,https://www.frdr-dfdr.ca/repo/files/9/published/publication_961/submitted_data/01_Data/images/German_Bank_2010/Hp17/Hp17_259210627.JPG,[4],train,-65.68837466,43.23024606
German_Bank_2010,Hp17,Hp17_259210644,https://www.frdr-dfdr.ca/repo/files/9/published/publication_961/submitted_data/01_Data/images/German_Bank_2010/Hp17/Hp17_259210644.JPG,[4],train,-65.68814852,43.23011943
German_Bank_2010,Hp17,Hp17_259210659,https://www.frdr-dfdr.ca/repo/files/9/published/publication_961/submitted_data/01_Data/images/German_Bank_2010/Hp17/Hp17_259210659.JPG,[4],train,-65.68796261,43.23001603
German_Bank_2010,Hp17,Hp17_259210716,https://www.frdr-dfdr.ca/repo/files/9/published/publication_961/submitted_data/01_Data/images/German_Bank_2010/Hp17/Hp17_259210716.JPG,[4],train,-65.68774483,43.22989565
German_Bank_2010,Hp17,Hp17_259210731,https://www.frdr-dfdr.ca/repo/files/9/published/publication_961/submitted_data/01_Data/images/German_Bank_2010/Hp17/Hp17_259210731.JPG,[4],dropped,-65.68754902,43.22979051
German_Bank_2010,Hp17,Hp17_259210747,https://www.frdr-dfdr.ca/repo/files/9/published/publication_961/submitted_data/01_Data/images/German_Bank_2010/Hp17/Hp17_259210747.JPG,[4],dropped,-65.68733467,43.22967838
German_Bank_2010,Hp17,Hp17_259210803,https://www.frdr-dfdr.ca/repo/files/9/published/publication_961/submitted_data/01_Data/images/German_Bank_2010/Hp17/Hp17_259210803.JPG,[4],test,-65.687133,43.22957167
German_Bank_2010,Hp17,Hp17_259210818,https://www.frdr-dfdr.ca/repo/files/9/published/publication_961/submitted_data/01_Data/images/German_Bank_2010/Hp17/Hp17_259210818.JPG,[4],test,-65.68693245,43.22946434
German_Bank_2010,Hp18,Hp18_261190737,https://www.frdr-dfdr.ca/repo/files/9/published/publication_961/submitted_data/01_Data/images/German_Bank_2010/Hp18/Hp18_261190737.JPG,[4],train,-65.92953426,43.22564033
German_Bank_2010,Hp18,Hp18_261190752,https://www.frdr-dfdr.ca/repo/files/9/published/publication_961/submitted_data/01_Data/images/German_Bank_2010/Hp18/Hp18_261190752.JPG,[4],train,-65.92942129,43.22559798
German_Bank_2010,Hp18,Hp18_261190808,https://www.frdr-dfdr.ca/repo/files/9/published/publication_961/submitted_data/01_Data/images/German_Bank_2010/Hp18/Hp18_261190808.JPG,[4],train,-65.92926446,43.2255578
German_Bank_2010,Hp18,Hp18_261190824,https://www.frdr-dfdr.ca/repo/files/9/published/publication_961/submitted_data/01_Data/images/German_Bank_2010/Hp18/Hp18_261190824.JPG,[4],train,-65.92906754,43.22552685
German_Bank_2010,Hp18,Hp18_261190840,https://www.frdr-dfdr.ca/repo/files/9/published/publication_961/submitted_data/01_Data/images/German_Bank_2010/Hp18/Hp18_261190840.JPG,[4],train,-65.92887065,43.225509
German_Bank_2010,Hp18,Hp18_261190856,https://www.frdr-dfdr.ca/repo/files/9/published/publication_961/submitted_data/01_Data/images/German_Bank_2010/Hp18/Hp18_261190856.JPG,[4],train,-65.92866857,43.22549787
German_Bank_2010,Hp18,Hp18_261190911,https://www.frdr-dfdr.ca/repo/files/9/published/publication_961/submitted_data/01_Data/images/German_Bank_2010/Hp18/Hp18_261190911.JPG,[4],train,-65.9284656,43.22549032
German_Bank_2010,Hp18,Hp18_261190928,https://www.frdr-dfdr.ca/repo/files/9/published/publication_961/submitted_data/01_Data/images/German_Bank_2010/Hp18/Hp18_261190928.JPG,[2],train,-65.92824786,43.22548677
German_Bank_2010,Hp18,Hp18_261190944,https://www.frdr-dfdr.ca/repo/files/9/published/publication_961/submitted_data/01_Data/images/German_Bank_2010/Hp18/Hp18_261190944.JPG,[2],train,-65.92804083,43.22548564
German_Bank_2010,Hp18,Hp18_261190951,https://www.frdr-dfdr.ca/repo/files/9/published/publication_961/submitted_data/01_Data/images/German_Bank_2010/Hp18/Hp18_261190951.JPG,[2],train,-65.92795485,43.22548563
German_Bank_2010,Hp18,Hp18_261190959,https://www.frdr-dfdr.ca/repo/files/9/published/publication_961/submitted_data/01_Data/images/German_Bank_2010/Hp18/Hp18_261190959.JPG,[2],train,-65.92785205,43.22548593
German_Bank_2010,Hp18,Hp18_261191015,https://www.frdr-dfdr.ca/repo/files/9/published/publication_961/submitted_data/01_Data/images/German_Bank_2010/Hp18/Hp18_261191015.JPG,[2],train,-65.92765839,43.22548872
German_Bank_2010,Hp18,Hp18_261191027,https://www.frdr-dfdr.ca/repo/files/9/published/publication_961/submitted_data/01_Data/images/German_Bank_2010/Hp18/Hp18_261191027.JPG,[2],train,-65.92751899,43.22549175
German_Bank_2010,Hp18,Hp18_261191032,https://www.frdr-dfdr.ca/repo/files/9/published/publication_961/submitted_data/01_Data/images/German_Bank_2010/Hp18/Hp18_261191032.JPG,[4],train,-65.92745371,43.22549281
German_Bank_2010,Hp18,Hp18_261191046,https://www.frdr-dfdr.ca/repo/files/9/published/publication_961/submitted_data/01_Data/images/German_Bank_2010/Hp18/Hp18_261191046.JPG,[4],train,-65.92729765,43.22549439
German_Bank_2010,Hp18,Hp18_261191102,https://www.frdr-dfdr.ca/repo/files/9/published/publication_961/submitted_data/01_Data/images/German_Bank_2010/Hp18/Hp18_261191102.JPG,[2],train,-65.92710139,43.22549537
German_Bank_2010,Hp18,Hp18_261191117,https://www.frdr-dfdr.ca/repo/files/9/published/publication_961/submitted_data/01_Data/images/German_Bank_2010/Hp18/Hp18_261191117.JPG,[2],train,-65.92690789,43.22549953
German_Bank_2010,Hp18,Hp18_261191133,https://www.frdr-dfdr.ca/repo/files/9/published/publication_961/submitted_data/01_Data/images/German_Bank_2010/Hp18/Hp18_261191133.JPG,[2],train,-65.92672189,43.22550368
German_Bank_2010,Hp18,Hp18_261191143,https://www.frdr-dfdr.ca/repo/files/9/published/publication_961/submitted_data/01_Data/images/German_Bank_2010/Hp18/Hp18_261191143.JPG,[2],train,-65.92658615,43.22550516
German_Bank_2010,Hp18,Hp18_261191149,https://www.frdr-dfdr.ca/repo/files/9/published/publication_961/submitted_data/01_Data/images/German_Bank_2010/Hp18/Hp18_261191149.JPG,[2],train,-65.92649033,43.2255058
German_Bank_2010,Hp18,Hp18_261191205,https://www.frdr-dfdr.ca/repo/files/9/published/publication_961/submitted_data/01_Data/images/German_Bank_2010/Hp18/Hp18_261191205.JPG,[2],train,-65.92631876,43.22550737
German_Bank_2010,Hp18,Hp18_261191217,https://www.frdr-dfdr.ca/repo/files/9/published/publication_961/submitted_data/01_Data/images/German_Bank_2010/Hp18/Hp18_261191217.JPG,[2],train,-65.92616575,43.22551064
German_Bank_2010,Hp18,Hp18_261191221,https://www.frdr-dfdr.ca/repo/files/9/published/publication_961/submitted_data/01_Data/images/German_Bank_2010/Hp18/Hp18_261191221.JPG,[2],train,-65.9261242,43.22551162
German_Bank_2010,Hp18,Hp18_261191236,https://www.frdr-dfdr.ca/repo/files/9/published/publication_961/submitted_data/01_Data/images/German_Bank_2010/Hp18/Hp18_261191236.JPG,[4],train,-65.92594906,43.22551497
German_Bank_2010,Hp18,Hp18_261191252,https://www.frdr-dfdr.ca/repo/files/9/published/publication_961/submitted_data/01_Data/images/German_Bank_2010/Hp18/Hp18_261191252.JPG,[4],train,-65.92577714,43.22551441
German_Bank_2010,Hp18,Hp18_261191307,https://www.frdr-dfdr.ca/repo/files/9/published/publication_961/submitted_data/01_Data/images/German_Bank_2010/Hp18/Hp18_261191307.JPG,[4],train,-65.92560203,43.22551262
German_Bank_2010,Hp18,Hp18_261191313,https://www.frdr-dfdr.ca/repo/files/9/published/publication_961/submitted_data/01_Data/images/German_Bank_2010/Hp18/Hp18_261191313.JPG,[2],train,-65.92552499,43.22551232
German_Bank_2010,Hp18,Hp18_261191323,https://www.frdr-dfdr.ca/repo/files/9/published/publication_961/submitted_data/01_Data/images/German_Bank_2010/Hp18/Hp18_261191323.JPG,[4],train,-65.92538591,43.22551291
German_Bank_2010,Hp18,Hp18_261191328,https://www.frdr-dfdr.ca/repo/files/9/published/publication_961/submitted_data/01_Data/images/German_Bank_2010/Hp18/Hp18_261191328.JPG,[2],train,-65.92533704,43.22551316
German_Bank_2010,Hp18,Hp18_261191340,https://www.frdr-dfdr.ca/repo/files/9/published/publication_961/submitted_data/01_Data/images/German_Bank_2010/Hp18/Hp18_261191340.JPG,[2],train,-65.92516706,43.22551448
German_Bank_2010,Hp18,Hp18_261191356,https://www.frdr-dfdr.ca/repo/files/9/published/publication_961/submitted_data/01_Data/images/German_Bank_2010/Hp18/Hp18_261191356.JPG,[2],train,-65.92497667,43.22551335
German_Bank_2010,Hp18,Hp18_261191411,https://www.frdr-dfdr.ca/repo/files/9/published/publication_961/submitted_data/01_Data/images/German_Bank_2010/Hp18/Hp18_261191411.JPG,[2],train,-65.9248058,43.22550912
German_Bank_2010,Hp18,Hp18_261191427,https://www.frdr-dfdr.ca/repo/files/9/published/publication_961/submitted_data/01_Data/images/German_Bank_2010/Hp18/Hp18_261191427.JPG,[2],train,-65.92462183,43.22550318
German_Bank_2010,Hp18,Hp18_261191433,https://www.frdr-dfdr.ca/repo/files/9/published/publication_961/submitted_data/01_Data/images/German_Bank_2010/Hp18/Hp18_261191433.JPG,[2],train,-65.92455747,43.225501
German_Bank_2010,Hp18,Hp18_261191442,https://www.frdr-dfdr.ca/repo/files/9/published/publication_961/submitted_data/01_Data/images/German_Bank_2010/Hp18/Hp18_261191442.JPG,[4],train,-65.92445819,43.22549825
German_Bank_2010,Hp18,Hp18_261191459,https://www.frdr-dfdr.ca/repo/files/9/published/publication_961/submitted_data/01_Data/images/German_Bank_2010/Hp18/Hp18_261191459.JPG,[4],train,-65.92425491,43.22549378
German_Bank_2010,Hp18,Hp18_261191514,https://www.frdr-dfdr.ca/repo/files/9/published/publication_961/submitted_data/01_Data/images/German_Bank_2010/Hp18/Hp18_261191514.JPG,[4],train,-65.92408081,43.22549092
German_Bank_2010,Hp18,Hp18_261191530,https://www.frdr-dfdr.ca/repo/files/9/published/publication_961/submitted_data/01_Data/images/German_Bank_2010/Hp18/Hp18_261191530.JPG,[4],train,-65.92388734,43.22548545
German_Bank_2010,Hp18,Hp18_261191546,https://www.frdr-dfdr.ca/repo/files/9/published/publication_961/submitted_data/01_Data/images/German_Bank_2010/Hp18/Hp18_261191546.JPG,[4],train,-65.92368692,43.22547889
German_Bank_2010,Hp18,Hp18_261191602,https://www.frdr-dfdr.ca/repo/files/9/published/publication_961/submitted_data/01_Data/images/German_Bank_2010/Hp18/Hp18_261191602.JPG,[4],train,-65.92350359,43.22547444
German_Bank_2010,Hp18,Hp18_261191618,https://www.frdr-dfdr.ca/repo/files/9/published/publication_961/submitted_data/01_Data/images/German_Bank_2010/Hp18/Hp18_261191618.JPG,[4],train,-65.92330128,43.22546852
German_Bank_2010,Hp18,Hp18_261191622,https://www.frdr-dfdr.ca/repo/files/9/published/publication_961/submitted_data/01_Data/images/German_Bank_2010/Hp18/Hp18_261191622.JPG,[2],train,-65.92325444,43.22546702
German_Bank_2010,Hp18,Hp18_261191628,https://www.frdr-dfdr.ca/repo/files/9/published/publication_961/submitted_data/01_Data/images/German_Bank_2010/Hp18/Hp18_261191628.JPG,[2],train,-65.92317142,43.22546393
German_Bank_2010,Hp18,Hp18_261191633,https://www.frdr-dfdr.ca/repo/files/9/published/publication_961/submitted_data/01_Data/images/German_Bank_2010/Hp18/Hp18_261191633.JPG,[2],train,-65.92310563,43.2254619
German_Bank_2010,Hp18,Hp18_261191649,https://www.frdr-dfdr.ca/repo/files/9/published/publication_961/submitted_data/01_Data/images/German_Bank_2010/Hp18/Hp18_261191649.JPG,[2],train,-65.92291166,43.22545512
German_Bank_2010,Hp18,Hp18_261191705,https://www.frdr-dfdr.ca/repo/files/9/published/publication_961/submitted_data/01_Data/images/German_Bank_2010/Hp18/Hp18_261191705.JPG,[2],train,-65.92271797,43.22545211
German_Bank_2010,Hp18,Hp18_261191721,https://www.frdr-dfdr.ca/repo/files/9/published/publication_961/submitted_data/01_Data/images/German_Bank_2010/Hp18/Hp18_261191721.JPG,[4],train,-65.92252383,43.22544876
German_Bank_2010,Hp18,Hp18_261191732,https://www.frdr-dfdr.ca/repo/files/9/published/publication_961/submitted_data/01_Data/images/German_Bank_2010/Hp18/Hp18_261191732.JPG,[4],train,-65.92240722,43.22544544
German_Bank_2010,Hp18,Hp18_261191737,https://www.frdr-dfdr.ca/repo/files/9/published/publication_961/submitted_data/01_Data/images/German_Bank_2010/Hp18/Hp18_261191737.JPG,[4],train,-65.9223386,43.22544314
German_Bank_2010,Hp18,Hp18_261191744,https://www.frdr-dfdr.ca/repo/files/9/published/publication_961/submitted_data/01_Data/images/German_Bank_2010/Hp18/Hp18_261191744.JPG,[2],train,-65.92226064,43.22544093
German_Bank_2010,Hp18,Hp18_261191752,https://www.frdr-dfdr.ca/repo/files/9/published/publication_961/submitted_data/01_Data/images/German_Bank_2010/Hp18/Hp18_261191752.JPG,[2],train,-65.92215881,43.22543866
German_Bank_2010,Hp18,Hp18_261191807,https://www.frdr-dfdr.ca/repo/files/9/published/publication_961/submitted_data/01_Data/images/German_Bank_2010/Hp18/Hp18_261191807.JPG,[4],train,-65.92200511,43.22543566
German_Bank_2010,Hp18,Hp18_261191823,https://www.frdr-dfdr.ca/repo/files/9/published/publication_961/submitted_data/01_Data/images/German_Bank_2010/Hp18/Hp18_261191823.JPG,[4],train,-65.9218291,43.22543238
German_Bank_2010,Hp18,Hp18_261191840,https://www.frdr-dfdr.ca/repo/files/9/published/publication_961/submitted_data/01_Data/images/German_Bank_2010/Hp18/Hp18_261191840.JPG,[4],train,-65.92163937,43.22542788
German_Bank_2010,Hp18,Hp18_261191855,https://www.frdr-dfdr.ca/repo/files/9/published/publication_961/submitted_data/01_Data/images/German_Bank_2010/Hp18/Hp18_261191855.JPG,[4],train,-65.92146856,43.22542505
German_Bank_2010,Hp18,Hp18_261191911,https://www.frdr-dfdr.ca/repo/files/9/published/publication_961/submitted_data/01_Data/images/German_Bank_2010/Hp18/Hp18_261191911.JPG,[4],train,-65.92128464,43.22542554
German_Bank_2010,Hp18,Hp18_261191915,https://www.frdr-dfdr.ca/repo/files/9/published/publication_961/submitted_data/01_Data/images/German_Bank_2010/Hp18/Hp18_261191915.JPG,[2],train,-65.92123683,43.22542709
German_Bank_2010,Hp18,Hp18_261191922,https://www.frdr-dfdr.ca/repo/files/9/published/publication_961/submitted_data/01_Data/images/German_Bank_2010/Hp18/Hp18_261191922.JPG,[2],train,-65.92114096,43.22543115
German_Bank_2010,Hp18,Hp18_261191927,https://www.frdr-dfdr.ca/repo/files/9/published/publication_961/submitted_data/01_Data/images/German_Bank_2010/Hp18/Hp18_261191927.JPG,[4],train,-65.92108952,43.22543429
German_Bank_2010,Hp18,Hp18_261191942,https://www.frdr-dfdr.ca/repo/files/9/published/publication_961/submitted_data/01_Data/images/German_Bank_2010/Hp18/Hp18_261191942.JPG,[4],train,-65.92091552,43.22544741
German_Bank_2010,Hp18,Hp18_261191958,https://www.frdr-dfdr.ca/repo/files/9/published/publication_961/submitted_data/01_Data/images/German_Bank_2010/Hp18/Hp18_261191958.JPG,[2],train,-65.92072785,43.22546341
German_Bank_2010,Hp18,Hp18_261192014,https://www.frdr-dfdr.ca/repo/files/9/published/publication_961/submitted_data/01_Data/images/German_Bank_2010/Hp18/Hp18_261192014.JPG,[4],train,-65.92051792,43.22548398
German_Bank_2010,Hp18,Hp18_261192030,https://www.frdr-dfdr.ca/repo/files/9/published/publication_961/submitted_data/01_Data/images/German_Bank_2010/Hp18/Hp18_261192030.JPG,[4],train,-65.92036589,43.22550254
German_Bank_2010,Hp18,Hp18_261192045,https://www.frdr-dfdr.ca/repo/files/9/published/publication_961/submitted_data/01_Data/images/German_Bank_2010/Hp18/Hp18_261192045.JPG,[4],train,-65.92021404,43.22552344
German_Bank_2010,Hp18,Hp18_261192057,https://www.frdr-dfdr.ca/repo/files/9/published/publication_961/submitted_data/01_Data/images/German_Bank_2010/Hp18/Hp18_261192057.JPG,[2],train,-65.92007924,43.22554224
German_Bank_2010,Hp18,Hp18_261192101,https://www.frdr-dfdr.ca/repo/files/9/published/publication_961/submitted_data/01_Data/images/German_Bank_2010/Hp18/Hp18_261192101.JPG,[2],train,-65.92001589,43.22555142
German_Bank_2010,Hp18,Hp18_261192117,https://www.frdr-dfdr.ca/repo/files/9/published/publication_961/submitted_data/01_Data/images/German_Bank_2010/Hp18/Hp18_261192117.JPG,[4],train,-65.91983661,43.22557742
German_Bank_2010,Hp18,Hp18_261192132,https://www.frdr-dfdr.ca/repo/files/9/published/publication_961/submitted_data/01_Data/images/German_Bank_2010/Hp18/Hp18_261192132.JPG,[4],train,-65.91966388,43.22560439
German_Bank_2010,Hp18,Hp18_261192148,https://www.frdr-dfdr.ca/repo/files/9/published/publication_961/submitted_data/01_Data/images/German_Bank_2010/Hp18/Hp18_261192148.JPG,[4],train,-65.91947885,43.22563185
German_Bank_2010,Hp18,Hp18_261192205,https://www.frdr-dfdr.ca/repo/files/9/published/publication_961/submitted_data/01_Data/images/German_Bank_2010/Hp18/Hp18_261192205.JPG,[4],train,-65.91927474,43.22565947
German_Bank_2010,Hp18,Hp18_261192220,https://www.frdr-dfdr.ca/repo/files/9/published/publication_961/submitted_data/01_Data/images/German_Bank_2010/Hp18/Hp18_261192220.JPG,[4],train,-65.9190926,43.22568473
German_Bank_2010,Hp19,Hp19_258214854,https://www.frdr-dfdr.ca/repo/files/9/published/publication_961/submitted_data/01_Data/images/German_Bank_2010/Hp19/Hp19_258214854.JPG,[2],test,-66.20338734,43.17939303
German_Bank_2010,Hp19,Hp19_258214910,https://www.frdr-dfdr.ca/repo/files/9/published/publication_961/submitted_data/01_Data/images/German_Bank_2010/Hp19/Hp19_258214910.JPG,[2],test,-66.20319966,43.17928502
German_Bank_2010,Hp19,Hp19_258214926,https://www.frdr-dfdr.ca/repo/files/9/published/publication_961/submitted_data/01_Data/images/German_Bank_2010/Hp19/Hp19_258214926.JPG,[2],test,-66.20300785,43.17917411
German_Bank_2010,Hp19,Hp19_258214942,https://www.frdr-dfdr.ca/repo/files/9/published/publication_961/submitted_data/01_Data/images/German_Bank_2010/Hp19/Hp19_258214942.JPG,[4],test,-66.20281335,43.17906049
German_Bank_2010,Hp19,Hp19_258214958,https://www.frdr-dfdr.ca/repo/files/9/published/publication_961/submitted_data/01_Data/images/German_Bank_2010/Hp19/Hp19_258214958.JPG,[4],test,-66.2025874,43.17892675
German_Bank_2010,Hp19,Hp19_258215014,https://www.frdr-dfdr.ca/repo/files/9/published/publication_961/submitted_data/01_Data/images/German_Bank_2010/Hp19/Hp19_258215014.JPG,[4],test,-66.20236934,43.17879505
German_Bank_2010,Hp19,Hp19_258215030,https://www.frdr-dfdr.ca/repo/files/9/published/publication_961/submitted_data/01_Data/images/German_Bank_2010/Hp19/Hp19_258215030.JPG,[2],test,-66.20214134,43.17865723
German_Bank_2010,Hp19,Hp19_258215045,https://www.frdr-dfdr.ca/repo/files/9/published/publication_961/submitted_data/01_Data/images/German_Bank_2010/Hp19/Hp19_258215045.JPG,[2],test,-66.20189691,43.17851102
German_Bank_2010,Hp19,Hp19_258215101,https://www.frdr-dfdr.ca/repo/files/9/published/publication_961/submitted_data/01_Data/images/German_Bank_2010/Hp19/Hp19_258215101.JPG,[4],test,-66.20170303,43.17839436
German_Bank_2010,Hp19,Hp19_258215117,https://www.frdr-dfdr.ca/repo/files/9/published/publication_961/submitted_data/01_Data/images/German_Bank_2010/Hp19/Hp19_258215117.JPG,[4],test,-66.20148534,43.17826464
German_Bank_2010,Hp19,Hp19_258215133,https://www.frdr-dfdr.ca/repo/files/9/published/publication_961/submitted_data/01_Data/images/German_Bank_2010/Hp19/Hp19_258215133.JPG,[4],test,-66.20127613,43.17814164
German_Bank_2010,Hp19,Hp19_258215149,https://www.frdr-dfdr.ca/repo/files/9/published/publication_961/submitted_data/01_Data/images/German_Bank_2010/Hp19/Hp19_258215149.JPG,[4],test,-66.20108789,43.17803281
German_Bank_2010,Hp19,Hp19_258215205,https://www.frdr-dfdr.ca/repo/files/9/published/publication_961/submitted_data/01_Data/images/German_Bank_2010/Hp19/Hp19_258215205.JPG,[2],test,-66.20092292,43.17793756
German_Bank_2010,Hp19,Hp19_258215221,https://www.frdr-dfdr.ca/repo/files/9/published/publication_961/submitted_data/01_Data/images/German_Bank_2010/Hp19/Hp19_258215221.JPG,[4],dropped,-66.20074943,43.17783804
German_Bank_2010,Hp19,Hp19_258215236,https://www.frdr-dfdr.ca/repo/files/9/published/publication_961/submitted_data/01_Data/images/German_Bank_2010/Hp19/Hp19_258215236.JPG,[4],dropped,-66.20062568,43.17776902
German_Bank_2010,Hp19,Hp19_258215252,https://www.frdr-dfdr.ca/repo/files/9/published/publication_961/submitted_data/01_Data/images/German_Bank_2010/Hp19/Hp19_258215252.JPG,[2],dropped,-66.20043789,43.17766647
German_Bank_2010,Hp19,Hp19_258215308,https://www.frdr-dfdr.ca/repo/files/9/published/publication_961/submitted_data/01_Data/images/German_Bank_2010/Hp19/Hp19_258215308.JPG,[2],train,-66.2002341,43.17755599
German_Bank_2010,Hp19,Hp19_258215324,https://www.frdr-dfdr.ca/repo/files/9/published/publication_961/submitted_data/01_Data/images/German_Bank_2010/Hp19/Hp19_258215324.JPG,[2],train,-66.20003511,43.17744769
German_Bank_2010,Hp19,Hp19_258215356,https://www.frdr-dfdr.ca/repo/files/9/published/publication_961/submitted_data/01_Data/images/German_Bank_2010/Hp19/Hp19_258215356.JPG,[4],train,-66.1995945,43.17720418
German_Bank_2010,Hp19,Hp19_258215412,https://www.frdr-dfdr.ca/repo/files/9/published/publication_961/submitted_data/01_Data/images/German_Bank_2010/Hp19/Hp19_258215412.JPG,[4],train,-66.19937061,43.17707719
German_Bank_2010,Hp19,Hp19_258215428,https://www.frdr-dfdr.ca/repo/files/9/published/publication_961/submitted_data/01_Data/images/German_Bank_2010/Hp19/Hp19_258215428.JPG,[4],train,-66.19916357,43.17695829
German_Bank_2010,Hp19,Hp19_258215443,https://www.frdr-dfdr.ca/repo/files/9/published/publication_961/submitted_data/01_Data/images/German_Bank_2010/Hp19/Hp19_258215443.JPG,[4],train,-66.1989852,43.17685518
German_Bank_2010,Hp19,Hp19_258215459,https://www.frdr-dfdr.ca/repo/files/9/published/publication_961/submitted_data/01_Data/images/German_Bank_2010/Hp19/Hp19_258215459.JPG,[4],train,-66.19883679,43.17676956
German_Bank_2010,Hp19,Hp19_258215515,https://www.frdr-dfdr.ca/repo/files/9/published/publication_961/submitted_data/01_Data/images/German_Bank_2010/Hp19/Hp19_258215515.JPG,[4],train,-66.19866586,43.1766723
German_Bank_2010,Hp19,Hp19_258215531,https://www.frdr-dfdr.ca/repo/files/9/published/publication_961/submitted_data/01_Data/images/German_Bank_2010/Hp19/Hp19_258215531.JPG,[4],train,-66.19848026,43.17656645
German_Bank_2010,Hp19,Hp19_258215547,https://www.frdr-dfdr.ca/repo/files/9/published/publication_961/submitted_data/01_Data/images/German_Bank_2010/Hp19/Hp19_258215547.JPG,[4],train,-66.1983117,43.1764696
German_Bank_2010,Hp19,Hp19_258215603,https://www.frdr-dfdr.ca/repo/files/9/published/publication_961/submitted_data/01_Data/images/German_Bank_2010/Hp19/Hp19_258215603.JPG,[4],train,-66.19809273,43.17634068
German_Bank_2010,Hp19,Hp19_258215635,https://www.frdr-dfdr.ca/repo/files/9/published/publication_961/submitted_data/01_Data/images/German_Bank_2010/Hp19/Hp19_258215635.JPG,[4],train,-66.19765859,43.17607798
German_Bank_2010,Hp19,Hp19_258215650,https://www.frdr-dfdr.ca/repo/files/9/published/publication_961/submitted_data/01_Data/images/German_Bank_2010/Hp19/Hp19_258215650.JPG,[4],train,-66.19744901,43.17594901
German_Bank_2010,Hp19,Hp19_258215706,https://www.frdr-dfdr.ca/repo/files/9/published/publication_961/submitted_data/01_Data/images/German_Bank_2010/Hp19/Hp19_258215706.JPG,[2],train,-66.1972308,43.17581554
German_Bank_2010,Hp19,Hp19_258215722,https://www.frdr-dfdr.ca/repo/files/9/published/publication_961/submitted_data/01_Data/images/German_Bank_2010/Hp19/Hp19_258215722.JPG,[4],train,-66.19707921,43.17572401
German_Bank_2010,Hp19,Hp19_258215738,https://www.frdr-dfdr.ca/repo/files/9/published/publication_961/submitted_data/01_Data/images/German_Bank_2010/Hp19/Hp19_258215738.JPG,[2],train,-66.19691603,43.17562879
German_Bank_2010,Hp19,Hp19_258215754,https://www.frdr-dfdr.ca/repo/files/9/published/publication_961/submitted_data/01_Data/images/German_Bank_2010/Hp19/Hp19_258215754.JPG,[4],train,-66.19678558,43.1755538
German_Bank_2010,Hp19,Hp19_258215810,https://www.frdr-dfdr.ca/repo/files/9/published/publication_961/submitted_data/01_Data/images/German_Bank_2010/Hp19/Hp19_258215810.JPG,[4],train,-66.19666883,43.17548809
German_Bank_2010,Hp19,Hp19_258215826,https://www.frdr-dfdr.ca/repo/files/9/published/publication_961/submitted_data/01_Data/images/German_Bank_2010/Hp19/Hp19_258215826.JPG,[4],train,-66.19652521,43.17540921
German_Bank_2010,Hp19,Hp19_258215842,https://www.frdr-dfdr.ca/repo/files/9/published/publication_961/submitted_data/01_Data/images/German_Bank_2010/Hp19/Hp19_258215842.JPG,[4],train,-66.19634921,43.17531288
German_Bank_2010,Hp19,Hp19_258215913,https://www.frdr-dfdr.ca/repo/files/9/published/publication_961/submitted_data/01_Data/images/German_Bank_2010/Hp19/Hp19_258215913.JPG,[4],train,-66.1959282,43.1750843
German_Bank_2010,Hp19,Hp19_258215929,https://www.frdr-dfdr.ca/repo/files/9/published/publication_961/submitted_data/01_Data/images/German_Bank_2010/Hp19/Hp19_258215929.JPG,[4],train,-66.19570281,43.17497196
German_Bank_2010,Hp19,Hp19_258215945,https://www.frdr-dfdr.ca/repo/files/9/published/publication_961/submitted_data/01_Data/images/German_Bank_2010/Hp19/Hp19_258215945.JPG,[4],train,-66.19547159,43.17487023
German_Bank_2010,Hp19,Hp19_258220001,https://www.frdr-dfdr.ca/repo/files/9/published/publication_961/submitted_data/01_Data/images/German_Bank_2010/Hp19/Hp19_258220001.JPG,[4],train,-66.19520847,43.17476938
German_Bank_2010,Hp19,Hp19_258220016,https://www.frdr-dfdr.ca/repo/files/9/published/publication_961/submitted_data/01_Data/images/German_Bank_2010/Hp19/Hp19_258220016.JPG,[4],train,-66.1949481,43.17468001
German_Bank_2010,Hp19,Hp19_258220032,https://www.frdr-dfdr.ca/repo/files/9/published/publication_961/submitted_data/01_Data/images/German_Bank_2010/Hp19/Hp19_258220032.JPG,[4],train,-66.19466873,43.17459175
German_Bank_2010,Hp19,Hp19_258220048,https://www.frdr-dfdr.ca/repo/files/9/published/publication_961/submitted_data/01_Data/images/German_Bank_2010/Hp19/Hp19_258220048.JPG,[4],train,-66.19438811,43.17450721
German_Bank_2010,Hp19,Hp19_258220104,https://www.frdr-dfdr.ca/repo/files/9/published/publication_961/submitted_data/01_Data/images/German_Bank_2010/Hp19/Hp19_258220104.JPG,[4],train,-66.19409875,43.17442181
German_Bank_2010,Hp19,Hp19_258220120,https://www.frdr-dfdr.ca/repo/files/9/published/publication_961/submitted_data/01_Data/images/German_Bank_2010/Hp19/Hp19_258220120.JPG,[4],train,-66.19384426,43.17434682
German_Bank_2010,Hp19,Hp19_258220136,https://www.frdr-dfdr.ca/repo/files/9/published/publication_961/submitted_data/01_Data/images/German_Bank_2010/Hp19/Hp19_258220136.JPG,[4],train,-66.19360217,43.17427369
German_Bank_2010,Hp19,Hp19_258220152,https://www.frdr-dfdr.ca/repo/files/9/published/publication_961/submitted_data/01_Data/images/German_Bank_2010/Hp19/Hp19_258220152.JPG,[4],train,-66.19343876,43.17422222
German_Bank_2010,Hp19,Hp19_258220208,https://www.frdr-dfdr.ca/repo/files/9/published/publication_961/submitted_data/01_Data/images/German_Bank_2010/Hp19/Hp19_258220208.JPG,[4],train,-66.19322735,43.17415425
German_Bank_2010,Hp19,Hp19_258220223,https://www.frdr-dfdr.ca/repo/files/9/published/publication_961/submitted_data/01_Data/images/German_Bank_2010/Hp19/Hp19_258220223.JPG,[4],train,-66.19306132,43.17410009
German_Bank_2010,Hp19,Hp19_258220239,https://www.frdr-dfdr.ca/repo/files/9/published/publication_961/submitted_data/01_Data/images/German_Bank_2010/Hp19/Hp19_258220239.JPG,[4],train,-66.19283398,43.17402768
German_Bank_2010,Hp19,Hp19_258220311,https://www.frdr-dfdr.ca/repo/files/9/published/publication_961/submitted_data/01_Data/images/German_Bank_2010/Hp19/Hp19_258220311.JPG,[4],train,-66.19232267,43.17387822
German_Bank_2010,Hp19,Hp19_258220327,https://www.frdr-dfdr.ca/repo/files/9/published/publication_961/submitted_data/01_Data/images/German_Bank_2010/Hp19/Hp19_258220327.JPG,[4],train,-66.19205201,43.17380297
German_Bank_2010,Hp19,Hp19_258220343,https://www.frdr-dfdr.ca/repo/files/9/published/publication_961/submitted_data/01_Data/images/German_Bank_2010/Hp19/Hp19_258220343.JPG,[4],train,-66.19169589,43.17370573
German_Bank_2010,Hp20,Hp20_258205345,https://www.frdr-dfdr.ca/repo/files/9/published/publication_961/submitted_data/01_Data/images/German_Bank_2010/Hp20/Hp20_258205345.JPG,[3],train,-66.2923493,43.2203392
German_Bank_2010,Hp20,Hp20_258205401,https://www.frdr-dfdr.ca/repo/files/9/published/publication_961/submitted_data/01_Data/images/German_Bank_2010/Hp20/Hp20_258205401.JPG,[3],dropped,-66.29217521,43.22046323
German_Bank_2010,Hp20,Hp20_258205417,https://www.frdr-dfdr.ca/repo/files/9/published/publication_961/submitted_data/01_Data/images/German_Bank_2010/Hp20/Hp20_258205417.JPG,[3],dropped,-66.29200593,43.22058703
German_Bank_2010,Hp20,Hp20_258205433,https://www.frdr-dfdr.ca/repo/files/9/published/publication_961/submitted_data/01_Data/images/German_Bank_2010/Hp20/Hp20_258205433.JPG,[3],test,-66.29183377,43.22071721
German_Bank_2010,Hp20,Hp20_258205449,https://www.frdr-dfdr.ca/repo/files/9/published/publication_961/submitted_data/01_Data/images/German_Bank_2010/Hp20/Hp20_258205449.JPG,[3],test,-66.2916692,43.22084455
German_Bank_2010,Hp20,Hp20_258205505,https://www.frdr-dfdr.ca/repo/files/9/published/publication_961/submitted_data/01_Data/images/German_Bank_2010/Hp20/Hp20_258205505.JPG,[3],test,-66.29150936,43.22096785
German_Bank_2010,Hp20,Hp20_258205521,https://www.frdr-dfdr.ca/repo/files/9/published/publication_961/submitted_data/01_Data/images/German_Bank_2010/Hp20/Hp20_258205521.JPG,[3],test,-66.29134368,43.22109812
German_Bank_2010,Hp20,Hp20_258205536,https://www.frdr-dfdr.ca/repo/files/9/published/publication_961/submitted_data/01_Data/images/German_Bank_2010/Hp20/Hp20_258205536.JPG,[3],test,-66.29119634,43.22122172
German_Bank_2010,Hp20,Hp20_258205552,https://www.frdr-dfdr.ca/repo/files/9/published/publication_961/submitted_data/01_Data/images/German_Bank_2010/Hp20/Hp20_258205552.JPG,[3],test,-66.29106238,43.22134248
German_Bank_2010,Hp20,Hp20_258205608,https://www.frdr-dfdr.ca/repo/files/9/published/publication_961/submitted_data/01_Data/images/German_Bank_2010/Hp20/Hp20_258205608.JPG,[3],test,-66.29091261,43.22148734
German_Bank_2010,Hp20,Hp20_258205624,https://www.frdr-dfdr.ca/repo/files/9/published/publication_961/submitted_data/01_Data/images/German_Bank_2010/Hp20/Hp20_258205624.JPG,[3],test,-66.29077163,43.2216329
German_Bank_2010,Hp20,Hp20_258205640,https://www.frdr-dfdr.ca/repo/files/9/published/publication_961/submitted_data/01_Data/images/German_Bank_2010/Hp20/Hp20_258205640.JPG,[3],test,-66.29064125,43.22177467
German_Bank_2010,Hp20,Hp20_258205656,https://www.frdr-dfdr.ca/repo/files/9/published/publication_961/submitted_data/01_Data/images/German_Bank_2010/Hp20/Hp20_258205656.JPG,[3],test,-66.29050752,43.22192351
German_Bank_2010,Hp20,Hp20_258205712,https://www.frdr-dfdr.ca/repo/files/9/published/publication_961/submitted_data/01_Data/images/German_Bank_2010/Hp20/Hp20_258205712.JPG,[3],test,-66.29038342,43.22206365
German_Bank_2010,Hp20,Hp20_258205727,https://www.frdr-dfdr.ca/repo/files/9/published/publication_961/submitted_data/01_Data/images/German_Bank_2010/Hp20/Hp20_258205727.JPG,[3],test,-66.29025504,43.22220958
German_Bank_2010,Hp20,Hp20_258205743,https://www.frdr-dfdr.ca/repo/files/9/published/publication_961/submitted_data/01_Data/images/German_Bank_2010/Hp20/Hp20_258205743.JPG,[3],test,-66.29012674,43.22235943
German_Bank_2010,Hp20,Hp20_258205759,https://www.frdr-dfdr.ca/repo/files/9/published/publication_961/submitted_data/01_Data/images/German_Bank_2010/Hp20/Hp20_258205759.JPG,[3],test,-66.28999514,43.22251546
German_Bank_2010,Hp20,Hp20_258205815,https://www.frdr-dfdr.ca/repo/files/9/published/publication_961/submitted_data/01_Data/images/German_Bank_2010/Hp20/Hp20_258205815.JPG,[3],test,-66.28987084,43.22266319
German_Bank_2010,Hp20,Hp20_258205831,https://www.frdr-dfdr.ca/repo/files/9/published/publication_961/submitted_data/01_Data/images/German_Bank_2010/Hp20/Hp20_258205831.JPG,[3],test,-66.28974405,43.22281336
German_Bank_2010,Hp20,Hp20_258205847,https://www.frdr-dfdr.ca/repo/files/9/published/publication_961/submitted_data/01_Data/images/German_Bank_2010/Hp20/Hp20_258205847.JPG,[3],test,-66.28961267,43.22296861
German_Bank_2010,Hp20,Hp20_258205902,https://www.frdr-dfdr.ca/repo/files/9/published/publication_961/submitted_data/01_Data/images/German_Bank_2010/Hp20/Hp20_258205902.JPG,[3],test,-66.28950118,43.22309986
German_Bank_2010,Hp20,Hp20_258205919,https://www.frdr-dfdr.ca/repo/files/9/published/publication_961/submitted_data/01_Data/images/German_Bank_2010/Hp20/Hp20_258205919.JPG,[3],test,-66.28937002,43.22325513
German_Bank_2010,Hp20,Hp20_258205935,https://www.frdr-dfdr.ca/repo/files/9/published/publication_961/submitted_data/01_Data/images/German_Bank_2010/Hp20/Hp20_258205935.JPG,[3],test,-66.28923923,43.22341032
German_Bank_2010,Hp20,Hp20_258205950,https://www.frdr-dfdr.ca/repo/files/9/published/publication_961/submitted_data/01_Data/images/German_Bank_2010/Hp20/Hp20_258205950.JPG,[3],test,-66.2891142,43.22355819
German_Bank_2010,Hp20,Hp20_258210006,https://www.frdr-dfdr.ca/repo/files/9/published/publication_961/submitted_data/01_Data/images/German_Bank_2010/Hp20/Hp20_258210006.JPG,[3],test,-66.28898525,43.22371308
German_Bank_2010,Hp20,Hp20_258210022,https://www.frdr-dfdr.ca/repo/files/9/published/publication_961/submitted_data/01_Data/images/German_Bank_2010/Hp20/Hp20_258210022.JPG,[3],test,-66.28885431,43.22387366
German_Bank_2010,Hp20,Hp20_258210038,https://www.frdr-dfdr.ca/repo/files/9/published/publication_961/submitted_data/01_Data/images/German_Bank_2010/Hp20/Hp20_258210038.JPG,[3],test,-66.28872406,43.22403437
German_Bank_2010,Hp20,Hp20_258210054,https://www.frdr-dfdr.ca/repo/files/9/published/publication_961/submitted_data/01_Data/images/German_Bank_2010/Hp20/Hp20_258210054.JPG,[3],test,-66.28858727,43.22420255
German_Bank_2010,Hp20,Hp20_258210126,https://www.frdr-dfdr.ca/repo/files/9/published/publication_961/submitted_data/01_Data/images/German_Bank_2010/Hp20/Hp20_258210126.JPG,[3],test,-66.288324,43.22452954
German_Bank_2010,Hp20,Hp20_258210142,https://www.frdr-dfdr.ca/repo/files/9/published/publication_961/submitted_data/01_Data/images/German_Bank_2010/Hp20/Hp20_258210142.JPG,[3],test,-66.28820977,43.22467235
German_Bank_2010,Hp20,Hp20_258210157,https://www.frdr-dfdr.ca/repo/files/9/published/publication_961/submitted_data/01_Data/images/German_Bank_2010/Hp20/Hp20_258210157.JPG,[3],test,-66.28810071,43.22480882
German_Bank_2010,Hp20,Hp20_258210213,https://www.frdr-dfdr.ca/repo/files/9/published/publication_961/submitted_data/01_Data/images/German_Bank_2010/Hp20/Hp20_258210213.JPG,[3],dropped,-66.28798091,43.22495867
German_Bank_2010,Hp20,Hp20_258210229,https://www.frdr-dfdr.ca/repo/files/9/published/publication_961/submitted_data/01_Data/images/German_Bank_2010/Hp20/Hp20_258210229.JPG,[3],dropped,-66.28786268,43.22510684
German_Bank_2010,Hp20,Hp20_258210245,https://www.frdr-dfdr.ca/repo/files/9/published/publication_961/submitted_data/01_Data/images/German_Bank_2010/Hp20/Hp20_258210245.JPG,[3],train,-66.28773809,43.22526085
German_Bank_2010,Hp20,Hp20_258210301,https://www.frdr-dfdr.ca/repo/files/9/published/publication_961/submitted_data/01_Data/images/German_Bank_2010/Hp20/Hp20_258210301.JPG,[3],train,-66.28761816,43.22540619
German_Bank_2010,Hp20,Hp20_258210317,https://www.frdr-dfdr.ca/repo/files/9/published/publication_961/submitted_data/01_Data/images/German_Bank_2010/Hp20/Hp20_258210317.JPG,[3],train,-66.28749657,43.2255497
German_Bank_2010,Hp20,Hp20_258210333,https://www.frdr-dfdr.ca/repo/files/9/published/publication_961/submitted_data/01_Data/images/German_Bank_2010/Hp20/Hp20_258210333.JPG,[3],train,-66.28737043,43.22569419
German_Bank_2010,Hp20,Hp20_258210349,https://www.frdr-dfdr.ca/repo/files/9/published/publication_961/submitted_data/01_Data/images/German_Bank_2010/Hp20/Hp20_258210349.JPG,[3],train,-66.28724258,43.22584008
German_Bank_2010,Hp20,Hp20_258210404,https://www.frdr-dfdr.ca/repo/files/9/published/publication_961/submitted_data/01_Data/images/German_Bank_2010/Hp20/Hp20_258210404.JPG,[3],train,-66.28712593,43.22597469
German_Bank_2010,Hp20,Hp20_258210420,https://www.frdr-dfdr.ca/repo/files/9/published/publication_961/submitted_data/01_Data/images/German_Bank_2010/Hp20/Hp20_258210420.JPG,[3],train,-66.28700011,43.22612255
German_Bank_2010,Hp20,Hp20_258210436,https://www.frdr-dfdr.ca/repo/files/9/published/publication_961/submitted_data/01_Data/images/German_Bank_2010/Hp20/Hp20_258210436.JPG,[3],train,-66.28687736,43.22626725
German_Bank_2010,Hp20,Hp20_258210452,https://www.frdr-dfdr.ca/repo/files/9/published/publication_961/submitted_data/01_Data/images/German_Bank_2010/Hp20/Hp20_258210452.JPG,[3],train,-66.28675291,43.2264135
German_Bank_2010,Hp20,Hp20_258210507,https://www.frdr-dfdr.ca/repo/files/9/published/publication_961/submitted_data/01_Data/images/German_Bank_2010/Hp20/Hp20_258210507.JPG,[3],train,-66.28663364,43.22655239
German_Bank_2010,Hp20,Hp20_258210523,https://www.frdr-dfdr.ca/repo/files/9/published/publication_961/submitted_data/01_Data/images/German_Bank_2010/Hp20/Hp20_258210523.JPG,[3],train,-66.28650258,43.22670409
German_Bank_2010,Hp20,Hp20_258210540,https://www.frdr-dfdr.ca/repo/files/9/published/publication_961/submitted_data/01_Data/images/German_Bank_2010/Hp20/Hp20_258210540.JPG,[3],train,-66.28636013,43.22686802
German_Bank_2010,Hp20,Hp20_258210555,https://www.frdr-dfdr.ca/repo/files/9/published/publication_961/submitted_data/01_Data/images/German_Bank_2010/Hp20/Hp20_258210555.JPG,[3],train,-66.28624361,43.22700179
German_Bank_2010,Hp20,Hp20_258210611,https://www.frdr-dfdr.ca/repo/files/9/published/publication_961/submitted_data/01_Data/images/German_Bank_2010/Hp20/Hp20_258210611.JPG,[3],train,-66.28610737,43.22715746
German_Bank_2010,Hp20,Hp20_258210627,https://www.frdr-dfdr.ca/repo/files/9/published/publication_961/submitted_data/01_Data/images/German_Bank_2010/Hp20/Hp20_258210627.JPG,[3],train,-66.28596918,43.22731153
German_Bank_2010,Hp20,Hp20_258210643,https://www.frdr-dfdr.ca/repo/files/9/published/publication_961/submitted_data/01_Data/images/German_Bank_2010/Hp20/Hp20_258210643.JPG,[3],train,-66.28583915,43.22745673
German_Bank_2010,Hp20,Hp20_258210659,https://www.frdr-dfdr.ca/repo/files/9/published/publication_961/submitted_data/01_Data/images/German_Bank_2010/Hp20/Hp20_258210659.JPG,[3],train,-66.28570617,43.22760565
German_Bank_2010,Hp20,Hp20_258210715,https://www.frdr-dfdr.ca/repo/files/9/published/publication_961/submitted_data/01_Data/images/German_Bank_2010/Hp20/Hp20_258210715.JPG,[3],train,-66.28556639,43.22776418
German_Bank_2010,Hp20,Hp20_258210731,https://www.frdr-dfdr.ca/repo/files/9/published/publication_961/submitted_data/01_Data/images/German_Bank_2010/Hp20/Hp20_258210731.JPG,[3],train,-66.28543186,43.22791858
German_Bank_2010,Hp20,Hp20_258210746,https://www.frdr-dfdr.ca/repo/files/9/published/publication_961/submitted_data/01_Data/images/German_Bank_2010/Hp20/Hp20_258210746.JPG,[3],train,-66.28531285,43.22805733
German_Bank_2010,Hp20,Hp20_258210803,https://www.frdr-dfdr.ca/repo/files/9/published/publication_961/submitted_data/01_Data/images/German_Bank_2010/Hp20/Hp20_258210803.JPG,[3],train,-66.28516899,43.22822618
German_Bank_2010,Hp20,Hp20_258210819,https://www.frdr-dfdr.ca/repo/files/9/published/publication_961/submitted_data/01_Data/images/German_Bank_2010/Hp20/Hp20_258210819.JPG,[3],train,-66.28503765,43.22837927
German_Bank_2010,Hp21,Hp21_256215852,https://www.frdr-dfdr.ca/repo/files/9/published/publication_961/submitted_data/01_Data/images/German_Bank_2010/Hp21/Hp21_256215852.JPG,[3],train,-66.45875432,43.23602822
German_Bank_2010,Hp21,Hp21_256215904,https://www.frdr-dfdr.ca/repo/files/9/published/publication_961/submitted_data/01_Data/images/German_Bank_2010/Hp21/Hp21_256215904.JPG,[3],train,-66.45861758,43.23610481
German_Bank_2010,Hp21,Hp21_256215915,https://www.frdr-dfdr.ca/repo/files/9/published/publication_961/submitted_data/01_Data/images/German_Bank_2010/Hp21/Hp21_256215915.JPG,[3],train,-66.45847891,43.23617859
German_Bank_2010,Hp21,Hp21_256215920,https://www.frdr-dfdr.ca/repo/files/9/published/publication_961/submitted_data/01_Data/images/German_Bank_2010/Hp21/Hp21_256215920.JPG,[3],train,-66.45841601,43.23621079
German_Bank_2010,Hp21,Hp21_256215936,https://www.frdr-dfdr.ca/repo/files/9/published/publication_961/submitted_data/01_Data/images/German_Bank_2010/Hp21/Hp21_256215936.JPG,[3],train,-66.45824708,43.23629308
German_Bank_2010,Hp21,Hp21_256215953,https://www.frdr-dfdr.ca/repo/files/9/published/publication_961/submitted_data/01_Data/images/German_Bank_2010/Hp21/Hp21_256215953.JPG,[2],train,-66.45804286,43.2363849
German_Bank_2010,Hp21,Hp21_256220008,https://www.frdr-dfdr.ca/repo/files/9/published/publication_961/submitted_data/01_Data/images/German_Bank_2010/Hp21/Hp21_256220008.JPG,[2],train,-66.45786818,43.23645832
German_Bank_2010,Hp21,Hp21_256220023,https://www.frdr-dfdr.ca/repo/files/9/published/publication_961/submitted_data/01_Data/images/German_Bank_2010/Hp21/Hp21_256220023.JPG,[2],train,-66.45769293,43.23652972
German_Bank_2010,Hp21,Hp21_256220038,https://www.frdr-dfdr.ca/repo/files/9/published/publication_961/submitted_data/01_Data/images/German_Bank_2010/Hp21/Hp21_256220038.JPG,[2],train,-66.45750959,43.23660215
German_Bank_2010,Hp21,Hp21_256220054,https://www.frdr-dfdr.ca/repo/files/9/published/publication_961/submitted_data/01_Data/images/German_Bank_2010/Hp21/Hp21_256220054.JPG,[2],train,-66.4573382,43.23666852
German_Bank_2010,Hp21,Hp21_256220109,https://www.frdr-dfdr.ca/repo/files/9/published/publication_961/submitted_data/01_Data/images/German_Bank_2010/Hp21/Hp21_256220109.JPG,[2],train,-66.4571851,43.23672692
German_Bank_2010,Hp21,Hp21_256220125,https://www.frdr-dfdr.ca/repo/files/9/published/publication_961/submitted_data/01_Data/images/German_Bank_2010/Hp21/Hp21_256220125.JPG,[2],train,-66.45703883,43.23678202
German_Bank_2010,Hp21,Hp21_256220141,https://www.frdr-dfdr.ca/repo/files/9/published/publication_961/submitted_data/01_Data/images/German_Bank_2010/Hp21/Hp21_256220141.JPG,[2],train,-66.45686014,43.23684882
German_Bank_2010,Hp21,Hp21_256220157,https://www.frdr-dfdr.ca/repo/files/9/published/publication_961/submitted_data/01_Data/images/German_Bank_2010/Hp21/Hp21_256220157.JPG,[2],train,-66.45666574,43.23692124
German_Bank_2010,Hp21,Hp21_256220213,https://www.frdr-dfdr.ca/repo/files/9/published/publication_961/submitted_data/01_Data/images/German_Bank_2010/Hp21/Hp21_256220213.JPG,[2],train,-66.45648241,43.23698917
German_Bank_2010,Hp21,Hp21_256220229,https://www.frdr-dfdr.ca/repo/files/9/published/publication_961/submitted_data/01_Data/images/German_Bank_2010/Hp21/Hp21_256220229.JPG,[2],train,-66.45630435,43.23705451
German_Bank_2010,Hp21,Hp21_256220245,https://www.frdr-dfdr.ca/repo/files/9/published/publication_961/submitted_data/01_Data/images/German_Bank_2010/Hp21/Hp21_256220245.JPG,[2],train,-66.45610441,43.23712714
German_Bank_2010,Hp21,Hp21_256220301,https://www.frdr-dfdr.ca/repo/files/9/published/publication_961/submitted_data/01_Data/images/German_Bank_2010/Hp21/Hp21_256220301.JPG,[2],train,-66.45591953,43.23719479
German_Bank_2010,Hp21,Hp21_256220316,https://www.frdr-dfdr.ca/repo/files/9/published/publication_961/submitted_data/01_Data/images/German_Bank_2010/Hp21/Hp21_256220316.JPG,[3],train,-66.45575666,43.23725495
German_Bank_2010,Hp21,Hp21_256220332,https://www.frdr-dfdr.ca/repo/files/9/published/publication_961/submitted_data/01_Data/images/German_Bank_2010/Hp21/Hp21_256220332.JPG,[2],train,-66.4555642,43.23732534
German_Bank_2010,Hp21,Hp21_256220348,https://www.frdr-dfdr.ca/repo/files/9/published/publication_961/submitted_data/01_Data/images/German_Bank_2010/Hp21/Hp21_256220348.JPG,[2],train,-66.45535924,43.23739959
German_Bank_2010,Hp21,Hp21_256220404,https://www.frdr-dfdr.ca/repo/files/9/published/publication_961/submitted_data/01_Data/images/German_Bank_2010/Hp21/Hp21_256220404.JPG,[3],train,-66.45518019,43.23746366
German_Bank_2010,Hp21,Hp21_256220421,https://www.frdr-dfdr.ca/repo/files/9/published/publication_961/submitted_data/01_Data/images/German_Bank_2010/Hp21/Hp21_256220421.JPG,[3],train,-66.45497425,43.23753762
German_Bank_2010,Hp21,Hp21_256220436,https://www.frdr-dfdr.ca/repo/files/9/published/publication_961/submitted_data/01_Data/images/German_Bank_2010/Hp21/Hp21_256220436.JPG,[3],train,-66.45479202,43.23760383
German_Bank_2010,Hp21,Hp21_256220452,https://www.frdr-dfdr.ca/repo/files/9/published/publication_961/submitted_data/01_Data/images/German_Bank_2010/Hp21/Hp21_256220452.JPG,[3],train,-66.4546028,43.23767311
German_Bank_2010,Hp21,Hp21_256220508,https://www.frdr-dfdr.ca/repo/files/9/published/publication_961/submitted_data/01_Data/images/German_Bank_2010/Hp21/Hp21_256220508.JPG,[3],train,-66.45438018,43.23775446
German_Bank_2010,Hp21,Hp21_256220523,https://www.frdr-dfdr.ca/repo/files/9/published/publication_961/submitted_data/01_Data/images/German_Bank_2010/Hp21/Hp21_256220523.JPG,[2],train,-66.45421382,43.23781493
German_Bank_2010,Hp21,Hp21_256220539,https://www.frdr-dfdr.ca/repo/files/9/published/publication_961/submitted_data/01_Data/images/German_Bank_2010/Hp21/Hp21_256220539.JPG,[3],train,-66.45401828,43.23788524
German_Bank_2010,Hp21,Hp21_256220555,https://www.frdr-dfdr.ca/repo/files/9/published/publication_961/submitted_data/01_Data/images/German_Bank_2010/Hp21/Hp21_256220555.JPG,[2],train,-66.45384604,43.23794755
German_Bank_2010,Hp21,Hp21_256220611,https://www.frdr-dfdr.ca/repo/files/9/published/publication_961/submitted_data/01_Data/images/German_Bank_2010/Hp21/Hp21_256220611.JPG,[2],train,-66.45365969,43.23801525
German_Bank_2010,Hp21,Hp21_256220627,https://www.frdr-dfdr.ca/repo/files/9/published/publication_961/submitted_data/01_Data/images/German_Bank_2010/Hp21/Hp21_256220627.JPG,[2],train,-66.45350962,43.23807048
German_Bank_2010,Hp21,Hp21_256220643,https://www.frdr-dfdr.ca/repo/files/9/published/publication_961/submitted_data/01_Data/images/German_Bank_2010/Hp21/Hp21_256220643.JPG,[2],train,-66.45334029,43.23813437
German_Bank_2010,Hp21,Hp21_256220658,https://www.frdr-dfdr.ca/repo/files/9/published/publication_961/submitted_data/01_Data/images/German_Bank_2010/Hp21/Hp21_256220658.JPG,[3],train,-66.45316699,43.23820012
German_Bank_2010,Hp21,Hp21_256220714,https://www.frdr-dfdr.ca/repo/files/9/published/publication_961/submitted_data/01_Data/images/German_Bank_2010/Hp21/Hp21_256220714.JPG,[3],train,-66.45299837,43.23826362
German_Bank_2010,Hp21,Hp21_256220730,https://www.frdr-dfdr.ca/repo/files/9/published/publication_961/submitted_data/01_Data/images/German_Bank_2010/Hp21/Hp21_256220730.JPG,[2],train,-66.45278167,43.23834435
German_Bank_2010,Hp21,Hp21_256220746,https://www.frdr-dfdr.ca/repo/files/9/published/publication_961/submitted_data/01_Data/images/German_Bank_2010/Hp21/Hp21_256220746.JPG,[2],train,-66.45261195,43.23840736
German_Bank_2010,Hp21,Hp21_256220802,https://www.frdr-dfdr.ca/repo/files/9/published/publication_961/submitted_data/01_Data/images/German_Bank_2010/Hp21/Hp21_256220802.JPG,[2],train,-66.45242166,43.23847782
German_Bank_2010,Hp21,Hp21_256220817,https://www.frdr-dfdr.ca/repo/files/9/published/publication_961/submitted_data/01_Data/images/German_Bank_2010/Hp21/Hp21_256220817.JPG,[2],train,-66.45227859,43.23853078
German_Bank_2010,Hp21,Hp21_256220833,https://www.frdr-dfdr.ca/repo/files/9/published/publication_961/submitted_data/01_Data/images/German_Bank_2010/Hp21/Hp21_256220833.JPG,[2],train,-66.45209065,43.2385999
German_Bank_2010,Hp21,Hp21_256220849,https://www.frdr-dfdr.ca/repo/files/9/published/publication_961/submitted_data/01_Data/images/German_Bank_2010/Hp21/Hp21_256220849.JPG,[2],train,-66.45191316,43.23866406
German_Bank_2010,Hp21,Hp21_256220905,https://www.frdr-dfdr.ca/repo/files/9/published/publication_961/submitted_data/01_Data/images/German_Bank_2010/Hp21/Hp21_256220905.JPG,[2],train,-66.45173472,43.23872752
German_Bank_2010,Hp21,Hp21_256220921,https://www.frdr-dfdr.ca/repo/files/9/published/publication_961/submitted_data/01_Data/images/German_Bank_2010/Hp21/Hp21_256220921.JPG,[3],train,-66.45156911,43.23878572
German_Bank_2010,Hp21,Hp21_256220937,https://www.frdr-dfdr.ca/repo/files/9/published/publication_961/submitted_data/01_Data/images/German_Bank_2010/Hp21/Hp21_256220937.JPG,[3],train,-66.45139602,43.23884607
German_Bank_2010,Hp21,Hp21_256220953,https://www.frdr-dfdr.ca/repo/files/9/published/publication_961/submitted_data/01_Data/images/German_Bank_2010/Hp21/Hp21_256220953.JPG,[3],train,-66.45121967,43.2389061
German_Bank_2010,Hp21,Hp21_256221009,https://www.frdr-dfdr.ca/repo/files/9/published/publication_961/submitted_data/01_Data/images/German_Bank_2010/Hp21/Hp21_256221009.JPG,[3],train,-66.45104106,43.23896531
German_Bank_2010,Hp21,Hp21_256221024,https://www.frdr-dfdr.ca/repo/files/9/published/publication_961/submitted_data/01_Data/images/German_Bank_2010/Hp21/Hp21_256221024.JPG,[3],train,-66.45086705,43.2390213
German_Bank_2010,Hp21,Hp21_256221040,https://www.frdr-dfdr.ca/repo/files/9/published/publication_961/submitted_data/01_Data/images/German_Bank_2010/Hp21/Hp21_256221040.JPG,[3],train,-66.45069488,43.2390757
German_Bank_2010,Hp21,Hp21_256221056,https://www.frdr-dfdr.ca/repo/files/9/published/publication_961/submitted_data/01_Data/images/German_Bank_2010/Hp21/Hp21_256221056.JPG,[3],train,-66.45051402,43.2391325
German_Bank_2010,Hp21,Hp21_256221112,https://www.frdr-dfdr.ca/repo/files/9/published/publication_961/submitted_data/01_Data/images/German_Bank_2010/Hp21/Hp21_256221112.JPG,[3],train,-66.45032706,43.23919095
German_Bank_2010,Hp21,Hp21_256221128,https://www.frdr-dfdr.ca/repo/files/9/published/publication_961/submitted_data/01_Data/images/German_Bank_2010/Hp21/Hp21_256221128.JPG,[3],train,-66.45014647,43.2392466
German_Bank_2010,Hp21,Hp21_256221144,https://www.frdr-dfdr.ca/repo/files/9/published/publication_961/submitted_data/01_Data/images/German_Bank_2010/Hp21/Hp21_256221144.JPG,[3],train,-66.4499652,43.23930138
German_Bank_2010,Hp21,Hp21_256221200,https://www.frdr-dfdr.ca/repo/files/9/published/publication_961/submitted_data/01_Data/images/German_Bank_2010/Hp21/Hp21_256221200.JPG,[3],train,-66.44978392,43.23935546
German_Bank_2010,Hp21,Hp21_256221215,https://www.frdr-dfdr.ca/repo/files/9/published/publication_961/submitted_data/01_Data/images/German_Bank_2010/Hp21/Hp21_256221215.JPG,[3],train,-66.44961584,43.23940572
German_Bank_2010,Hp21,Hp21_256221231,https://www.frdr-dfdr.ca/repo/files/9/published/publication_961/submitted_data/01_Data/images/German_Bank_2010/Hp21/Hp21_256221231.JPG,[3],train,-66.44944835,43.23945609
German_Bank_2010,Hp21,Hp21_256221247,https://www.frdr-dfdr.ca/repo/files/9/published/publication_961/submitted_data/01_Data/images/German_Bank_2010/Hp21/Hp21_256221247.JPG,[3],train,-66.44926636,43.23951058
German_Bank_2010,Hp21,Hp21_256221303,https://www.frdr-dfdr.ca/repo/files/9/published/publication_961/submitted_data/01_Data/images/German_Bank_2010/Hp21/Hp21_256221303.JPG,[3],train,-66.4490774,43.23956621
German_Bank_2010,Hp21,Hp21_256221319,https://www.frdr-dfdr.ca/repo/files/9/published/publication_961/submitted_data/01_Data/images/German_Bank_2010/Hp21/Hp21_256221319.JPG,[3],train,-66.44889986,43.23961785
German_Bank_2010,Hp21,Hp21_256221335,https://www.frdr-dfdr.ca/repo/files/9/published/publication_961/submitted_data/01_Data/images/German_Bank_2010/Hp21/Hp21_256221335.JPG,[3],train,-66.44870714,43.23967373
German_Bank_2010,Hp22,Hp22_257094254,https://www.frdr-dfdr.ca/repo/files/9/published/publication_961/submitted_data/01_Data/images/German_Bank_2010/Hp22/Hp22_257094254.JPG,[3],train,-66.48982909,43.2652531
German_Bank_2010,Hp22,Hp22_257094307,https://www.frdr-dfdr.ca/repo/files/9/published/publication_961/submitted_data/01_Data/images/German_Bank_2010/Hp22/Hp22_257094307.jpg,[3],train,-66.48994364,43.26531358
German_Bank_2010,Hp22,Hp22_257094323,https://www.frdr-dfdr.ca/repo/files/9/published/publication_961/submitted_data/01_Data/images/German_Bank_2010/Hp22/Hp22_257094323.jpg,[3],train,-66.49009095,43.26539008
German_Bank_2010,Hp22,Hp22_257094339,https://www.frdr-dfdr.ca/repo/files/9/published/publication_961/submitted_data/01_Data/images/German_Bank_2010/Hp22/Hp22_257094339.jpg,[3],train,-66.49022042,43.26545685
German_Bank_2010,Hp22,Hp22_257094355,https://www.frdr-dfdr.ca/repo/files/9/published/publication_961/submitted_data/01_Data/images/German_Bank_2010/Hp22/Hp22_257094355.jpg,[3],train,-66.49034,43.26551798
German_Bank_2010,Hp22,Hp22_257094411,https://www.frdr-dfdr.ca/repo/files/9/published/publication_961/submitted_data/01_Data/images/German_Bank_2010/Hp22/Hp22_257094411.jpg,[3],train,-66.49045039,43.2655738
German_Bank_2010,Hp22,Hp22_257094426,https://www.frdr-dfdr.ca/repo/files/9/published/publication_961/submitted_data/01_Data/images/German_Bank_2010/Hp22/Hp22_257094426.jpg,[3],train,-66.49055513,43.26562632
German_Bank_2010,Hp22,Hp22_257094442,https://www.frdr-dfdr.ca/repo/files/9/published/publication_961/submitted_data/01_Data/images/German_Bank_2010/Hp22/Hp22_257094442.jpg,[3],train,-66.49066841,43.26568244
German_Bank_2010,Hp22,Hp22_257094458,https://www.frdr-dfdr.ca/repo/files/9/published/publication_961/submitted_data/01_Data/images/German_Bank_2010/Hp22/Hp22_257094458.jpg,[3],train,-66.49081641,43.26575465
German_Bank_2010,Hp22,Hp22_257094514,https://www.frdr-dfdr.ca/repo/files/9/published/publication_961/submitted_data/01_Data/images/German_Bank_2010/Hp22/Hp22_257094514.jpg,[3],train,-66.49096829,43.26582767
German_Bank_2010,Hp22,Hp22_257094530,https://www.frdr-dfdr.ca/repo/files/9/published/publication_961/submitted_data/01_Data/images/German_Bank_2010/Hp22/Hp22_257094530.jpg,[3],train,-66.4911288,43.26590457
German_Bank_2010,Hp22,Hp22_257094546,https://www.frdr-dfdr.ca/repo/files/9/published/publication_961/submitted_data/01_Data/images/German_Bank_2010/Hp22/Hp22_257094546.jpg,[3],train,-66.49129722,43.26598579
German_Bank_2010,Hp22,Hp22_257094602,https://www.frdr-dfdr.ca/repo/files/9/published/publication_961/submitted_data/01_Data/images/German_Bank_2010/Hp22/Hp22_257094602.jpg,[3],train,-66.49147351,43.26607049
German_Bank_2010,Hp22,Hp22_257094617,https://www.frdr-dfdr.ca/repo/files/9/published/publication_961/submitted_data/01_Data/images/German_Bank_2010/Hp22/Hp22_257094617.jpg,[3],train,-66.49164628,43.26615169
German_Bank_2010,Hp22,Hp22_257094633,https://www.frdr-dfdr.ca/repo/files/9/published/publication_961/submitted_data/01_Data/images/German_Bank_2010/Hp22/Hp22_257094633.jpg,[3],train,-66.49182882,43.26623658
German_Bank_2010,Hp22,Hp22_257094649,https://www.frdr-dfdr.ca/repo/files/9/published/publication_961/submitted_data/01_Data/images/German_Bank_2010/Hp22/Hp22_257094649.jpg,[3],train,-66.49201303,43.2663226
German_Bank_2010,Hp22,Hp22_257094705,https://www.frdr-dfdr.ca/repo/files/9/published/publication_961/submitted_data/01_Data/images/German_Bank_2010/Hp22/Hp22_257094705.jpg,[3],train,-66.49218825,43.26640527
German_Bank_2010,Hp22,Hp22_257094721,https://www.frdr-dfdr.ca/repo/files/9/published/publication_961/submitted_data/01_Data/images/German_Bank_2010/Hp22/Hp22_257094721.jpg,[3],train,-66.49236655,43.26649081
German_Bank_2010,Hp22,Hp22_257094737,https://www.frdr-dfdr.ca/repo/files/9/published/publication_961/submitted_data/01_Data/images/German_Bank_2010/Hp22/Hp22_257094737.jpg,[3],train,-66.49254933,43.26657927
German_Bank_2010,Hp22,Hp22_257094753,https://www.frdr-dfdr.ca/repo/files/9/published/publication_961/submitted_data/01_Data/images/German_Bank_2010/Hp22/Hp22_257094753.jpg,[3],train,-66.4927262,43.26666419
German_Bank_2010,Hp22,Hp22_257094809,https://www.frdr-dfdr.ca/repo/files/9/published/publication_961/submitted_data/01_Data/images/German_Bank_2010/Hp22/Hp22_257094809.jpg,[3],train,-66.49291353,43.26675404
German_Bank_2010,Hp22,Hp22_257094824,https://www.frdr-dfdr.ca/repo/files/9/published/publication_961/submitted_data/01_Data/images/German_Bank_2010/Hp22/Hp22_257094824.jpg,[3],train,-66.49306893,43.26683
German_Bank_2010,Hp22,Hp22_257094841,https://www.frdr-dfdr.ca/repo/files/9/published/publication_961/submitted_data/01_Data/images/German_Bank_2010/Hp22/Hp22_257094841.jpg,[3],train,-66.49323681,43.26691228
German_Bank_2010,Hp22,Hp22_257094856,https://www.frdr-dfdr.ca/repo/files/9/published/publication_961/submitted_data/01_Data/images/German_Bank_2010/Hp22/Hp22_257094856.jpg,[3],train,-66.49340493,43.26699249
German_Bank_2010,Hp22,Hp22_257094912,https://www.frdr-dfdr.ca/repo/files/9/published/publication_961/submitted_data/01_Data/images/German_Bank_2010/Hp22/Hp22_257094912.jpg,[3],train,-66.49358515,43.26707299
German_Bank_2010,Hp22,Hp22_257094928,https://www.frdr-dfdr.ca/repo/files/9/published/publication_961/submitted_data/01_Data/images/German_Bank_2010/Hp22/Hp22_257094928.jpg,[3],train,-66.49376964,43.26715044
German_Bank_2010,Hp22,Hp22_257094944,https://www.frdr-dfdr.ca/repo/files/9/published/publication_961/submitted_data/01_Data/images/German_Bank_2010/Hp22/Hp22_257094944.jpg,[3],train,-66.49394749,43.26722264
German_Bank_2010,Hp22,Hp22_257095000,https://www.frdr-dfdr.ca/repo/files/9/published/publication_961/submitted_data/01_Data/images/German_Bank_2010/Hp22/Hp22_257095000.jpg,[3],train,-66.49413019,43.26729551
German_Bank_2010,Hp22,Hp22_257095016,https://www.frdr-dfdr.ca/repo/files/9/published/publication_961/submitted_data/01_Data/images/German_Bank_2010/Hp22/Hp22_257095016.jpg,[3],train,-66.49431429,43.26736682
German_Bank_2010,Hp22,Hp22_257095032,https://www.frdr-dfdr.ca/repo/files/9/published/publication_961/submitted_data/01_Data/images/German_Bank_2010/Hp22/Hp22_257095032.jpg,[3],train,-66.49450489,43.26743817
German_Bank_2010,Hp22,Hp22_257095048,https://www.frdr-dfdr.ca/repo/files/9/published/publication_961/submitted_data/01_Data/images/German_Bank_2010/Hp22/Hp22_257095048.jpg,[3],train,-66.49469524,43.26750847
German_Bank_2010,Hp22,Hp22_257095103,https://www.frdr-dfdr.ca/repo/files/9/published/publication_961/submitted_data/01_Data/images/German_Bank_2010/Hp22/Hp22_257095103.jpg,[3],train,-66.4948723,43.26757346
German_Bank_2010,Hp22,Hp22_257095119,https://www.frdr-dfdr.ca/repo/files/9/published/publication_961/submitted_data/01_Data/images/German_Bank_2010/Hp22/Hp22_257095119.jpg,[3],train,-66.49506192,43.26764231
German_Bank_2010,Hp22,Hp22_257095135,https://www.frdr-dfdr.ca/repo/files/9/published/publication_961/submitted_data/01_Data/images/German_Bank_2010/Hp22/Hp22_257095135.jpg,[3],train,-66.49525469,43.26771066
German_Bank_2010,Hp22,Hp22_257095151,https://www.frdr-dfdr.ca/repo/files/9/published/publication_961/submitted_data/01_Data/images/German_Bank_2010/Hp22/Hp22_257095151.jpg,[3],dropped,-66.49544206,43.26777525
German_Bank_2010,Hp22,Hp22_257095207,https://www.frdr-dfdr.ca/repo/files/9/published/publication_961/submitted_data/01_Data/images/German_Bank_2010/Hp22/Hp22_257095207.jpg,[3],dropped,-66.49563482,43.26784046
German_Bank_2010,Hp22,Hp22_257095222,https://www.frdr-dfdr.ca/repo/files/9/published/publication_961/submitted_data/01_Data/images/German_Bank_2010/Hp22/Hp22_257095222.jpg,[3],test,-66.49581829,43.26790251
German_Bank_2010,Hp22,Hp22_257095238,https://www.frdr-dfdr.ca/repo/files/9/published/publication_961/submitted_data/01_Data/images/German_Bank_2010/Hp22/Hp22_257095238.jpg,[3],test,-66.4960113,43.26796784
German_Bank_2010,Hp22,Hp22_257095254,https://www.frdr-dfdr.ca/repo/files/9/published/publication_961/submitted_data/01_Data/images/German_Bank_2010/Hp22/Hp22_257095254.jpg,[2],test,-66.49620583,43.26803269
German_Bank_2010,Hp22,Hp22_257095310,https://www.frdr-dfdr.ca/repo/files/9/published/publication_961/submitted_data/01_Data/images/German_Bank_2010/Hp22/Hp22_257095310.jpg,[2],test,-66.49640515,43.26809787
German_Bank_2010,Hp22,Hp22_257095326,https://www.frdr-dfdr.ca/repo/files/9/published/publication_961/submitted_data/01_Data/images/German_Bank_2010/Hp22/Hp22_257095326.jpg,[2],test,-66.49660968,43.2681644
German_Bank_2010,Hp22,Hp22_257095342,https://www.frdr-dfdr.ca/repo/files/9/published/publication_961/submitted_data/01_Data/images/German_Bank_2010/Hp22/Hp22_257095342.jpg,[2],test,-66.49678908,43.26822373
German_Bank_2010,Hp22,Hp22_257095358,https://www.frdr-dfdr.ca/repo/files/9/published/publication_961/submitted_data/01_Data/images/German_Bank_2010/Hp22/Hp22_257095358.jpg,[2],test,-66.49697946,43.26828659
German_Bank_2010,Hp22,Hp22_257095414,https://www.frdr-dfdr.ca/repo/files/9/published/publication_961/submitted_data/01_Data/images/German_Bank_2010/Hp22/Hp22_257095414.jpg,[2],test,-66.49718587,43.26835351
German_Bank_2010,Hp22,Hp22_257095430,https://www.frdr-dfdr.ca/repo/files/9/published/publication_961/submitted_data/01_Data/images/German_Bank_2010/Hp22/Hp22_257095430.jpg,[2],test,-66.4973548,43.26840765
German_Bank_2010,Hp22,Hp22_257095446,https://www.frdr-dfdr.ca/repo/files/9/published/publication_961/submitted_data/01_Data/images/German_Bank_2010/Hp22/Hp22_257095446.jpg,[2],test,-66.49754467,43.26846899
German_Bank_2010,Hp22,Hp22_257095501,https://www.frdr-dfdr.ca/repo/files/9/published/publication_961/submitted_data/01_Data/images/German_Bank_2010/Hp22/Hp22_257095501.jpg,[2],test,-66.49772525,43.26852812
German_Bank_2010,Hp22,Hp22_257095517,https://www.frdr-dfdr.ca/repo/files/9/published/publication_961/submitted_data/01_Data/images/German_Bank_2010/Hp22/Hp22_257095517.jpg,[2],test,-66.49790452,43.26858693
German_Bank_2010,Hp22,Hp22_257095533,https://www.frdr-dfdr.ca/repo/files/9/published/publication_961/submitted_data/01_Data/images/German_Bank_2010/Hp22/Hp22_257095533.jpg,[2],test,-66.49811346,43.26865422
German_Bank_2010,Hp22,Hp22_257095549,https://www.frdr-dfdr.ca/repo/files/9/published/publication_961/submitted_data/01_Data/images/German_Bank_2010/Hp22/Hp22_257095549.jpg,[2],test,-66.49827793,43.26870638
German_Bank_2010,Hp22,Hp22_257095605,https://www.frdr-dfdr.ca/repo/files/9/published/publication_961/submitted_data/01_Data/images/German_Bank_2010/Hp22/Hp22_257095605.jpg,[2],test,-66.49846023,43.26876449
German_Bank_2010,Hp22,Hp22_257095621,https://www.frdr-dfdr.ca/repo/files/9/published/publication_961/submitted_data/01_Data/images/German_Bank_2010/Hp22/Hp22_257095621.jpg,[2],test,-66.49865348,43.26882698
German_Bank_2010,Hp22,Hp22_257095636,https://www.frdr-dfdr.ca/repo/files/9/published/publication_961/submitted_data/01_Data/images/German_Bank_2010/Hp22/Hp22_257095636.jpg,[2],test,-66.49885133,43.26889063
German_Bank_2010,Hp22,Hp22_257095652,https://www.frdr-dfdr.ca/repo/files/9/published/publication_961/submitted_data/01_Data/images/German_Bank_2010/Hp22/Hp22_257095652.jpg,[2],test,-66.49902321,43.26894566
German_Bank_2010,Hp22,Hp22_257095708,https://www.frdr-dfdr.ca/repo/files/9/published/publication_961/submitted_data/01_Data/images/German_Bank_2010/Hp22/Hp22_257095708.jpg,[2],test,-66.49920352,43.26900386
German_Bank_2010,Hp22,Hp22_257095724,https://www.frdr-dfdr.ca/repo/files/9/published/publication_961/submitted_data/01_Data/images/German_Bank_2010/Hp22/Hp22_257095724.jpg,[2],test,-66.49938881,43.26906298
German_Bank_2010,Hp23,Hp23_256184223,https://www.frdr-dfdr.ca/repo/files/9/published/publication_961/submitted_data/01_Data/images/German_Bank_2010/Hp23/Hp23_256184223.JPG,[0],train,-66.70046107,43.18305943
German_Bank_2010,Hp23,Hp23_256184238,https://www.frdr-dfdr.ca/repo/files/9/published/publication_961/submitted_data/01_Data/images/German_Bank_2010/Hp23/Hp23_256184238.JPG,[0],train,-66.70055902,43.18293684
German_Bank_2010,Hp23,Hp23_256184254,https://www.frdr-dfdr.ca/repo/files/9/published/publication_961/submitted_data/01_Data/images/German_Bank_2010/Hp23/Hp23_256184254.JPG,[0],train,-66.70067421,43.18279404
German_Bank_2010,Hp23,Hp23_256184310,https://www.frdr-dfdr.ca/repo/files/9/published/publication_961/submitted_data/01_Data/images/German_Bank_2010/Hp23/Hp23_256184310.JPG,[0],train,-66.7007828,43.18266007
German_Bank_2010,Hp23,Hp23_256184326,https://www.frdr-dfdr.ca/repo/files/9/published/publication_961/submitted_data/01_Data/images/German_Bank_2010/Hp23/Hp23_256184326.JPG,[0],train,-66.7008886,43.18252892
German_Bank_2010,Hp23,Hp23_256184342,https://www.frdr-dfdr.ca/repo/files/9/published/publication_961/submitted_data/01_Data/images/German_Bank_2010/Hp23/Hp23_256184342.JPG,[0],train,-66.70099472,43.18239622
German_Bank_2010,Hp23,Hp23_256184358,https://www.frdr-dfdr.ca/repo/files/9/published/publication_961/submitted_data/01_Data/images/German_Bank_2010/Hp23/Hp23_256184358.JPG,[0],train,-66.70110494,43.18226183
German_Bank_2010,Hp23,Hp23_256184414,https://www.frdr-dfdr.ca/repo/files/9/published/publication_961/submitted_data/01_Data/images/German_Bank_2010/Hp23/Hp23_256184414.JPG,[0],train,-66.70121424,43.18213179
German_Bank_2010,Hp23,Hp23_256184429,https://www.frdr-dfdr.ca/repo/files/9/published/publication_961/submitted_data/01_Data/images/German_Bank_2010/Hp23/Hp23_256184429.JPG,[0],train,-66.70131964,43.18200824
German_Bank_2010,Hp23,Hp23_256184445,https://www.frdr-dfdr.ca/repo/files/9/published/publication_961/submitted_data/01_Data/images/German_Bank_2010/Hp23/Hp23_256184445.JPG,[0],train,-66.70142653,43.18188115
German_Bank_2010,Hp23,Hp23_256184501,https://www.frdr-dfdr.ca/repo/files/9/published/publication_961/submitted_data/01_Data/images/German_Bank_2010/Hp23/Hp23_256184501.JPG,[0],train,-66.7015432,43.18173994
German_Bank_2010,Hp23,Hp23_256184517,https://www.frdr-dfdr.ca/repo/files/9/published/publication_961/submitted_data/01_Data/images/German_Bank_2010/Hp23/Hp23_256184517.JPG,[0],train,-66.70165146,43.1816064
German_Bank_2010,Hp23,Hp23_256184533,https://www.frdr-dfdr.ca/repo/files/9/published/publication_961/submitted_data/01_Data/images/German_Bank_2010/Hp23/Hp23_256184533.JPG,[0],train,-66.70177174,43.18145693
German_Bank_2010,Hp23,Hp23_256184549,https://www.frdr-dfdr.ca/repo/files/9/published/publication_961/submitted_data/01_Data/images/German_Bank_2010/Hp23/Hp23_256184549.JPG,[0],train,-66.70188598,43.18131291
German_Bank_2010,Hp23,Hp23_256184605,https://www.frdr-dfdr.ca/repo/files/9/published/publication_961/submitted_data/01_Data/images/German_Bank_2010/Hp23/Hp23_256184605.JPG,[0],train,-66.70199153,43.18117708
German_Bank_2010,Hp23,Hp23_256184621,https://www.frdr-dfdr.ca/repo/files/9/published/publication_961/submitted_data/01_Data/images/German_Bank_2010/Hp23/Hp23_256184621.JPG,[0],train,-66.70210541,43.18102962
German_Bank_2010,Hp23,Hp23_256184636,https://www.frdr-dfdr.ca/repo/files/9/published/publication_961/submitted_data/01_Data/images/German_Bank_2010/Hp23/Hp23_256184636.JPG,[0],train,-66.7022108,43.18089287
German_Bank_2010,Hp23,Hp23_256184652,https://www.frdr-dfdr.ca/repo/files/9/published/publication_961/submitted_data/01_Data/images/German_Bank_2010/Hp23/Hp23_256184652.JPG,[0],dropped,-66.70232597,43.18074119
German_Bank_2010,Hp23,Hp23_256184708,https://www.frdr-dfdr.ca/repo/files/9/published/publication_961/submitted_data/01_Data/images/German_Bank_2010/Hp23/Hp23_256184708.JPG,[0],dropped,-66.70244162,43.1805888
German_Bank_2010,Hp23,Hp23_256184724,https://www.frdr-dfdr.ca/repo/files/9/published/publication_961/submitted_data/01_Data/images/German_Bank_2010/Hp23/Hp23_256184724.JPG,[0],test,-66.70255759,43.18043458
German_Bank_2010,Hp23,Hp23_256184740,https://www.frdr-dfdr.ca/repo/files/9/published/publication_961/submitted_data/01_Data/images/German_Bank_2010/Hp23/Hp23_256184740.JPG,[0],test,-66.70266905,43.1802858
German_Bank_2010,Hp23,Hp23_256184756,https://www.frdr-dfdr.ca/repo/files/9/published/publication_961/submitted_data/01_Data/images/German_Bank_2010/Hp23/Hp23_256184756.JPG,[0],dropped,-66.7027766,43.18014288
German_Bank_2010,Hp23,Hp23_256184812,https://www.frdr-dfdr.ca/repo/files/9/published/publication_961/submitted_data/01_Data/images/German_Bank_2010/Hp23/Hp23_256184812.JPG,[0],dropped,-66.70288936,43.17999393
German_Bank_2010,Hp23,Hp23_256184828,https://www.frdr-dfdr.ca/repo/files/9/published/publication_961/submitted_data/01_Data/images/German_Bank_2010/Hp23/Hp23_256184828.JPG,[0],train,-66.70299586,43.17984984
German_Bank_2010,Hp23,Hp23_256184843,https://www.frdr-dfdr.ca/repo/files/9/published/publication_961/submitted_data/01_Data/images/German_Bank_2010/Hp23/Hp23_256184843.JPG,[0],train,-66.70309892,43.17971217
German_Bank_2010,Hp23,Hp23_256184859,https://www.frdr-dfdr.ca/repo/files/9/published/publication_961/submitted_data/01_Data/images/German_Bank_2010/Hp23/Hp23_256184859.JPG,[0],train,-66.70320607,43.17956708
German_Bank_2010,Hp23,Hp23_256184915,https://www.frdr-dfdr.ca/repo/files/9/published/publication_961/submitted_data/01_Data/images/German_Bank_2010/Hp23/Hp23_256184915.JPG,[0],train,-66.70331114,43.17942136
German_Bank_2010,Hp23,Hp23_256184931,https://www.frdr-dfdr.ca/repo/files/9/published/publication_961/submitted_data/01_Data/images/German_Bank_2010/Hp23/Hp23_256184931.JPG,[0],train,-66.70341701,43.17927277
German_Bank_2010,Hp23,Hp23_256184947,https://www.frdr-dfdr.ca/repo/files/9/published/publication_961/submitted_data/01_Data/images/German_Bank_2010/Hp23/Hp23_256184947.JPG,[0],train,-66.70352015,43.17912772
German_Bank_2010,Hp23,Hp23_256185003,https://www.frdr-dfdr.ca/repo/files/9/published/publication_961/submitted_data/01_Data/images/German_Bank_2010/Hp23/Hp23_256185003.JPG,[0],train,-66.7036195,43.17898486
German_Bank_2010,Hp23,Hp23_256185019,https://www.frdr-dfdr.ca/repo/files/9/published/publication_961/submitted_data/01_Data/images/German_Bank_2010/Hp23/Hp23_256185019.JPG,[0],train,-66.7037215,43.17883451
German_Bank_2010,Hp23,Hp23_256185035,https://www.frdr-dfdr.ca/repo/files/9/published/publication_961/submitted_data/01_Data/images/German_Bank_2010/Hp23/Hp23_256185035.JPG,[0],train,-66.7038257,43.17868088
German_Bank_2010,Hp23,Hp23_256185051,https://www.frdr-dfdr.ca/repo/files/9/published/publication_961/submitted_data/01_Data/images/German_Bank_2010/Hp23/Hp23_256185051.JPG,[0],train,-66.70393284,43.17852289
German_Bank_2010,Hp23,Hp23_256185106,https://www.frdr-dfdr.ca/repo/files/9/published/publication_961/submitted_data/01_Data/images/German_Bank_2010/Hp23/Hp23_256185106.JPG,[0],train,-66.70403252,43.17837342
German_Bank_2010,Hp23,Hp23_256185122,https://www.frdr-dfdr.ca/repo/files/9/published/publication_961/submitted_data/01_Data/images/German_Bank_2010/Hp23/Hp23_256185122.JPG,[0],train,-66.70413597,43.17821633
German_Bank_2010,Hp23,Hp23_256185138,https://www.frdr-dfdr.ca/repo/files/9/published/publication_961/submitted_data/01_Data/images/German_Bank_2010/Hp23/Hp23_256185138.JPG,[0],train,-66.70423858,43.17805731
German_Bank_2010,Hp23,Hp23_256185154,https://www.frdr-dfdr.ca/repo/files/9/published/publication_961/submitted_data/01_Data/images/German_Bank_2010/Hp23/Hp23_256185154.JPG,[0],train,-66.70434221,43.17789454
German_Bank_2010,Hp23,Hp23_256185210,https://www.frdr-dfdr.ca/repo/files/9/published/publication_961/submitted_data/01_Data/images/German_Bank_2010/Hp23/Hp23_256185210.JPG,[0],train,-66.70444187,43.17773297
German_Bank_2010,Hp23,Hp23_256185226,https://www.frdr-dfdr.ca/repo/files/9/published/publication_961/submitted_data/01_Data/images/German_Bank_2010/Hp23/Hp23_256185226.JPG,[0],train,-66.7045366,43.17757469
German_Bank_2010,Hp23,Hp23_256185242,https://www.frdr-dfdr.ca/repo/files/9/published/publication_961/submitted_data/01_Data/images/German_Bank_2010/Hp23/Hp23_256185242.JPG,[0],train,-66.70463554,43.17740682
German_Bank_2010,Hp23,Hp23_256185258,https://www.frdr-dfdr.ca/repo/files/9/published/publication_961/submitted_data/01_Data/images/German_Bank_2010/Hp23/Hp23_256185258.JPG,[0],train,-66.70473343,43.17723713
German_Bank_2010,Hp23,Hp23_256185313,https://www.frdr-dfdr.ca/repo/files/9/published/publication_961/submitted_data/01_Data/images/German_Bank_2010/Hp23/Hp23_256185313.JPG,[0],train,-66.70482283,43.17708315
German_Bank_2010,Hp23,Hp23_256185329,https://www.frdr-dfdr.ca/repo/files/9/published/publication_961/submitted_data/01_Data/images/German_Bank_2010/Hp23/Hp23_256185329.JPG,[0],train,-66.70491939,43.17691761
German_Bank_2010,Hp23,Hp23_256185345,https://www.frdr-dfdr.ca/repo/files/9/published/publication_961/submitted_data/01_Data/images/German_Bank_2010/Hp23/Hp23_256185345.JPG,[0],train,-66.70501595,43.17674777
German_Bank_2010,Hp23,Hp23_256185401,https://www.frdr-dfdr.ca/repo/files/9/published/publication_961/submitted_data/01_Data/images/German_Bank_2010/Hp23/Hp23_256185401.JPG,[0],train,-66.70510387,43.17659131
German_Bank_2010,Hp23,Hp23_256185417,https://www.frdr-dfdr.ca/repo/files/9/published/publication_961/submitted_data/01_Data/images/German_Bank_2010/Hp23/Hp23_256185417.JPG,[0],train,-66.70520277,43.1764174
German_Bank_2010,Hp23,Hp23_256185433,https://www.frdr-dfdr.ca/repo/files/9/published/publication_961/submitted_data/01_Data/images/German_Bank_2010/Hp23/Hp23_256185433.JPG,[0],train,-66.70529704,43.17625025
German_Bank_2010,Hp23,Hp23_256185448,https://www.frdr-dfdr.ca/repo/files/9/published/publication_961/submitted_data/01_Data/images/German_Bank_2010/Hp23/Hp23_256185448.JPG,[0],train,-66.70538258,43.17609519
German_Bank_2010,Hp23,Hp23_256185504,https://www.frdr-dfdr.ca/repo/files/9/published/publication_961/submitted_data/01_Data/images/German_Bank_2010/Hp23/Hp23_256185504.JPG,[0],train,-66.70547097,43.17593648
German_Bank_2010,Hp23,Hp23_256185521,https://www.frdr-dfdr.ca/repo/files/9/published/publication_961/submitted_data/01_Data/images/German_Bank_2010/Hp23/Hp23_256185521.JPG,[0],train,-66.70556993,43.17575778
German_Bank_2010,Hp23,Hp23_256185536,https://www.frdr-dfdr.ca/repo/files/9/published/publication_961/submitted_data/01_Data/images/German_Bank_2010/Hp23/Hp23_256185536.JPG,[0],train,-66.70565552,43.17560034
German_Bank_2010,Hp23,Hp23_256185552,https://www.frdr-dfdr.ca/repo/files/9/published/publication_961/submitted_data/01_Data/images/German_Bank_2010/Hp23/Hp23_256185552.JPG,[0],train,-66.70574663,43.175433
German_Bank_2010,Hp23,Hp23_256185608,https://www.frdr-dfdr.ca/repo/files/9/published/publication_961/submitted_data/01_Data/images/German_Bank_2010/Hp23/Hp23_256185608.JPG,[0],train,-66.7058423,43.17525772
German_Bank_2010,Hp24,Hp24_256200305,https://www.frdr-dfdr.ca/repo/files/9/published/publication_961/submitted_data/01_Data/images/German_Bank_2010/Hp24/Hp24_256200305.JPG,[3],train,-66.56974602,43.21209547
German_Bank_2010,Hp24,Hp24_256200321,https://www.frdr-dfdr.ca/repo/files/9/published/publication_961/submitted_data/01_Data/images/German_Bank_2010/Hp24/Hp24_256200321.JPG,[3],train,-66.56949649,43.21210767
German_Bank_2010,Hp24,Hp24_256200336,https://www.frdr-dfdr.ca/repo/files/9/published/publication_961/submitted_data/01_Data/images/German_Bank_2010/Hp24/Hp24_256200336.JPG,[3],train,-66.56926924,43.21211976
German_Bank_2010,Hp24,Hp24_256200353,https://www.frdr-dfdr.ca/repo/files/9/published/publication_961/submitted_data/01_Data/images/German_Bank_2010/Hp24/Hp24_256200353.JPG,[2],train,-66.56899241,43.21213573
German_Bank_2010,Hp24,Hp24_256200410,https://www.frdr-dfdr.ca/repo/files/9/published/publication_961/submitted_data/01_Data/images/German_Bank_2010/Hp24/Hp24_256200410.JPG,[2],train,-66.56870956,43.21215333
German_Bank_2010,Hp24,Hp24_256200424,https://www.frdr-dfdr.ca/repo/files/9/published/publication_961/submitted_data/01_Data/images/German_Bank_2010/Hp24/Hp24_256200424.JPG,[2],train,-66.56853433,43.21216557
German_Bank_2010,Hp24,Hp24_256200440,https://www.frdr-dfdr.ca/repo/files/9/published/publication_961/submitted_data/01_Data/images/German_Bank_2010/Hp24/Hp24_256200440.JPG,[4],train,-66.56831776,43.21218174
German_Bank_2010,Hp24,Hp24_256200456,https://www.frdr-dfdr.ca/repo/files/9/published/publication_961/submitted_data/01_Data/images/German_Bank_2010/Hp24/Hp24_256200456.JPG,[4],train,-66.5681346,43.2121955
German_Bank_2010,Hp24,Hp24_256200512,https://www.frdr-dfdr.ca/repo/files/9/published/publication_961/submitted_data/01_Data/images/German_Bank_2010/Hp24/Hp24_256200512.JPG,[4],train,-66.5679147,43.21221127
German_Bank_2010,Hp24,Hp24_256200527,https://www.frdr-dfdr.ca/repo/files/9/published/publication_961/submitted_data/01_Data/images/German_Bank_2010/Hp24/Hp24_256200527.JPG,[4],train,-66.56773409,43.21222469
German_Bank_2010,Hp24,Hp24_256200543,https://www.frdr-dfdr.ca/repo/files/9/published/publication_961/submitted_data/01_Data/images/German_Bank_2010/Hp24/Hp24_256200543.JPG,[4],train,-66.56753515,43.21224047
German_Bank_2010,Hp24,Hp24_256200559,https://www.frdr-dfdr.ca/repo/files/9/published/publication_961/submitted_data/01_Data/images/German_Bank_2010/Hp24/Hp24_256200559.JPG,[4],train,-66.56731962,43.21225798
German_Bank_2010,Hp24,Hp24_256200613,https://www.frdr-dfdr.ca/repo/files/9/published/publication_961/submitted_data/01_Data/images/German_Bank_2010/Hp24/Hp24_256200613.JPG,[4],train,-66.56716745,43.21227016
German_Bank_2010,Hp24,Hp24_256200630,https://www.frdr-dfdr.ca/repo/files/9/published/publication_961/submitted_data/01_Data/images/German_Bank_2010/Hp24/Hp24_256200630.JPG,[4],train,-66.56692785,43.21228823
German_Bank_2010,Hp24,Hp24_256200645,https://www.frdr-dfdr.ca/repo/files/9/published/publication_961/submitted_data/01_Data/images/German_Bank_2010/Hp24/Hp24_256200645.JPG,[4],train,-66.56672311,43.21230318
German_Bank_2010,Hp24,Hp24_256200701,https://www.frdr-dfdr.ca/repo/files/9/published/publication_961/submitted_data/01_Data/images/German_Bank_2010/Hp24/Hp24_256200701.JPG,[4],train,-66.56650301,43.2123192
German_Bank_2010,Hp24,Hp24_256200717,https://www.frdr-dfdr.ca/repo/files/9/published/publication_961/submitted_data/01_Data/images/German_Bank_2010/Hp24/Hp24_256200717.JPG,[4],train,-66.56628757,43.21233502
German_Bank_2010,Hp24,Hp24_256200733,https://www.frdr-dfdr.ca/repo/files/9/published/publication_961/submitted_data/01_Data/images/German_Bank_2010/Hp24/Hp24_256200733.JPG,[4],train,-66.56605463,43.21235295
German_Bank_2010,Hp24,Hp24_256200748,https://www.frdr-dfdr.ca/repo/files/9/published/publication_961/submitted_data/01_Data/images/German_Bank_2010/Hp24/Hp24_256200748.JPG,[4],train,-66.56583707,43.21236944
German_Bank_2010,Hp24,Hp24_256200805,https://www.frdr-dfdr.ca/repo/files/9/published/publication_961/submitted_data/01_Data/images/German_Bank_2010/Hp24/Hp24_256200805.JPG,[4],train,-66.56559958,43.21238664
German_Bank_2010,Hp24,Hp24_256200819,https://www.frdr-dfdr.ca/repo/files/9/published/publication_961/submitted_data/01_Data/images/German_Bank_2010/Hp24/Hp24_256200819.JPG,[4],train,-66.56540361,43.21239955
German_Bank_2010,Hp24,Hp24_256200835,https://www.frdr-dfdr.ca/repo/files/9/published/publication_961/submitted_data/01_Data/images/German_Bank_2010/Hp24/Hp24_256200835.JPG,[4],train,-66.56517654,43.21241329
German_Bank_2010,Hp24,Hp24_256200851,https://www.frdr-dfdr.ca/repo/files/9/published/publication_961/submitted_data/01_Data/images/German_Bank_2010/Hp24/Hp24_256200851.JPG,[4],train,-66.56493858,43.21242721
German_Bank_2010,Hp24,Hp24_256200907,https://www.frdr-dfdr.ca/repo/files/9/published/publication_961/submitted_data/01_Data/images/German_Bank_2010/Hp24/Hp24_256200907.JPG,[4],train,-66.56472458,43.21244098
German_Bank_2010,Hp24,Hp24_256200923,https://www.frdr-dfdr.ca/repo/files/9/published/publication_961/submitted_data/01_Data/images/German_Bank_2010/Hp24/Hp24_256200923.JPG,[4],train,-66.56450878,43.21245552
German_Bank_2010,Hp24,Hp24_256200939,https://www.frdr-dfdr.ca/repo/files/9/published/publication_961/submitted_data/01_Data/images/German_Bank_2010/Hp24/Hp24_256200939.JPG,[4],train,-66.56426616,43.21247159
German_Bank_2010,Hp24,Hp24_256200955,https://www.frdr-dfdr.ca/repo/files/9/published/publication_961/submitted_data/01_Data/images/German_Bank_2010/Hp24/Hp24_256200955.JPG,[4],train,-66.56401067,43.21248747
German_Bank_2010,Hp24,Hp24_256201010,https://www.frdr-dfdr.ca/repo/files/9/published/publication_961/submitted_data/01_Data/images/German_Bank_2010/Hp24/Hp24_256201010.JPG,[2],train,-66.56378328,43.21250017
German_Bank_2010,Hp24,Hp24_256201026,https://www.frdr-dfdr.ca/repo/files/9/published/publication_961/submitted_data/01_Data/images/German_Bank_2010/Hp24/Hp24_256201026.JPG,[2],train,-66.56351938,43.21251393
German_Bank_2010,Hp24,Hp24_256201042,https://www.frdr-dfdr.ca/repo/files/9/published/publication_961/submitted_data/01_Data/images/German_Bank_2010/Hp24/Hp24_256201042.JPG,[2],train,-66.5632268,43.21252875
German_Bank_2010,Hp24,Hp24_256201059,https://www.frdr-dfdr.ca/repo/files/9/published/publication_961/submitted_data/01_Data/images/German_Bank_2010/Hp24/Hp24_256201059.JPG,[2],train,-66.56298382,43.21254136
German_Bank_2010,Hp24,Hp24_256201113,https://www.frdr-dfdr.ca/repo/files/9/published/publication_961/submitted_data/01_Data/images/German_Bank_2010/Hp24/Hp24_256201113.JPG,[2],train,-66.56280334,43.21255035
German_Bank_2010,Hp24,Hp24_256201129,https://www.frdr-dfdr.ca/repo/files/9/published/publication_961/submitted_data/01_Data/images/German_Bank_2010/Hp24/Hp24_256201129.JPG,[2],train,-66.56257509,43.21256131
German_Bank_2010,Hp24,Hp24_256201145,https://www.frdr-dfdr.ca/repo/files/9/published/publication_961/submitted_data/01_Data/images/German_Bank_2010/Hp24/Hp24_256201145.JPG,[2],train,-66.56234867,43.21257165
German_Bank_2010,Hp24,Hp24_256201200,https://www.frdr-dfdr.ca/repo/files/9/published/publication_961/submitted_data/01_Data/images/German_Bank_2010/Hp24/Hp24_256201200.JPG,[4],train,-66.5621252,43.2125824
German_Bank_2010,Hp24,Hp24_256201216,https://www.frdr-dfdr.ca/repo/files/9/published/publication_961/submitted_data/01_Data/images/German_Bank_2010/Hp24/Hp24_256201216.JPG,[4],train,-66.56193087,43.21259181
German_Bank_2010,Hp24,Hp24_256201232,https://www.frdr-dfdr.ca/repo/files/9/published/publication_961/submitted_data/01_Data/images/German_Bank_2010/Hp24/Hp24_256201232.JPG,[4],train,-66.56169972,43.212602
German_Bank_2010,Hp24,Hp24_256201249,https://www.frdr-dfdr.ca/repo/files/9/published/publication_961/submitted_data/01_Data/images/German_Bank_2010/Hp24/Hp24_256201249.JPG,[4],train,-66.56144564,43.21261114
German_Bank_2010,Hp24,Hp24_256201305,https://www.frdr-dfdr.ca/repo/files/9/published/publication_961/submitted_data/01_Data/images/German_Bank_2010/Hp24/Hp24_256201305.JPG,[4],train,-66.56120565,43.21261774
German_Bank_2010,Hp24,Hp24_256201320,https://www.frdr-dfdr.ca/repo/files/9/published/publication_961/submitted_data/01_Data/images/German_Bank_2010/Hp24/Hp24_256201320.JPG,[4],train,-66.5609885,43.21262253
German_Bank_2010,Hp24,Hp24_256201336,https://www.frdr-dfdr.ca/repo/files/9/published/publication_961/submitted_data/01_Data/images/German_Bank_2010/Hp24/Hp24_256201336.JPG,[4],train,-66.56076483,43.21262639
German_Bank_2010,Hp24,Hp24_256201352,https://www.frdr-dfdr.ca/repo/files/9/published/publication_961/submitted_data/01_Data/images/German_Bank_2010/Hp24/Hp24_256201352.JPG,[4],train,-66.5605197,43.2126301
German_Bank_2010,Hp24,Hp24_256201407,https://www.frdr-dfdr.ca/repo/files/9/published/publication_961/submitted_data/01_Data/images/German_Bank_2010/Hp24/Hp24_256201407.JPG,[4],train,-66.56030465,43.21263267
German_Bank_2010,Hp24,Hp24_256201423,https://www.frdr-dfdr.ca/repo/files/9/published/publication_961/submitted_data/01_Data/images/German_Bank_2010/Hp24/Hp24_256201423.JPG,[4],train,-66.56006193,43.21263444
German_Bank_2010,Hp24,Hp24_256201439,https://www.frdr-dfdr.ca/repo/files/9/published/publication_961/submitted_data/01_Data/images/German_Bank_2010/Hp24/Hp24_256201439.JPG,[4],train,-66.55981201,43.21263547
German_Bank_2010,Hp24,Hp24_256201456,https://www.frdr-dfdr.ca/repo/files/9/published/publication_961/submitted_data/01_Data/images/German_Bank_2010/Hp24/Hp24_256201456.JPG,[4],train,-66.55955404,43.21263576
German_Bank_2010,Hp24,Hp24_256201511,https://www.frdr-dfdr.ca/repo/files/9/published/publication_961/submitted_data/01_Data/images/German_Bank_2010/Hp24/Hp24_256201511.JPG,[4],train,-66.55931636,43.21263597
German_Bank_2010,Hp24,Hp24_256201527,https://www.frdr-dfdr.ca/repo/files/9/published/publication_961/submitted_data/01_Data/images/German_Bank_2010/Hp24/Hp24_256201527.JPG,[4],train,-66.55906994,43.21263595
German_Bank_2010,Hp24,Hp24_256201544,https://www.frdr-dfdr.ca/repo/files/9/published/publication_961/submitted_data/01_Data/images/German_Bank_2010/Hp24/Hp24_256201544.JPG,[4],train,-66.55881712,43.21263552
German_Bank_2010,Hp24,Hp24_256201559,https://www.frdr-dfdr.ca/repo/files/9/published/publication_961/submitted_data/01_Data/images/German_Bank_2010/Hp24/Hp24_256201559.JPG,[4],train,-66.55859685,43.21263502
German_Bank_2010,Hp24,Hp24_256201615,https://www.frdr-dfdr.ca/repo/files/9/published/publication_961/submitted_data/01_Data/images/German_Bank_2010/Hp24/Hp24_256201615.JPG,[4],train,-66.55834534,43.21263415
German_Bank_2010,Hp24,Hp24_256201630,https://www.frdr-dfdr.ca/repo/files/9/published/publication_961/submitted_data/01_Data/images/German_Bank_2010/Hp24/Hp24_256201630.JPG,[4],train,-66.5581124,43.21263294
German_Bank_2010,Hp24,Hp24_256201646,https://www.frdr-dfdr.ca/repo/files/9/published/publication_961/submitted_data/01_Data/images/German_Bank_2010/Hp24/Hp24_256201646.JPG,[4],train,-66.5578489,43.21263149
German_Bank_2010,Hp24,Hp24_256201702,https://www.frdr-dfdr.ca/repo/files/9/published/publication_961/submitted_data/01_Data/images/German_Bank_2010/Hp24/Hp24_256201702.JPG,[4],train,-66.55756275,43.21263032
German_Bank_2010,Hp24,Hp24_256201718,https://www.frdr-dfdr.ca/repo/files/9/published/publication_961/submitted_data/01_Data/images/German_Bank_2010/Hp24/Hp24_256201718.JPG,[4],train,-66.55732132,43.21262979
German_Bank_2010,Hp24,Hp24_256201734,https://www.frdr-dfdr.ca/repo/files/9/published/publication_961/submitted_data/01_Data/images/German_Bank_2010/Hp24/Hp24_256201734.JPG,[4],train,-66.5570662,43.21262924
German_Bank_2010,Hp24,Hp24_256201750,https://www.frdr-dfdr.ca/repo/files/9/published/publication_961/submitted_data/01_Data/images/German_Bank_2010/Hp24/Hp24_256201750.JPG,[4],train,-66.55674774,43.21262826
German_Bank_2010,Hp24,Hp24_256201754,https://www.frdr-dfdr.ca/repo/files/9/published/publication_961/submitted_data/01_Data/images/German_Bank_2010/Hp24/Hp24_256201754.JPG,[4],train,-66.55665711,43.21262804
German_Bank_2010,LP01,LP01_257183203,https://www.frdr-dfdr.ca/repo/files/9/published/publication_961/submitted_data/01_Data/images/German_Bank_2010/LP01/LP01_257183203.JPG,[0],train,-66.61405885,43.59825137
German_Bank_2010,LP01,LP01_257183219,https://www.frdr-dfdr.ca/repo/files/9/published/publication_961/submitted_data/01_Data/images/German_Bank_2010/LP01/LP01_257183219.JPG,[0],train,-66.61421439,43.59819062
German_Bank_2010,LP01,LP01_257183235,https://www.frdr-dfdr.ca/repo/files/9/published/publication_961/submitted_data/01_Data/images/German_Bank_2010/LP01/LP01_257183235.JPG,[0],train,-66.61441148,43.59811328
German_Bank_2010,LP01,LP01_257183251,https://www.frdr-dfdr.ca/repo/files/9/published/publication_961/submitted_data/01_Data/images/German_Bank_2010/LP01/LP01_257183251.JPG,[0],train,-66.61460895,43.59803202
German_Bank_2010,LP01,LP01_257183306,https://www.frdr-dfdr.ca/repo/files/9/published/publication_961/submitted_data/01_Data/images/German_Bank_2010/LP01/LP01_257183306.JPG,[0],train,-66.61483053,43.59793445
German_Bank_2010,LP01,LP01_257183323,https://www.frdr-dfdr.ca/repo/files/9/published/publication_961/submitted_data/01_Data/images/German_Bank_2010/LP01/LP01_257183323.JPG,[0],train,-66.61509803,43.59780976
German_Bank_2010,LP01,LP01_257183338,https://www.frdr-dfdr.ca/repo/files/9/published/publication_961/submitted_data/01_Data/images/German_Bank_2010/LP01/LP01_257183338.JPG,[0],train,-66.61533058,43.59769724
German_Bank_2010,LP01,LP01_257183354,https://www.frdr-dfdr.ca/repo/files/9/published/publication_961/submitted_data/01_Data/images/German_Bank_2010/LP01/LP01_257183354.JPG,[0],train,-66.61556609,43.59758108
German_Bank_2010,LP01,LP01_257183410,https://www.frdr-dfdr.ca/repo/files/9/published/publication_961/submitted_data/01_Data/images/German_Bank_2010/LP01/LP01_257183410.JPG,[0],train,-66.61579134,43.59746676
German_Bank_2010,LP01,LP01_257183426,https://www.frdr-dfdr.ca/repo/files/9/published/publication_961/submitted_data/01_Data/images/German_Bank_2010/LP01/LP01_257183426.JPG,[0],train,-66.61600831,43.59735399
German_Bank_2010,LP01,LP01_257183442,https://www.frdr-dfdr.ca/repo/files/9/published/publication_961/submitted_data/01_Data/images/German_Bank_2010/LP01/LP01_257183442.JPG,[0],train,-66.61619283,43.59725815
German_Bank_2010,LP01,LP01_257183457,https://www.frdr-dfdr.ca/repo/files/9/published/publication_961/submitted_data/01_Data/images/German_Bank_2010/LP01/LP01_257183457.JPG,[0],train,-66.61633558,43.59718677
German_Bank_2010,LP01,LP01_257183514,https://www.frdr-dfdr.ca/repo/files/9/published/publication_961/submitted_data/01_Data/images/German_Bank_2010/LP01/LP01_257183514.JPG,[0],train,-66.61648445,43.59711643
German_Bank_2010,LP01,LP01_257183530,https://www.frdr-dfdr.ca/repo/files/9/published/publication_961/submitted_data/01_Data/images/German_Bank_2010/LP01/LP01_257183530.JPG,[0],train,-66.61661199,43.59706022
German_Bank_2010,LP01,LP01_257183545,https://www.frdr-dfdr.ca/repo/files/9/published/publication_961/submitted_data/01_Data/images/German_Bank_2010/LP01/LP01_257183545.JPG,[0],train,-66.6167369,43.59700887
German_Bank_2010,LP01,LP01_257183601,https://www.frdr-dfdr.ca/repo/files/9/published/publication_961/submitted_data/01_Data/images/German_Bank_2010/LP01/LP01_257183601.JPG,[0],train,-66.61690179,43.59694455
German_Bank_2010,LP01,LP01_257183617,https://www.frdr-dfdr.ca/repo/files/9/published/publication_961/submitted_data/01_Data/images/German_Bank_2010/LP01/LP01_257183617.JPG,[0],train,-66.61710944,43.59686295
German_Bank_2010,LP01,LP01_257183633,https://www.frdr-dfdr.ca/repo/files/9/published/publication_961/submitted_data/01_Data/images/German_Bank_2010/LP01/LP01_257183633.JPG,[0],train,-66.61736365,43.59675682
German_Bank_2010,LP01,LP01_257183648,https://www.frdr-dfdr.ca/repo/files/9/published/publication_961/submitted_data/01_Data/images/German_Bank_2010/LP01/LP01_257183648.JPG,[0],train,-66.61759138,43.59665653
German_Bank_2010,LP01,LP01_257183705,https://www.frdr-dfdr.ca/repo/files/9/published/publication_961/submitted_data/01_Data/images/German_Bank_2010/LP01/LP01_257183705.JPG,[0],train,-66.61787293,43.59653349
German_Bank_2010,LP01,LP01_257183721,https://www.frdr-dfdr.ca/repo/files/9/published/publication_961/submitted_data/01_Data/images/German_Bank_2010/LP01/LP01_257183721.JPG,[0],train,-66.61811128,43.596432
German_Bank_2010,LP01,LP01_257183736,https://www.frdr-dfdr.ca/repo/files/9/published/publication_961/submitted_data/01_Data/images/German_Bank_2010/LP01/LP01_257183736.JPG,[0],train,-66.61831069,43.5963499
German_Bank_2010,LP01,LP01_257183752,https://www.frdr-dfdr.ca/repo/files/9/published/publication_961/submitted_data/01_Data/images/German_Bank_2010/LP01/LP01_257183752.JPG,[0],train,-66.61851783,43.59626831
German_Bank_2010,LP01,LP01_257183808,https://www.frdr-dfdr.ca/repo/files/9/published/publication_961/submitted_data/01_Data/images/German_Bank_2010/LP01/LP01_257183808.JPG,[0],train,-66.61874919,43.59618077
German_Bank_2010,LP01,LP01_257183824,https://www.frdr-dfdr.ca/repo/files/9/published/publication_961/submitted_data/01_Data/images/German_Bank_2010/LP01/LP01_257183824.JPG,[0],train,-66.61896469,43.59610267
German_Bank_2010,LP01,LP01_257183840,https://www.frdr-dfdr.ca/repo/files/9/published/publication_961/submitted_data/01_Data/images/German_Bank_2010/LP01/LP01_257183840.JPG,[0],train,-66.61918316,43.59602735
German_Bank_2010,LP01,LP01_257183856,https://www.frdr-dfdr.ca/repo/files/9/published/publication_961/submitted_data/01_Data/images/German_Bank_2010/LP01/LP01_257183856.JPG,[0],train,-66.61938224,43.59596225
German_Bank_2010,LP01,LP01_257183911,https://www.frdr-dfdr.ca/repo/files/9/published/publication_961/submitted_data/01_Data/images/German_Bank_2010/LP01/LP01_257183911.JPG,[0],train,-66.6195735,43.59590342
German_Bank_2010,LP01,LP01_257183928,https://www.frdr-dfdr.ca/repo/files/9/published/publication_961/submitted_data/01_Data/images/German_Bank_2010/LP01/LP01_257183928.JPG,[0],train,-66.6198098,43.59583567
German_Bank_2010,LP01,LP01_257183943,https://www.frdr-dfdr.ca/repo/files/9/published/publication_961/submitted_data/01_Data/images/German_Bank_2010/LP01/LP01_257183943.JPG,[0],dropped,-66.62002675,43.59577648
German_Bank_2010,LP01,LP01_257183959,https://www.frdr-dfdr.ca/repo/files/9/published/publication_961/submitted_data/01_Data/images/German_Bank_2010/LP01/LP01_257183959.JPG,[0],dropped,-66.62024837,43.59571772
German_Bank_2010,LP01,LP01_257184015,https://www.frdr-dfdr.ca/repo/files/9/published/publication_961/submitted_data/01_Data/images/German_Bank_2010/LP01/LP01_257184015.JPG,[0],test,-66.62047464,43.59565836
German_Bank_2010,LP01,LP01_257184031,https://www.frdr-dfdr.ca/repo/files/9/published/publication_961/submitted_data/01_Data/images/German_Bank_2010/LP01/LP01_257184031.JPG,[0],test,-66.62071226,43.59559701
German_Bank_2010,LP01,LP01_257184047,https://www.frdr-dfdr.ca/repo/files/9/published/publication_961/submitted_data/01_Data/images/German_Bank_2010/LP01/LP01_257184047.JPG,[0],test,-66.62092416,43.59554366
German_Bank_2010,LP01,LP01_257184103,https://www.frdr-dfdr.ca/repo/files/9/published/publication_961/submitted_data/01_Data/images/German_Bank_2010/LP01/LP01_257184103.JPG,[0],test,-66.62114076,43.59548949
German_Bank_2010,LP01,LP01_257184119,https://www.frdr-dfdr.ca/repo/files/9/published/publication_961/submitted_data/01_Data/images/German_Bank_2010/LP01/LP01_257184119.JPG,[0],test,-66.62130388,43.59544691
German_Bank_2010,LP01,LP01_257184135,https://www.frdr-dfdr.ca/repo/files/9/published/publication_961/submitted_data/01_Data/images/German_Bank_2010/LP01/LP01_257184135.JPG,[0],test,-66.62145753,43.59540393
German_Bank_2010,LP01,LP01_257184150,https://www.frdr-dfdr.ca/repo/files/9/published/publication_961/submitted_data/01_Data/images/German_Bank_2010/LP01/LP01_257184150.JPG,[0],test,-66.62159536,43.59536062
German_Bank_2010,LP01,LP01_257184206,https://www.frdr-dfdr.ca/repo/files/9/published/publication_961/submitted_data/01_Data/images/German_Bank_2010/LP01/LP01_257184206.JPG,[0],test,-66.6217774,43.59529457
German_Bank_2010,LP01,LP01_257184222,https://www.frdr-dfdr.ca/repo/files/9/published/publication_961/submitted_data/01_Data/images/German_Bank_2010/LP01/LP01_257184222.JPG,[0],test,-66.62197543,43.59521142
German_Bank_2010,LP01,LP01_257184238,https://www.frdr-dfdr.ca/repo/files/9/published/publication_961/submitted_data/01_Data/images/German_Bank_2010/LP01/LP01_257184238.JPG,[0],test,-66.62217392,43.59511523
German_Bank_2010,LP01,LP01_257184254,https://www.frdr-dfdr.ca/repo/files/9/published/publication_961/submitted_data/01_Data/images/German_Bank_2010/LP01/LP01_257184254.JPG,[0],test,-66.6223672,43.59500908
German_Bank_2010,LP01,LP01_257184310,https://www.frdr-dfdr.ca/repo/files/9/published/publication_961/submitted_data/01_Data/images/German_Bank_2010/LP01/LP01_257184310.JPG,[0],test,-66.62257044,43.59488774
German_Bank_2010,LP01,LP01_257184326,https://www.frdr-dfdr.ca/repo/files/9/published/publication_961/submitted_data/01_Data/images/German_Bank_2010/LP01/LP01_257184326.JPG,[0],test,-66.62279171,43.59475163
German_Bank_2010,LP01,LP01_257184341,https://www.frdr-dfdr.ca/repo/files/9/published/publication_961/submitted_data/01_Data/images/German_Bank_2010/LP01/LP01_257184341.JPG,[0],test,-66.62299013,43.59463359
German_Bank_2010,LP01,LP01_257184357,https://www.frdr-dfdr.ca/repo/files/9/published/publication_961/submitted_data/01_Data/images/German_Bank_2010/LP01/LP01_257184357.JPG,[0],test,-66.62317983,43.59452824
German_Bank_2010,LP01,LP01_257184413,https://www.frdr-dfdr.ca/repo/files/9/published/publication_961/submitted_data/01_Data/images/German_Bank_2010/LP01/LP01_257184413.JPG,[0],test,-66.62333004,43.59445026
German_Bank_2010,LP01,LP01_257184429,https://www.frdr-dfdr.ca/repo/files/9/published/publication_961/submitted_data/01_Data/images/German_Bank_2010/LP01/LP01_257184429.JPG,[0],test,-66.62348498,43.59437584
German_Bank_2010,LP01,LP01_257184445,https://www.frdr-dfdr.ca/repo/files/9/published/publication_961/submitted_data/01_Data/images/German_Bank_2010/LP01/LP01_257184445.JPG,[0],test,-66.62365671,43.59429941
German_Bank_2010,LP01,LP01_257184501,https://www.frdr-dfdr.ca/repo/files/9/published/publication_961/submitted_data/01_Data/images/German_Bank_2010/LP01/LP01_257184501.JPG,[0],test,-66.62382234,43.59423087
German_Bank_2010,LP01,LP01_257184517,https://www.frdr-dfdr.ca/repo/files/9/published/publication_961/submitted_data/01_Data/images/German_Bank_2010/LP01/LP01_257184517.JPG,[0],test,-66.62401494,43.59415529
German_Bank_2010,LP01,LP01_257184533,https://www.frdr-dfdr.ca/repo/files/9/published/publication_961/submitted_data/01_Data/images/German_Bank_2010/LP01/LP01_257184533.JPG,[0],test,-66.62420688,43.59408174
German_Bank_2010,LP01,LP01_257184548,https://www.frdr-dfdr.ca/repo/files/9/published/publication_961/submitted_data/01_Data/images/German_Bank_2010/LP01/LP01_257184548.JPG,[0],dropped,-66.6244053,43.59400697
German_Bank_2010,LP01,LP01_257184604,https://www.frdr-dfdr.ca/repo/files/9/published/publication_961/submitted_data/01_Data/images/German_Bank_2010/LP01/LP01_257184604.JPG,[0],dropped,-66.62461709,43.59392828
German_Bank_2010,LP01,LP01_257184620,https://www.frdr-dfdr.ca/repo/files/9/published/publication_961/submitted_data/01_Data/images/German_Bank_2010/LP01/LP01_257184620.JPG,[0],test,-66.6248155,43.59385502
German_Bank_2010,LP02,LP02_257202040,https://www.frdr-dfdr.ca/repo/files/9/published/publication_961/submitted_data/01_Data/images/German_Bank_2010/LP02/LP02_257202040.JPG,[0],train,-66.42777774,43.60320763
German_Bank_2010,LP02,LP02_257202056,https://www.frdr-dfdr.ca/repo/files/9/published/publication_961/submitted_data/01_Data/images/German_Bank_2010/LP02/LP02_257202056.JPG,[0],train,-66.4275457,43.60315505
German_Bank_2010,LP02,LP02_257202112,https://www.frdr-dfdr.ca/repo/files/9/published/publication_961/submitted_data/01_Data/images/German_Bank_2010/LP02/LP02_257202112.JPG,[0],train,-66.42732057,43.60310592
German_Bank_2010,LP02,LP02_257202127,https://www.frdr-dfdr.ca/repo/files/9/published/publication_961/submitted_data/01_Data/images/German_Bank_2010/LP02/LP02_257202127.JPG,[0],train,-66.4271339,43.60306611
German_Bank_2010,LP02,LP02_257202143,https://www.frdr-dfdr.ca/repo/files/9/published/publication_961/submitted_data/01_Data/images/German_Bank_2010/LP02/LP02_257202143.JPG,[0],train,-66.42697282,43.60303055
German_Bank_2010,LP02,LP02_257202159,https://www.frdr-dfdr.ca/repo/files/9/published/publication_961/submitted_data/01_Data/images/German_Bank_2010/LP02/LP02_257202159.JPG,[0],train,-66.42680946,43.60299125
German_Bank_2010,LP02,LP02_257202215,https://www.frdr-dfdr.ca/repo/files/9/published/publication_961/submitted_data/01_Data/images/German_Bank_2010/LP02/LP02_257202215.JPG,[0],train,-66.42663193,43.60294437
German_Bank_2010,LP02,LP02_257202231,https://www.frdr-dfdr.ca/repo/files/9/published/publication_961/submitted_data/01_Data/images/German_Bank_2010/LP02/LP02_257202231.JPG,[0],train,-66.426446,43.60289154
German_Bank_2010,LP02,LP02_257202247,https://www.frdr-dfdr.ca/repo/files/9/published/publication_961/submitted_data/01_Data/images/German_Bank_2010/LP02/LP02_257202247.JPG,[0],train,-66.42624947,43.60283204
German_Bank_2010,LP02,LP02_257202303,https://www.frdr-dfdr.ca/repo/files/9/published/publication_961/submitted_data/01_Data/images/German_Bank_2010/LP02/LP02_257202303.JPG,[0],train,-66.42603511,43.60276283
German_Bank_2010,LP02,LP02_257202319,https://www.frdr-dfdr.ca/repo/files/9/published/publication_961/submitted_data/01_Data/images/German_Bank_2010/LP02/LP02_257202319.JPG,[0],train,-66.42585416,43.60270076
German_Bank_2010,LP02,LP02_257202335,https://www.frdr-dfdr.ca/repo/files/9/published/publication_961/submitted_data/01_Data/images/German_Bank_2010/LP02/LP02_257202335.JPG,[0],train,-66.42567804,43.60263575
German_Bank_2010,LP02,LP02_257202351,https://www.frdr-dfdr.ca/repo/files/9/published/publication_961/submitted_data/01_Data/images/German_Bank_2010/LP02/LP02_257202351.JPG,[0],train,-66.42548914,43.60256053
German_Bank_2010,LP02,LP02_257202406,https://www.frdr-dfdr.ca/repo/files/9/published/publication_961/submitted_data/01_Data/images/German_Bank_2010/LP02/LP02_257202406.JPG,[0],train,-66.42532906,43.60249291
German_Bank_2010,LP02,LP02_257202422,https://www.frdr-dfdr.ca/repo/files/9/published/publication_961/submitted_data/01_Data/images/German_Bank_2010/LP02/LP02_257202422.JPG,[0],train,-66.42515216,43.60241379
German_Bank_2010,LP02,LP02_257202438,https://www.frdr-dfdr.ca/repo/files/9/published/publication_961/submitted_data/01_Data/images/German_Bank_2010/LP02/LP02_257202438.JPG,[0],train,-66.4249686,43.60232702
German_Bank_2010,LP02,LP02_257202454,https://www.frdr-dfdr.ca/repo/files/9/published/publication_961/submitted_data/01_Data/images/German_Bank_2010/LP02/LP02_257202454.JPG,[0],train,-66.42479392,43.60224044
German_Bank_2010,LP02,LP02_257202510,https://www.frdr-dfdr.ca/repo/files/9/published/publication_961/submitted_data/01_Data/images/German_Bank_2010/LP02/LP02_257202510.JPG,[0],train,-66.42462568,43.60215353
German_Bank_2010,LP02,LP02_257202526,https://www.frdr-dfdr.ca/repo/files/9/published/publication_961/submitted_data/01_Data/images/German_Bank_2010/LP02/LP02_257202526.JPG,[0],train,-66.4244717,43.60207113
German_Bank_2010,LP02,LP02_257202542,https://www.frdr-dfdr.ca/repo/files/9/published/publication_961/submitted_data/01_Data/images/German_Bank_2010/LP02/LP02_257202542.JPG,[0],train,-66.42431113,43.60198227
German_Bank_2010,LP02,LP02_257202558,https://www.frdr-dfdr.ca/repo/files/9/published/publication_961/submitted_data/01_Data/images/German_Bank_2010/LP02/LP02_257202558.JPG,[0],train,-66.42415117,43.60189094
German_Bank_2010,LP02,LP02_257202613,https://www.frdr-dfdr.ca/repo/files/9/published/publication_961/submitted_data/01_Data/images/German_Bank_2010/LP02/LP02_257202613.JPG,[0],train,-66.42400686,43.60180704
German_Bank_2010,LP02,LP02_257202629,https://www.frdr-dfdr.ca/repo/files/9/published/publication_961/submitted_data/01_Data/images/German_Bank_2010/LP02/LP02_257202629.JPG,[0],train,-66.42385519,43.60171844
German_Bank_2010,LP02,LP02_257202645,https://www.frdr-dfdr.ca/repo/files/9/published/publication_961/submitted_data/01_Data/images/German_Bank_2010/LP02/LP02_257202645.JPG,[0],train,-66.42368298,43.60161702
German_Bank_2010,LP02,LP02_257202701,https://www.frdr-dfdr.ca/repo/files/9/published/publication_961/submitted_data/01_Data/images/German_Bank_2010/LP02/LP02_257202701.JPG,[0],train,-66.42351167,43.60151993
German_Bank_2010,LP02,LP02_257202717,https://www.frdr-dfdr.ca/repo/files/9/published/publication_961/submitted_data/01_Data/images/German_Bank_2010/LP02/LP02_257202717.JPG,[0],train,-66.42334678,43.60143639
German_Bank_2010,LP02,LP02_257202733,https://www.frdr-dfdr.ca/repo/files/9/published/publication_961/submitted_data/01_Data/images/German_Bank_2010/LP02/LP02_257202733.JPG,[0],train,-66.42318943,43.60136414
German_Bank_2010,LP02,LP02_257202749,https://www.frdr-dfdr.ca/repo/files/9/published/publication_961/submitted_data/01_Data/images/German_Bank_2010/LP02/LP02_257202749.JPG,[0],train,-66.42305449,43.60130504
German_Bank_2010,LP02,LP02_257202804,https://www.frdr-dfdr.ca/repo/files/9/published/publication_961/submitted_data/01_Data/images/German_Bank_2010/LP02/LP02_257202804.JPG,[0],train,-66.42292827,43.6012506
German_Bank_2010,LP02,LP02_257202820,https://www.frdr-dfdr.ca/repo/files/9/published/publication_961/submitted_data/01_Data/images/German_Bank_2010/LP02/LP02_257202820.JPG,[0],train,-66.42278065,43.60118712
German_Bank_2010,LP02,LP02_257202836,https://www.frdr-dfdr.ca/repo/files/9/published/publication_961/submitted_data/01_Data/images/German_Bank_2010/LP02/LP02_257202836.JPG,[0],train,-66.42263002,43.60112244
German_Bank_2010,LP02,LP02_257202852,https://www.frdr-dfdr.ca/repo/files/9/published/publication_961/submitted_data/01_Data/images/German_Bank_2010/LP02/LP02_257202852.JPG,[0],train,-66.42246774,43.60105184
German_Bank_2010,LP02,LP02_257202908,https://www.frdr-dfdr.ca/repo/files/9/published/publication_961/submitted_data/01_Data/images/German_Bank_2010/LP02/LP02_257202908.JPG,[0],train,-66.42230213,43.60097791
German_Bank_2010,LP02,LP02_257202924,https://www.frdr-dfdr.ca/repo/files/9/published/publication_961/submitted_data/01_Data/images/German_Bank_2010/LP02/LP02_257202924.JPG,[0],dropped,-66.42213498,43.60090038
German_Bank_2010,LP02,LP02_257202940,https://www.frdr-dfdr.ca/repo/files/9/published/publication_961/submitted_data/01_Data/images/German_Bank_2010/LP02/LP02_257202940.JPG,[0],dropped,-66.4219357,43.60080652
German_Bank_2010,LP02,LP02_257202955,https://www.frdr-dfdr.ca/repo/files/9/published/publication_961/submitted_data/01_Data/images/German_Bank_2010/LP02/LP02_257202955.JPG,[0],test,-66.42176365,43.60073054
German_Bank_2010,LP02,LP02_257203011,https://www.frdr-dfdr.ca/repo/files/9/published/publication_961/submitted_data/01_Data/images/German_Bank_2010/LP02/LP02_257203011.JPG,[0],test,-66.42157657,43.60065496
German_Bank_2010,LP02,LP02_257203027,https://www.frdr-dfdr.ca/repo/files/9/published/publication_961/submitted_data/01_Data/images/German_Bank_2010/LP02/LP02_257203027.JPG,[0],test,-66.42136781,43.60057626
German_Bank_2010,LP02,LP02_257203043,https://www.frdr-dfdr.ca/repo/files/9/published/publication_961/submitted_data/01_Data/images/German_Bank_2010/LP02/LP02_257203043.JPG,[0],test,-66.421151,43.60049849
German_Bank_2010,LP02,LP02_257203059,https://www.frdr-dfdr.ca/repo/files/9/published/publication_961/submitted_data/01_Data/images/German_Bank_2010/LP02/LP02_257203059.JPG,[0],test,-66.42090367,43.60041283
German_Bank_2010,LP02,LP02_257203115,https://www.frdr-dfdr.ca/repo/files/9/published/publication_961/submitted_data/01_Data/images/German_Bank_2010/LP02/LP02_257203115.JPG,[0],test,-66.42065945,43.60033172
German_Bank_2010,LP02,LP02_257203131,https://www.frdr-dfdr.ca/repo/files/9/published/publication_961/submitted_data/01_Data/images/German_Bank_2010/LP02/LP02_257203131.JPG,[0],test,-66.42041344,43.60025383
German_Bank_2010,LP02,LP02_257203146,https://www.frdr-dfdr.ca/repo/files/9/published/publication_961/submitted_data/01_Data/images/German_Bank_2010/LP02/LP02_257203146.JPG,[2],test,-66.42020457,43.60019092
German_Bank_2010,LP02,LP02_257203202,https://www.frdr-dfdr.ca/repo/files/9/published/publication_961/submitted_data/01_Data/images/German_Bank_2010/LP02/LP02_257203202.JPG,[2],test,-66.41997664,43.60012456
German_Bank_2010,LP02,LP02_257203218,https://www.frdr-dfdr.ca/repo/files/9/published/publication_961/submitted_data/01_Data/images/German_Bank_2010/LP02/LP02_257203218.JPG,[2],test,-66.41976228,43.60006333
German_Bank_2010,LP02,LP02_257203234,https://www.frdr-dfdr.ca/repo/files/9/published/publication_961/submitted_data/01_Data/images/German_Bank_2010/LP02/LP02_257203234.JPG,[2],test,-66.41954442,43.60000299
German_Bank_2010,LP02,LP02_257203250,https://www.frdr-dfdr.ca/repo/files/9/published/publication_961/submitted_data/01_Data/images/German_Bank_2010/LP02/LP02_257203250.JPG,[2],test,-66.4193413,43.59994848
German_Bank_2010,LP02,LP02_257203306,https://www.frdr-dfdr.ca/repo/files/9/published/publication_961/submitted_data/01_Data/images/German_Bank_2010/LP02/LP02_257203306.JPG,[2],test,-66.41913247,43.59989341
German_Bank_2010,LP02,LP02_257203322,https://www.frdr-dfdr.ca/repo/files/9/published/publication_961/submitted_data/01_Data/images/German_Bank_2010/LP02/LP02_257203322.JPG,[0],test,-66.41893459,43.59984261
German_Bank_2010,LP02,LP02_257203338,https://www.frdr-dfdr.ca/repo/files/9/published/publication_961/submitted_data/01_Data/images/German_Bank_2010/LP02/LP02_257203338.JPG,[0],test,-66.41872339,43.59978886
German_Bank_2010,LP02,LP02_257203354,https://www.frdr-dfdr.ca/repo/files/9/published/publication_961/submitted_data/01_Data/images/German_Bank_2010/LP02/LP02_257203354.JPG,[0],test,-66.41850279,43.59973242
German_Bank_2010,LP02,LP02_257203409,https://www.frdr-dfdr.ca/repo/files/9/published/publication_961/submitted_data/01_Data/images/German_Bank_2010/LP02/LP02_257203409.JPG,[0],test,-66.41829053,43.59967723
German_Bank_2010,LP02,LP02_257203425,https://www.frdr-dfdr.ca/repo/files/9/published/publication_961/submitted_data/01_Data/images/German_Bank_2010/LP02/LP02_257203425.JPG,[0],test,-66.41806272,43.59961739
German_Bank_2010,LP02,LP02_257203441,https://www.frdr-dfdr.ca/repo/files/9/published/publication_961/submitted_data/01_Data/images/German_Bank_2010/LP02/LP02_257203441.JPG,[0],test,-66.41782766,43.5995559
German_Bank_2010,LP02,LP02_257203457,https://www.frdr-dfdr.ca/repo/files/9/published/publication_961/submitted_data/01_Data/images/German_Bank_2010/LP02/LP02_257203457.JPG,[0],test,-66.4176141,43.59950027
German_Bank_2010,LP02,LP02_257203513,https://www.frdr-dfdr.ca/repo/files/9/published/publication_961/submitted_data/01_Data/images/German_Bank_2010/LP02/LP02_257203513.JPG,[0],test,-66.41740133,43.59944533
German_Bank_2010,LP03,LP03_257213211,https://www.frdr-dfdr.ca/repo/files/9/published/publication_961/submitted_data/01_Data/images/German_Bank_2010/LP03/LP03_257213211.JPG,[2],train,-66.35245958,43.59642994
German_Bank_2010,LP03,LP03_257213218,https://www.frdr-dfdr.ca/repo/files/9/published/publication_961/submitted_data/01_Data/images/German_Bank_2010/LP03/LP03_257213218.JPG,[2],train,-66.35240727,43.59649295
German_Bank_2010,LP03,LP03_257213227,https://www.frdr-dfdr.ca/repo/files/9/published/publication_961/submitted_data/01_Data/images/German_Bank_2010/LP03/LP03_257213227.JPG,[2],train,-66.35234464,43.59656794
German_Bank_2010,LP03,LP03_257213243,https://www.frdr-dfdr.ca/repo/files/9/published/publication_961/submitted_data/01_Data/images/German_Bank_2010/LP03/LP03_257213243.JPG,[2],train,-66.35222462,43.59671036
German_Bank_2010,LP03,LP03_257213259,https://www.frdr-dfdr.ca/repo/files/9/published/publication_961/submitted_data/01_Data/images/German_Bank_2010/LP03/LP03_257213259.JPG,[2],train,-66.35211034,43.5968457
German_Bank_2010,LP03,LP03_257213314,https://www.frdr-dfdr.ca/repo/files/9/published/publication_961/submitted_data/01_Data/images/German_Bank_2010/LP03/LP03_257213314.JPG,[2],train,-66.35200025,43.59697699
German_Bank_2010,LP03,LP03_257213320,https://www.frdr-dfdr.ca/repo/files/9/published/publication_961/submitted_data/01_Data/images/German_Bank_2010/LP03/LP03_257213320.JPG,[2],train,-66.35195564,43.59703055
German_Bank_2010,LP03,LP03_257213326,https://www.frdr-dfdr.ca/repo/files/9/published/publication_961/submitted_data/01_Data/images/German_Bank_2010/LP03/LP03_257213326.JPG,[2],train,-66.35191867,43.59707486
German_Bank_2010,LP03,LP03_257213331,https://www.frdr-dfdr.ca/repo/files/9/published/publication_961/submitted_data/01_Data/images/German_Bank_2010/LP03/LP03_257213331.JPG,[2],train,-66.35188014,43.59712088
German_Bank_2010,LP03,LP03_257213337,https://www.frdr-dfdr.ca/repo/files/9/published/publication_961/submitted_data/01_Data/images/German_Bank_2010/LP03/LP03_257213337.JPG,[2],train,-66.35183134,43.59717937
German_Bank_2010,LP03,LP03_257213345,https://www.frdr-dfdr.ca/repo/files/9/published/publication_961/submitted_data/01_Data/images/German_Bank_2010/LP03/LP03_257213345.JPG,[0],train,-66.3517735,43.59724848
German_Bank_2010,LP03,LP03_257213401,https://www.frdr-dfdr.ca/repo/files/9/published/publication_961/submitted_data/01_Data/images/German_Bank_2010/LP03/LP03_257213401.JPG,[0],train,-66.35165695,43.59738637
German_Bank_2010,LP03,LP03_257213417,https://www.frdr-dfdr.ca/repo/files/9/published/publication_961/submitted_data/01_Data/images/German_Bank_2010/LP03/LP03_257213417.JPG,[0],train,-66.35155188,43.59751112
German_Bank_2010,LP03,LP03_257213433,https://www.frdr-dfdr.ca/repo/files/9/published/publication_961/submitted_data/01_Data/images/German_Bank_2010/LP03/LP03_257213433.JPG,[0],train,-66.35142961,43.59765689
German_Bank_2010,LP03,LP03_257213449,https://www.frdr-dfdr.ca/repo/files/9/published/publication_961/submitted_data/01_Data/images/German_Bank_2010/LP03/LP03_257213449.JPG,[0],train,-66.35130935,43.59780135
German_Bank_2010,LP03,LP03_257213505,https://www.frdr-dfdr.ca/repo/files/9/published/publication_961/submitted_data/01_Data/images/German_Bank_2010/LP03/LP03_257213505.JPG,[0],train,-66.35119097,43.59794355
German_Bank_2010,LP03,LP03_257213521,https://www.frdr-dfdr.ca/repo/files/9/published/publication_961/submitted_data/01_Data/images/German_Bank_2010/LP03/LP03_257213521.JPG,[3],train,-66.3510723,43.5980862
German_Bank_2010,LP03,LP03_257213536,https://www.frdr-dfdr.ca/repo/files/9/published/publication_961/submitted_data/01_Data/images/German_Bank_2010/LP03/LP03_257213536.JPG,[3],train,-66.35095774,43.59822357
German_Bank_2010,LP03,LP03_257213552,https://www.frdr-dfdr.ca/repo/files/9/published/publication_961/submitted_data/01_Data/images/German_Bank_2010/LP03/LP03_257213552.JPG,[3],train,-66.35083171,43.59837336
German_Bank_2010,LP03,LP03_257213608,https://www.frdr-dfdr.ca/repo/files/9/published/publication_961/submitted_data/01_Data/images/German_Bank_2010/LP03/LP03_257213608.JPG,[3],train,-66.35071965,43.59850469
German_Bank_2010,LP03,LP03_257213624,https://www.frdr-dfdr.ca/repo/files/9/published/publication_961/submitted_data/01_Data/images/German_Bank_2010/LP03/LP03_257213624.JPG,[3],train,-66.3505952,43.59865064
German_Bank_2010,LP03,LP03_257213640,https://www.frdr-dfdr.ca/repo/files/9/published/publication_961/submitted_data/01_Data/images/German_Bank_2010/LP03/LP03_257213640.JPG,[0],train,-66.35047144,43.5987966
German_Bank_2010,LP03,LP03_257213656,https://www.frdr-dfdr.ca/repo/files/9/published/publication_961/submitted_data/01_Data/images/German_Bank_2010/LP03/LP03_257213656.JPG,[2],train,-66.35034309,43.59894771
German_Bank_2010,LP03,LP03_257213712,https://www.frdr-dfdr.ca/repo/files/9/published/publication_961/submitted_data/01_Data/images/German_Bank_2010/LP03/LP03_257213712.JPG,[2],train,-66.35021235,43.59909911
German_Bank_2010,LP03,LP03_257213728,https://www.frdr-dfdr.ca/repo/files/9/published/publication_961/submitted_data/01_Data/images/German_Bank_2010/LP03/LP03_257213728.JPG,[0],train,-66.35009349,43.59923486
German_Bank_2010,LP03,LP03_257213743,https://www.frdr-dfdr.ca/repo/files/9/published/publication_961/submitted_data/01_Data/images/German_Bank_2010/LP03/LP03_257213743.JPG,[0],train,-66.34997661,43.59936727
German_Bank_2010,LP03,LP03_257213759,https://www.frdr-dfdr.ca/repo/files/9/published/publication_961/submitted_data/01_Data/images/German_Bank_2010/LP03/LP03_257213759.JPG,[0],train,-66.34984862,43.59951216
German_Bank_2010,LP03,LP03_257213815,https://www.frdr-dfdr.ca/repo/files/9/published/publication_961/submitted_data/01_Data/images/German_Bank_2010/LP03/LP03_257213815.JPG,[0],train,-66.34972239,43.59965535
German_Bank_2010,LP03,LP03_257213831,https://www.frdr-dfdr.ca/repo/files/9/published/publication_961/submitted_data/01_Data/images/German_Bank_2010/LP03/LP03_257213831.JPG,[0],train,-66.34959662,43.5997993
German_Bank_2010,LP03,LP03_257213847,https://www.frdr-dfdr.ca/repo/files/9/published/publication_961/submitted_data/01_Data/images/German_Bank_2010/LP03/LP03_257213847.JPG,[0],train,-66.34947852,43.59993586
German_Bank_2010,LP03,LP03_257213903,https://www.frdr-dfdr.ca/repo/files/9/published/publication_961/submitted_data/01_Data/images/German_Bank_2010/LP03/LP03_257213903.JPG,[0],dropped,-66.34935927,43.60007468
German_Bank_2010,LP03,LP03_257213919,https://www.frdr-dfdr.ca/repo/files/9/published/publication_961/submitted_data/01_Data/images/German_Bank_2010/LP03/LP03_257213919.JPG,[0],dropped,-66.34924407,43.60021009
German_Bank_2010,LP03,LP03_257213934,https://www.frdr-dfdr.ca/repo/files/9/published/publication_961/submitted_data/01_Data/images/German_Bank_2010/LP03/LP03_257213934.JPG,[0],test,-66.34913349,43.6003419
German_Bank_2010,LP03,LP03_257213950,https://www.frdr-dfdr.ca/repo/files/9/published/publication_961/submitted_data/01_Data/images/German_Bank_2010/LP03/LP03_257213950.JPG,[2],test,-66.34901837,43.60048018
German_Bank_2010,LP03,LP03_257214006,https://www.frdr-dfdr.ca/repo/files/9/published/publication_961/submitted_data/01_Data/images/German_Bank_2010/LP03/LP03_257214006.JPG,[2],test,-66.34890052,43.6006205
German_Bank_2010,LP03,LP03_257214022,https://www.frdr-dfdr.ca/repo/files/9/published/publication_961/submitted_data/01_Data/images/German_Bank_2010/LP03/LP03_257214022.JPG,[0],test,-66.34878117,43.60076075
German_Bank_2010,LP03,LP03_257214038,https://www.frdr-dfdr.ca/repo/files/9/published/publication_961/submitted_data/01_Data/images/German_Bank_2010/LP03/LP03_257214038.JPG,[0],dropped,-66.34866626,43.60089418
German_Bank_2010,LP03,LP03_257214054,https://www.frdr-dfdr.ca/repo/files/9/published/publication_961/submitted_data/01_Data/images/German_Bank_2010/LP03/LP03_257214054.JPG,[0],dropped,-66.34854946,43.6010301
German_Bank_2010,LP03,LP03_257214110,https://www.frdr-dfdr.ca/repo/files/9/published/publication_961/submitted_data/01_Data/images/German_Bank_2010/LP03/LP03_257214110.JPG,[0],train,-66.34843374,43.60116503
German_Bank_2010,LP03,LP03_257214125,https://www.frdr-dfdr.ca/repo/files/9/published/publication_961/submitted_data/01_Data/images/German_Bank_2010/LP03/LP03_257214125.JPG,[0],train,-66.34832377,43.6012929
German_Bank_2010,LP03,LP03_257214141,https://www.frdr-dfdr.ca/repo/files/9/published/publication_961/submitted_data/01_Data/images/German_Bank_2010/LP03/LP03_257214141.JPG,[0],train,-66.34820703,43.60142744
German_Bank_2010,LP03,LP03_257214157,https://www.frdr-dfdr.ca/repo/files/9/published/publication_961/submitted_data/01_Data/images/German_Bank_2010/LP03/LP03_257214157.JPG,[0],train,-66.34808837,43.60156269
German_Bank_2010,LP03,LP03_257214213,https://www.frdr-dfdr.ca/repo/files/9/published/publication_961/submitted_data/01_Data/images/German_Bank_2010/LP03/LP03_257214213.JPG,[0],train,-66.34796518,43.601702
German_Bank_2010,LP03,LP03_257214229,https://www.frdr-dfdr.ca/repo/files/9/published/publication_961/submitted_data/01_Data/images/German_Bank_2010/LP03/LP03_257214229.JPG,[0],train,-66.34784174,43.6018412
German_Bank_2010,LP03,LP03_257214245,https://www.frdr-dfdr.ca/repo/files/9/published/publication_961/submitted_data/01_Data/images/German_Bank_2010/LP03/LP03_257214245.JPG,[0],train,-66.34772538,43.60197347
German_Bank_2010,LP03,LP03_257214301,https://www.frdr-dfdr.ca/repo/files/9/published/publication_961/submitted_data/01_Data/images/German_Bank_2010/LP03/LP03_257214301.JPG,[2],train,-66.34760681,43.60211
German_Bank_2010,LP03,LP03_257214317,https://www.frdr-dfdr.ca/repo/files/9/published/publication_961/submitted_data/01_Data/images/German_Bank_2010/LP03/LP03_257214317.JPG,[0],train,-66.34748677,43.6022492
German_Bank_2010,LP03,LP03_257214332,https://www.frdr-dfdr.ca/repo/files/9/published/publication_961/submitted_data/01_Data/images/German_Bank_2010/LP03/LP03_257214332.JPG,[0],train,-66.34737814,43.60237564
German_Bank_2010,LP03,LP03_257214349,https://www.frdr-dfdr.ca/repo/files/9/published/publication_961/submitted_data/01_Data/images/German_Bank_2010/LP03/LP03_257214349.JPG,[0],train,-66.34724849,43.60252557
German_Bank_2010,LP03,LP03_257214404,https://www.frdr-dfdr.ca/repo/files/9/published/publication_961/submitted_data/01_Data/images/German_Bank_2010/LP03/LP03_257214404.JPG,[0],train,-66.347132,43.6026586
German_Bank_2010,LP03,LP03_257214420,https://www.frdr-dfdr.ca/repo/files/9/published/publication_961/submitted_data/01_Data/images/German_Bank_2010/LP03/LP03_257214420.JPG,[0],train,-66.34700566,43.60280184
German_Bank_2010,LP03,LP03_257214436,https://www.frdr-dfdr.ca/repo/files/9/published/publication_961/submitted_data/01_Data/images/German_Bank_2010/LP03/LP03_257214436.JPG,[0],train,-66.34688749,43.60293539
German_Bank_2010,LP03,LP03_257214452,https://www.frdr-dfdr.ca/repo/files/9/published/publication_961/submitted_data/01_Data/images/German_Bank_2010/LP03/LP03_257214452.JPG,[0],train,-66.34676373,43.60307514
German_Bank_2010,LP03,LP03_257214508,https://www.frdr-dfdr.ca/repo/files/9/published/publication_961/submitted_data/01_Data/images/German_Bank_2010/LP03/LP03_257214508.JPG,[0],train,-66.34664035,43.60321461
German_Bank_2010,LP04,LP04_261100446,https://www.frdr-dfdr.ca/repo/files/9/published/publication_961/submitted_data/01_Data/images/German_Bank_2010/LP04/LP04_261100446.JPG,[4],train,-66.20894794,43.55614693
German_Bank_2010,LP04,LP04_261100502,https://www.frdr-dfdr.ca/repo/files/9/published/publication_961/submitted_data/01_Data/images/German_Bank_2010/LP04/LP04_261100502.JPG,[4],train,-66.2091062,43.55603522
German_Bank_2010,LP04,LP04_261100518,https://www.frdr-dfdr.ca/repo/files/9/published/publication_961/submitted_data/01_Data/images/German_Bank_2010/LP04/LP04_261100518.JPG,[4],train,-66.20924979,43.55594097
German_Bank_2010,LP04,LP04_261100533,https://www.frdr-dfdr.ca/repo/files/9/published/publication_961/submitted_data/01_Data/images/German_Bank_2010/LP04/LP04_261100533.JPG,[4],train,-66.20941009,43.55584258
German_Bank_2010,LP04,LP04_261100549,https://www.frdr-dfdr.ca/repo/files/9/published/publication_961/submitted_data/01_Data/images/German_Bank_2010/LP04/LP04_261100549.JPG,[4],train,-66.209584,43.55574229
German_Bank_2010,LP04,LP04_261100605,https://www.frdr-dfdr.ca/repo/files/9/published/publication_961/submitted_data/01_Data/images/German_Bank_2010/LP04/LP04_261100605.JPG,[4],train,-66.20974661,43.55565257
German_Bank_2010,LP04,LP04_261100621,https://www.frdr-dfdr.ca/repo/files/9/published/publication_961/submitted_data/01_Data/images/German_Bank_2010/LP04/LP04_261100621.JPG,[4],train,-66.20991971,43.55555881
German_Bank_2010,LP04,LP04_261100637,https://www.frdr-dfdr.ca/repo/files/9/published/publication_961/submitted_data/01_Data/images/German_Bank_2010/LP04/LP04_261100637.JPG,[4],train,-66.2100943,43.55546659
German_Bank_2010,LP04,LP04_261100653,https://www.frdr-dfdr.ca/repo/files/9/published/publication_961/submitted_data/01_Data/images/German_Bank_2010/LP04/LP04_261100653.JPG,[4],train,-66.21027346,43.55537284
German_Bank_2010,LP04,LP04_261100709,https://www.frdr-dfdr.ca/repo/files/9/published/publication_961/submitted_data/01_Data/images/German_Bank_2010/LP04/LP04_261100709.JPG,[4],train,-66.21044424,43.55528277
German_Bank_2010,LP04,LP04_261100725,https://www.frdr-dfdr.ca/repo/files/9/published/publication_961/submitted_data/01_Data/images/German_Bank_2010/LP04/LP04_261100725.JPG,[4],train,-66.21062269,43.55518772
German_Bank_2010,LP04,LP04_261100740,https://www.frdr-dfdr.ca/repo/files/9/published/publication_961/submitted_data/01_Data/images/German_Bank_2010/LP04/LP04_261100740.JPG,[4],train,-66.21079021,43.55509909
German_Bank_2010,LP04,LP04_261100756,https://www.frdr-dfdr.ca/repo/files/9/published/publication_961/submitted_data/01_Data/images/German_Bank_2010/LP04/LP04_261100756.JPG,[4],train,-66.21097509,43.55500214
German_Bank_2010,LP04,LP04_261100812,https://www.frdr-dfdr.ca/repo/files/9/published/publication_961/submitted_data/01_Data/images/German_Bank_2010/LP04/LP04_261100812.JPG,[4],train,-66.21113495,43.55491708
German_Bank_2010,LP04,LP04_261100828,https://www.frdr-dfdr.ca/repo/files/9/published/publication_961/submitted_data/01_Data/images/German_Bank_2010/LP04/LP04_261100828.JPG,[4],train,-66.21130196,43.55482995
German_Bank_2010,LP04,LP04_261100844,https://www.frdr-dfdr.ca/repo/files/9/published/publication_961/submitted_data/01_Data/images/German_Bank_2010/LP04/LP04_261100844.JPG,[4],train,-66.21149042,43.55473252
German_Bank_2010,LP04,LP04_261100900,https://www.frdr-dfdr.ca/repo/files/9/published/publication_961/submitted_data/01_Data/images/German_Bank_2010/LP04/LP04_261100900.JPG,[4],train,-66.21166607,43.5546429
German_Bank_2010,LP04,LP04_261100916,https://www.frdr-dfdr.ca/repo/files/9/published/publication_961/submitted_data/01_Data/images/German_Bank_2010/LP04/LP04_261100916.JPG,[4],train,-66.21183499,43.55455645
German_Bank_2010,LP04,LP04_261100931,https://www.frdr-dfdr.ca/repo/files/9/published/publication_961/submitted_data/01_Data/images/German_Bank_2010/LP04/LP04_261100931.JPG,[4],train,-66.21200183,43.55447052
German_Bank_2010,LP04,LP04_261100945,https://www.frdr-dfdr.ca/repo/files/9/published/publication_961/submitted_data/01_Data/images/German_Bank_2010/LP04/LP04_261100945.JPG,[4],train,-66.21215065,43.55439483
German_Bank_2010,LP04,LP04_261100951,https://www.frdr-dfdr.ca/repo/files/9/published/publication_961/submitted_data/01_Data/images/German_Bank_2010/LP04/LP04_261100951.JPG,[4],train,-66.21220757,43.55436642
German_Bank_2010,LP04,LP04_261101001,https://www.frdr-dfdr.ca/repo/files/9/published/publication_961/submitted_data/01_Data/images/German_Bank_2010/LP04/LP04_261101001.JPG,[4],train,-66.21232488,43.55430815
German_Bank_2010,LP04,LP04_261101018,https://www.frdr-dfdr.ca/repo/files/9/published/publication_961/submitted_data/01_Data/images/German_Bank_2010/LP04/LP04_261101018.JPG,[4],train,-66.2125093,43.55421934
German_Bank_2010,LP04,LP04_261101024,https://www.frdr-dfdr.ca/repo/files/9/published/publication_961/submitted_data/01_Data/images/German_Bank_2010/LP04/LP04_261101024.JPG,[4],train,-66.21257476,43.5541882
German_Bank_2010,LP04,LP04_261101034,https://www.frdr-dfdr.ca/repo/files/9/published/publication_961/submitted_data/01_Data/images/German_Bank_2010/LP04/LP04_261101034.JPG,[4],train,-66.21269146,43.55413243
German_Bank_2010,LP04,LP04_261101050,https://www.frdr-dfdr.ca/repo/files/9/published/publication_961/submitted_data/01_Data/images/German_Bank_2010/LP04/LP04_261101050.JPG,[4],train,-66.2128611,43.55405159
German_Bank_2010,LP04,LP04_261101106,https://www.frdr-dfdr.ca/repo/files/9/published/publication_961/submitted_data/01_Data/images/German_Bank_2010/LP04/LP04_261101106.JPG,[4],train,-66.21304231,43.5539645
German_Bank_2010,LP04,LP04_261101122,https://www.frdr-dfdr.ca/repo/files/9/published/publication_961/submitted_data/01_Data/images/German_Bank_2010/LP04/LP04_261101122.JPG,[4],train,-66.21323768,43.55387218
German_Bank_2010,LP04,LP04_261101137,https://www.frdr-dfdr.ca/repo/files/9/published/publication_961/submitted_data/01_Data/images/German_Bank_2010/LP04/LP04_261101137.JPG,[4],train,-66.21343485,43.55378648
German_Bank_2010,LP04,LP04_261101145,https://www.frdr-dfdr.ca/repo/files/9/published/publication_961/submitted_data/01_Data/images/German_Bank_2010/LP04/LP04_261101145.JPG,[4],dropped,-66.21355853,43.5537369
German_Bank_2010,LP04,LP04_261101153,https://www.frdr-dfdr.ca/repo/files/9/published/publication_961/submitted_data/01_Data/images/German_Bank_2010/LP04/LP04_261101153.JPG,[4],dropped,-66.21366629,43.55369611
German_Bank_2010,LP04,LP04_261101209,https://www.frdr-dfdr.ca/repo/files/9/published/publication_961/submitted_data/01_Data/images/German_Bank_2010/LP04/LP04_261101209.JPG,[4],dropped,-66.21388648,43.5536162
German_Bank_2010,LP04,LP04_261101215,https://www.frdr-dfdr.ca/repo/files/9/published/publication_961/submitted_data/01_Data/images/German_Bank_2010/LP04/LP04_261101215.JPG,[4],dropped,-66.21397622,43.55358463
German_Bank_2010,LP04,LP04_261101220,https://www.frdr-dfdr.ca/repo/files/9/published/publication_961/submitted_data/01_Data/images/German_Bank_2010/LP04/LP04_261101220.JPG,[4],test,-66.21404494,43.55356056
German_Bank_2010,LP04,LP04_261101225,https://www.frdr-dfdr.ca/repo/files/9/published/publication_961/submitted_data/01_Data/images/German_Bank_2010/LP04/LP04_261101225.JPG,[4],test,-66.21412222,43.55353402
German_Bank_2010,LP04,LP04_261101231,https://www.frdr-dfdr.ca/repo/files/9/published/publication_961/submitted_data/01_Data/images/German_Bank_2010/LP04/LP04_261101231.JPG,[4],test,-66.21420495,43.55350582
German_Bank_2010,LP04,LP04_261101240,https://www.frdr-dfdr.ca/repo/files/9/published/publication_961/submitted_data/01_Data/images/German_Bank_2010/LP04/LP04_261101240.JPG,[4],test,-66.2143263,43.55346543
German_Bank_2010,LP04,LP04_261101256,https://www.frdr-dfdr.ca/repo/files/9/published/publication_961/submitted_data/01_Data/images/German_Bank_2010/LP04/LP04_261101256.JPG,[4],test,-66.21456345,43.55338945
German_Bank_2010,LP04,LP04_261101307,https://www.frdr-dfdr.ca/repo/files/9/published/publication_961/submitted_data/01_Data/images/German_Bank_2010/LP04/LP04_261101307.JPG,[4],test,-66.21472492,43.55333904
German_Bank_2010,LP04,LP04_261101312,https://www.frdr-dfdr.ca/repo/files/9/published/publication_961/submitted_data/01_Data/images/German_Bank_2010/LP04/LP04_261101312.JPG,[4],test,-66.21480061,43.55331545
German_Bank_2010,LP04,LP04_261101327,https://www.frdr-dfdr.ca/repo/files/9/published/publication_961/submitted_data/01_Data/images/German_Bank_2010/LP04/LP04_261101327.JPG,[4],test,-66.21500977,43.55325141
German_Bank_2010,LP04,LP04_261101339,https://www.frdr-dfdr.ca/repo/files/9/published/publication_961/submitted_data/01_Data/images/German_Bank_2010/LP04/LP04_261101339.JPG,[4],test,-66.21518386,43.55319759
German_Bank_2010,LP04,LP04_261101343,https://www.frdr-dfdr.ca/repo/files/9/published/publication_961/submitted_data/01_Data/images/German_Bank_2010/LP04/LP04_261101343.JPG,[4],test,-66.21525375,43.55317594
German_Bank_2010,LP04,LP04_261101349,https://www.frdr-dfdr.ca/repo/files/9/published/publication_961/submitted_data/01_Data/images/German_Bank_2010/LP04/LP04_261101349.JPG,[4],test,-66.21534088,43.55314876
German_Bank_2010,LP04,LP04_261101358,https://www.frdr-dfdr.ca/repo/files/9/published/publication_961/submitted_data/01_Data/images/German_Bank_2010/LP04/LP04_261101358.JPG,[4],test,-66.21547681,43.55310631
German_Bank_2010,LP04,LP04_261101414,https://www.frdr-dfdr.ca/repo/files/9/published/publication_961/submitted_data/01_Data/images/German_Bank_2010/LP04/LP04_261101414.JPG,[4],test,-66.21572268,43.55303129
German_Bank_2010,LP04,LP04_261101430,https://www.frdr-dfdr.ca/repo/files/9/published/publication_961/submitted_data/01_Data/images/German_Bank_2010/LP04/LP04_261101430.JPG,[4],test,-66.21597908,43.55295626
German_Bank_2010,LP04,LP04_261101436,https://www.frdr-dfdr.ca/repo/files/9/published/publication_961/submitted_data/01_Data/images/German_Bank_2010/LP04/LP04_261101436.JPG,[4],test,-66.21608188,43.55292833
German_Bank_2010,LP04,LP04_261101445,https://www.frdr-dfdr.ca/repo/files/9/published/publication_961/submitted_data/01_Data/images/German_Bank_2010/LP04/LP04_261101445.JPG,[4],dropped,-66.21623254,43.55288995
German_Bank_2010,LP04,LP04_261101453,https://www.frdr-dfdr.ca/repo/files/9/published/publication_961/submitted_data/01_Data/images/German_Bank_2010/LP04/LP04_261101453.JPG,[4],dropped,-66.21637795,43.55285615
German_Bank_2010,LP04,LP04_261101501,https://www.frdr-dfdr.ca/repo/files/9/published/publication_961/submitted_data/01_Data/images/German_Bank_2010/LP04/LP04_261101501.JPG,[4],dropped,-66.21654384,43.55282183
German_Bank_2010,LP04,LP04_261101517,https://www.frdr-dfdr.ca/repo/files/9/published/publication_961/submitted_data/01_Data/images/German_Bank_2010/LP04/LP04_261101517.JPG,[4],train,-66.21684802,43.55277251
German_Bank_2010,LP04,LP04_261101533,https://www.frdr-dfdr.ca/repo/files/9/published/publication_961/submitted_data/01_Data/images/German_Bank_2010/LP04/LP04_261101533.JPG,[4],train,-66.21716791,43.5527398
German_Bank_2010,LP04,LP04_261101549,https://www.frdr-dfdr.ca/repo/files/9/published/publication_961/submitted_data/01_Data/images/German_Bank_2010/LP04/LP04_261101549.JPG,[4],train,-66.21747552,43.55271729
German_Bank_2010,LP04,LP04_261101604,https://www.frdr-dfdr.ca/repo/files/9/published/publication_961/submitted_data/01_Data/images/German_Bank_2010/LP04/LP04_261101604.JPG,[4],train,-66.21773882,43.55269663
German_Bank_2010,LP04,LP04_261101620,https://www.frdr-dfdr.ca/repo/files/9/published/publication_961/submitted_data/01_Data/images/German_Bank_2010/LP04/LP04_261101620.JPG,[4],train,-66.21803883,43.55267015
German_Bank_2010,LP04,LP04_261101636,https://www.frdr-dfdr.ca/repo/files/9/published/publication_961/submitted_data/01_Data/images/German_Bank_2010/LP04/LP04_261101636.JPG,[4],train,-66.21832613,43.55264323
German_Bank_2010,LP04,LP04_261101651,https://www.frdr-dfdr.ca/repo/files/9/published/publication_961/submitted_data/01_Data/images/German_Bank_2010/LP04/LP04_261101651.JPG,[4],train,-66.21860558,43.55261519
German_Bank_2010,LP04,LP04_261101707,https://www.frdr-dfdr.ca/repo/files/9/published/publication_961/submitted_data/01_Data/images/German_Bank_2010/LP04/LP04_261101707.JPG,[4],train,-66.21891159,43.55258386
German_Bank_2010,LP04,LP04_261101723,https://www.frdr-dfdr.ca/repo/files/9/published/publication_961/submitted_data/01_Data/images/German_Bank_2010/LP04/LP04_261101723.JPG,[4],train,-66.21921392,43.55255734
German_Bank_2010,LP04,LP04_261101736,https://www.frdr-dfdr.ca/repo/files/9/published/publication_961/submitted_data/01_Data/images/German_Bank_2010/LP04/LP04_261101736.JPG,[4],train,-66.21946624,43.55254127
German_Bank_2010,LP04,LP04_261101739,https://www.frdr-dfdr.ca/repo/files/9/published/publication_961/submitted_data/01_Data/images/German_Bank_2010/LP04/LP04_261101739.JPG,[4],train,-66.21952528,43.55253834
German_Bank_2010,LP04,LP04_261101754,https://www.frdr-dfdr.ca/repo/files/9/published/publication_961/submitted_data/01_Data/images/German_Bank_2010/LP04/LP04_261101754.JPG,[4],train,-66.21982241,43.55252558
German_Bank_2010,LP04,LP04_261101810,https://www.frdr-dfdr.ca/repo/files/9/published/publication_961/submitted_data/01_Data/images/German_Bank_2010/LP04/LP04_261101810.JPG,[4],train,-66.22016201,43.5525144
German_Bank_2010,LP05,LP05_261103204,https://www.frdr-dfdr.ca/repo/files/9/published/publication_961/submitted_data/01_Data/images/German_Bank_2010/LP05/LP05_261103204.JPG,[2],test,-66.23543624,43.5544501
German_Bank_2010,LP05,LP05_261103220,https://www.frdr-dfdr.ca/repo/files/9/published/publication_961/submitted_data/01_Data/images/German_Bank_2010/LP05/LP05_261103220.JPG,[3],test,-66.23566492,43.55448008
German_Bank_2010,LP05,LP05_261103235,https://www.frdr-dfdr.ca/repo/files/9/published/publication_961/submitted_data/01_Data/images/German_Bank_2010/LP05/LP05_261103235.JPG,[3],test,-66.23588649,43.55450683
German_Bank_2010,LP05,LP05_261103251,https://www.frdr-dfdr.ca/repo/files/9/published/publication_961/submitted_data/01_Data/images/German_Bank_2010/LP05/LP05_261103251.JPG,[3],test,-66.23610774,43.55453201
German_Bank_2010,LP05,LP05_261103307,https://www.frdr-dfdr.ca/repo/files/9/published/publication_961/submitted_data/01_Data/images/German_Bank_2010/LP05/LP05_261103307.JPG,[3],test,-66.23635069,43.55455768
German_Bank_2010,LP05,LP05_261103323,https://www.frdr-dfdr.ca/repo/files/9/published/publication_961/submitted_data/01_Data/images/German_Bank_2010/LP05/LP05_261103323.JPG,[3],test,-66.23657347,43.55458031
German_Bank_2010,LP05,LP05_261103339,https://www.frdr-dfdr.ca/repo/files/9/published/publication_961/submitted_data/01_Data/images/German_Bank_2010/LP05/LP05_261103339.JPG,[3],dropped,-66.23682383,43.55460536
German_Bank_2010,LP05,LP05_261103355,https://www.frdr-dfdr.ca/repo/files/9/published/publication_961/submitted_data/01_Data/images/German_Bank_2010/LP05/LP05_261103355.JPG,[3],dropped,-66.23705985,43.55462853
German_Bank_2010,LP05,LP05_261103411,https://www.frdr-dfdr.ca/repo/files/9/published/publication_961/submitted_data/01_Data/images/German_Bank_2010/LP05/LP05_261103411.JPG,[3],train,-66.23727971,43.5546492
German_Bank_2010,LP05,LP05_261103427,https://www.frdr-dfdr.ca/repo/files/9/published/publication_961/submitted_data/01_Data/images/German_Bank_2010/LP05/LP05_261103427.JPG,[3],train,-66.23752009,43.55467122
German_Bank_2010,LP05,LP05_261103442,https://www.frdr-dfdr.ca/repo/files/9/published/publication_961/submitted_data/01_Data/images/German_Bank_2010/LP05/LP05_261103442.JPG,[3],train,-66.23774449,43.55469077
German_Bank_2010,LP05,LP05_261103458,https://www.frdr-dfdr.ca/repo/files/9/published/publication_961/submitted_data/01_Data/images/German_Bank_2010/LP05/LP05_261103458.JPG,[3],train,-66.23798238,43.55471147
German_Bank_2010,LP05,LP05_261103514,https://www.frdr-dfdr.ca/repo/files/9/published/publication_961/submitted_data/01_Data/images/German_Bank_2010/LP05/LP05_261103514.JPG,[3],train,-66.23822281,43.55473182
German_Bank_2010,LP05,LP05_261103530,https://www.frdr-dfdr.ca/repo/files/9/published/publication_961/submitted_data/01_Data/images/German_Bank_2010/LP05/LP05_261103530.JPG,[3],train,-66.23845554,43.55475066
German_Bank_2010,LP05,LP05_261103546,https://www.frdr-dfdr.ca/repo/files/9/published/publication_961/submitted_data/01_Data/images/German_Bank_2010/LP05/LP05_261103546.JPG,[3],train,-66.23870305,43.55477085
German_Bank_2010,LP05,LP05_261103602,https://www.frdr-dfdr.ca/repo/files/9/published/publication_961/submitted_data/01_Data/images/German_Bank_2010/LP05/LP05_261103602.JPG,[3],train,-66.2389479,43.55479064
German_Bank_2010,LP05,LP05_261103618,https://www.frdr-dfdr.ca/repo/files/9/published/publication_961/submitted_data/01_Data/images/German_Bank_2010/LP05/LP05_261103618.JPG,[2],train,-66.23919913,43.55481089
German_Bank_2010,LP05,LP05_261103634,https://www.frdr-dfdr.ca/repo/files/9/published/publication_961/submitted_data/01_Data/images/German_Bank_2010/LP05/LP05_261103634.JPG,[3],train,-66.23942975,43.5548291
German_Bank_2010,LP05,LP05_261103649,https://www.frdr-dfdr.ca/repo/files/9/published/publication_961/submitted_data/01_Data/images/German_Bank_2010/LP05/LP05_261103649.JPG,[3],train,-66.23964372,43.55484593
German_Bank_2010,LP05,LP05_261103705,https://www.frdr-dfdr.ca/repo/files/9/published/publication_961/submitted_data/01_Data/images/German_Bank_2010/LP05/LP05_261103705.JPG,[3],train,-66.23988774,43.55486543
German_Bank_2010,LP05,LP05_261103721,https://www.frdr-dfdr.ca/repo/files/9/published/publication_961/submitted_data/01_Data/images/German_Bank_2010/LP05/LP05_261103721.JPG,[3],train,-66.24012589,43.5548851
German_Bank_2010,LP05,LP05_261103737,https://www.frdr-dfdr.ca/repo/files/9/published/publication_961/submitted_data/01_Data/images/German_Bank_2010/LP05/LP05_261103737.JPG,[3],train,-66.24036101,43.55490354
German_Bank_2010,LP05,LP05_261103753,https://www.frdr-dfdr.ca/repo/files/9/published/publication_961/submitted_data/01_Data/images/German_Bank_2010/LP05/LP05_261103753.JPG,[2],train,-66.24058549,43.55492092
German_Bank_2010,LP05,LP05_261103809,https://www.frdr-dfdr.ca/repo/files/9/published/publication_961/submitted_data/01_Data/images/German_Bank_2010/LP05/LP05_261103809.JPG,[3],train,-66.24083992,43.55494135
German_Bank_2010,LP05,LP05_261103825,https://www.frdr-dfdr.ca/repo/files/9/published/publication_961/submitted_data/01_Data/images/German_Bank_2010/LP05/LP05_261103825.JPG,[3],train,-66.241072,43.55496176
German_Bank_2010,LP05,LP05_261103841,https://www.frdr-dfdr.ca/repo/files/9/published/publication_961/submitted_data/01_Data/images/German_Bank_2010/LP05/LP05_261103841.JPG,[3],train,-66.24131061,43.55498277
German_Bank_2010,LP05,LP05_261103856,https://www.frdr-dfdr.ca/repo/files/9/published/publication_961/submitted_data/01_Data/images/German_Bank_2010/LP05/LP05_261103856.JPG,[3],train,-66.24154386,43.55500356
German_Bank_2010,LP05,LP05_261103912,https://www.frdr-dfdr.ca/repo/files/9/published/publication_961/submitted_data/01_Data/images/German_Bank_2010/LP05/LP05_261103912.JPG,[3],train,-66.24177483,43.55502406
German_Bank_2010,LP05,LP05_261103928,https://www.frdr-dfdr.ca/repo/files/9/published/publication_961/submitted_data/01_Data/images/German_Bank_2010/LP05/LP05_261103928.JPG,[2],train,-66.24200836,43.55504545
German_Bank_2010,LP05,LP05_261103944,https://www.frdr-dfdr.ca/repo/files/9/published/publication_961/submitted_data/01_Data/images/German_Bank_2010/LP05/LP05_261103944.JPG,[2],train,-66.24223997,43.55506676
German_Bank_2010,LP05,LP05_261104000,https://www.frdr-dfdr.ca/repo/files/9/published/publication_961/submitted_data/01_Data/images/German_Bank_2010/LP05/LP05_261104000.JPG,[2],train,-66.24248426,43.55508976
German_Bank_2010,LP05,LP05_261104016,https://www.frdr-dfdr.ca/repo/files/9/published/publication_961/submitted_data/01_Data/images/German_Bank_2010/LP05/LP05_261104016.JPG,[2],train,-66.24272312,43.5551124
German_Bank_2010,LP05,LP05_261104032,https://www.frdr-dfdr.ca/repo/files/9/published/publication_961/submitted_data/01_Data/images/German_Bank_2010/LP05/LP05_261104032.JPG,[3],train,-66.24296093,43.55513375
German_Bank_2010,LP05,LP05_261104048,https://www.frdr-dfdr.ca/repo/files/9/published/publication_961/submitted_data/01_Data/images/German_Bank_2010/LP05/LP05_261104048.JPG,[3],train,-66.24316777,43.55514813
German_Bank_2010,LP05,LP05_261104103,https://www.frdr-dfdr.ca/repo/files/9/published/publication_961/submitted_data/01_Data/images/German_Bank_2010/LP05/LP05_261104103.JPG,[3],train,-66.24336851,43.5551561
German_Bank_2010,LP05,LP05_261104119,https://www.frdr-dfdr.ca/repo/files/9/published/publication_961/submitted_data/01_Data/images/German_Bank_2010/LP05/LP05_261104119.JPG,[3],train,-66.24355528,43.55515743
German_Bank_2010,LP05,LP05_261104135,https://www.frdr-dfdr.ca/repo/files/9/published/publication_961/submitted_data/01_Data/images/German_Bank_2010/LP05/LP05_261104135.JPG,[3],train,-66.24375006,43.55515426
German_Bank_2010,LP05,LP05_261104151,https://www.frdr-dfdr.ca/repo/files/9/published/publication_961/submitted_data/01_Data/images/German_Bank_2010/LP05/LP05_261104151.JPG,[3],train,-66.24397075,43.55514604
German_Bank_2010,LP05,LP05_261104207,https://www.frdr-dfdr.ca/repo/files/9/published/publication_961/submitted_data/01_Data/images/German_Bank_2010/LP05/LP05_261104207.JPG,[3],train,-66.24417444,43.55513547
German_Bank_2010,LP05,LP05_261104223,https://www.frdr-dfdr.ca/repo/files/9/published/publication_961/submitted_data/01_Data/images/German_Bank_2010/LP05/LP05_261104223.JPG,[3],train,-66.24435594,43.55512222
German_Bank_2010,LP05,LP05_261104238,https://www.frdr-dfdr.ca/repo/files/9/published/publication_961/submitted_data/01_Data/images/German_Bank_2010/LP05/LP05_261104238.JPG,[3],train,-66.2445199,43.55510419
German_Bank_2010,LP05,LP05_261104254,https://www.frdr-dfdr.ca/repo/files/9/published/publication_961/submitted_data/01_Data/images/German_Bank_2010/LP05/LP05_261104254.JPG,[3],train,-66.24470925,43.55506702
German_Bank_2010,LP05,LP05_261104310,https://www.frdr-dfdr.ca/repo/files/9/published/publication_961/submitted_data/01_Data/images/German_Bank_2010/LP05/LP05_261104310.JPG,[3],train,-66.2449538,43.55498962
German_Bank_2010,LP05,LP05_261104326,https://www.frdr-dfdr.ca/repo/files/9/published/publication_961/submitted_data/01_Data/images/German_Bank_2010/LP05/LP05_261104326.JPG,[3],train,-66.24517373,43.55488675
German_Bank_2010,LP05,LP05_261104342,https://www.frdr-dfdr.ca/repo/files/9/published/publication_961/submitted_data/01_Data/images/German_Bank_2010/LP05/LP05_261104342.JPG,[3],train,-66.24536112,43.55477007
German_Bank_2010,LP05,LP05_261104358,https://www.frdr-dfdr.ca/repo/files/9/published/publication_961/submitted_data/01_Data/images/German_Bank_2010/LP05/LP05_261104358.JPG,[3],train,-66.24552756,43.55464981
German_Bank_2010,LP05,LP05_261104414,https://www.frdr-dfdr.ca/repo/files/9/published/publication_961/submitted_data/01_Data/images/German_Bank_2010/LP05/LP05_261104414.JPG,[3],train,-66.24565385,43.55455515
German_Bank_2010,LP05,LP05_261104430,https://www.frdr-dfdr.ca/repo/files/9/published/publication_961/submitted_data/01_Data/images/German_Bank_2010/LP05/LP05_261104430.JPG,[3],train,-66.24578839,43.55445455
German_Bank_2010,LP05,LP05_261104445,https://www.frdr-dfdr.ca/repo/files/9/published/publication_961/submitted_data/01_Data/images/German_Bank_2010/LP05/LP05_261104445.JPG,[3],train,-66.24589256,43.55437725
German_Bank_2010,LP05,LP05_261104501,https://www.frdr-dfdr.ca/repo/files/9/published/publication_961/submitted_data/01_Data/images/German_Bank_2010/LP05/LP05_261104501.JPG,[3],train,-66.24604378,43.55426133
German_Bank_2010,LP05,LP05_261104517,https://www.frdr-dfdr.ca/repo/files/9/published/publication_961/submitted_data/01_Data/images/German_Bank_2010/LP05/LP05_261104517.JPG,[3],train,-66.24623352,43.55409795
German_Bank_2010,LP05,LP05_261104524,https://www.frdr-dfdr.ca/repo/files/9/published/publication_961/submitted_data/01_Data/images/German_Bank_2010/LP05/LP05_261104524.JPG,[3],train,-66.24631613,43.55401988
German_Bank_2010,LP05,LP05_261104532,https://www.frdr-dfdr.ca/repo/files/9/published/publication_961/submitted_data/01_Data/images/German_Bank_2010/LP05/LP05_261104532.JPG,[3],train,-66.24640789,43.55392823
German_Bank_2010,LP06,LP06_261111512,https://www.frdr-dfdr.ca/repo/files/9/published/publication_961/submitted_data/01_Data/images/German_Bank_2010/LP06/LP06_261111512.JPG,[3],train,-66.27003998,43.52179593
German_Bank_2010,LP06,LP06_261111528,https://www.frdr-dfdr.ca/repo/files/9/published/publication_961/submitted_data/01_Data/images/German_Bank_2010/LP06/LP06_261111528.JPG,[3],train,-66.26979588,43.5216511
German_Bank_2010,LP06,LP06_261111544,https://www.frdr-dfdr.ca/repo/files/9/published/publication_961/submitted_data/01_Data/images/German_Bank_2010/LP06/LP06_261111544.JPG,[3],train,-66.26953624,43.52149403
German_Bank_2010,LP06,LP06_261111600,https://www.frdr-dfdr.ca/repo/files/9/published/publication_961/submitted_data/01_Data/images/German_Bank_2010/LP06/LP06_261111600.JPG,[3],train,-66.26932179,43.52136141
German_Bank_2010,LP06,LP06_261111616,https://www.frdr-dfdr.ca/repo/files/9/published/publication_961/submitted_data/01_Data/images/German_Bank_2010/LP06/LP06_261111616.JPG,[3],train,-66.26916289,43.52126385
German_Bank_2010,LP06,LP06_261111632,https://www.frdr-dfdr.ca/repo/files/9/published/publication_961/submitted_data/01_Data/images/German_Bank_2010/LP06/LP06_261111632.JPG,[3],train,-66.26899674,43.52116277
German_Bank_2010,LP06,LP06_261111648,https://www.frdr-dfdr.ca/repo/files/9/published/publication_961/submitted_data/01_Data/images/German_Bank_2010/LP06/LP06_261111648.JPG,[3],train,-66.26880897,43.52105039
German_Bank_2010,LP06,LP06_261111704,https://www.frdr-dfdr.ca/repo/files/9/published/publication_961/submitted_data/01_Data/images/German_Bank_2010/LP06/LP06_261111704.JPG,[3],train,-66.2687008,43.52098706
German_Bank_2010,LP06,LP06_261111719,https://www.frdr-dfdr.ca/repo/files/9/published/publication_961/submitted_data/01_Data/images/German_Bank_2010/LP06/LP06_261111719.JPG,[3],train,-66.2686227,43.52094276
German_Bank_2010,LP06,LP06_261111735,https://www.frdr-dfdr.ca/repo/files/9/published/publication_961/submitted_data/01_Data/images/German_Bank_2010/LP06/LP06_261111735.JPG,[3],train,-66.26852531,43.52088831
German_Bank_2010,LP06,LP06_261111751,https://www.frdr-dfdr.ca/repo/files/9/published/publication_961/submitted_data/01_Data/images/German_Bank_2010/LP06/LP06_261111751.JPG,[3],train,-66.26839945,43.52081916
German_Bank_2010,LP06,LP06_261111807,https://www.frdr-dfdr.ca/repo/files/9/published/publication_961/submitted_data/01_Data/images/German_Bank_2010/LP06/LP06_261111807.JPG,[3],train,-66.26827114,43.52075011
German_Bank_2010,LP06,LP06_261111823,https://www.frdr-dfdr.ca/repo/files/9/published/publication_961/submitted_data/01_Data/images/German_Bank_2010/LP06/LP06_261111823.JPG,[3],train,-66.26808813,43.5206525
German_Bank_2010,LP06,LP06_261111839,https://www.frdr-dfdr.ca/repo/files/9/published/publication_961/submitted_data/01_Data/images/German_Bank_2010/LP06/LP06_261111839.JPG,[3],train,-66.2679061,43.5205553
German_Bank_2010,LP06,LP06_261111855,https://www.frdr-dfdr.ca/repo/files/9/published/publication_961/submitted_data/01_Data/images/German_Bank_2010/LP06/LP06_261111855.JPG,[3],train,-66.26771749,43.5204526
German_Bank_2010,LP06,LP06_261111911,https://www.frdr-dfdr.ca/repo/files/9/published/publication_961/submitted_data/01_Data/images/German_Bank_2010/LP06/LP06_261111911.JPG,[3],train,-66.26752762,43.52034841
German_Bank_2010,LP06,LP06_261111926,https://www.frdr-dfdr.ca/repo/files/9/published/publication_961/submitted_data/01_Data/images/German_Bank_2010/LP06/LP06_261111926.JPG,[3],train,-66.26735064,43.52025128
German_Bank_2010,LP06,LP06_261111942,https://www.frdr-dfdr.ca/repo/files/9/published/publication_961/submitted_data/01_Data/images/German_Bank_2010/LP06/LP06_261111942.JPG,[3],train,-66.2671786,43.52015652
German_Bank_2010,LP06,LP06_261111958,https://www.frdr-dfdr.ca/repo/files/9/published/publication_961/submitted_data/01_Data/images/German_Bank_2010/LP06/LP06_261111958.JPG,[3],train,-66.26699607,43.52005608
German_Bank_2010,LP06,LP06_261112014,https://www.frdr-dfdr.ca/repo/files/9/published/publication_961/submitted_data/01_Data/images/German_Bank_2010/LP06/LP06_261112014.JPG,[3],train,-66.26678549,43.51993886
German_Bank_2010,LP06,LP06_261112030,https://www.frdr-dfdr.ca/repo/files/9/published/publication_961/submitted_data/01_Data/images/German_Bank_2010/LP06/LP06_261112030.JPG,[3],train,-66.26657605,43.51982094
German_Bank_2010,LP06,LP06_261112046,https://www.frdr-dfdr.ca/repo/files/9/published/publication_961/submitted_data/01_Data/images/German_Bank_2010/LP06/LP06_261112046.JPG,[3],train,-66.26640308,43.5197229
German_Bank_2010,LP06,LP06_261112102,https://www.frdr-dfdr.ca/repo/files/9/published/publication_961/submitted_data/01_Data/images/German_Bank_2010/LP06/LP06_261112102.JPG,[3],train,-66.26621005,43.51961362
German_Bank_2010,LP06,LP06_261112118,https://www.frdr-dfdr.ca/repo/files/9/published/publication_961/submitted_data/01_Data/images/German_Bank_2010/LP06/LP06_261112118.JPG,[3],train,-66.2660134,43.51950181
German_Bank_2010,LP06,LP06_261112133,https://www.frdr-dfdr.ca/repo/files/9/published/publication_961/submitted_data/01_Data/images/German_Bank_2010/LP06/LP06_261112133.JPG,[3],train,-66.26582557,43.51939336
German_Bank_2010,LP06,LP06_261112149,https://www.frdr-dfdr.ca/repo/files/9/published/publication_961/submitted_data/01_Data/images/German_Bank_2010/LP06/LP06_261112149.JPG,[3],train,-66.26562145,43.51927372
German_Bank_2010,LP06,LP06_261112205,https://www.frdr-dfdr.ca/repo/files/9/published/publication_961/submitted_data/01_Data/images/German_Bank_2010/LP06/LP06_261112205.JPG,[3],train,-66.2654274,43.51915946
German_Bank_2010,LP06,LP06_261112221,https://www.frdr-dfdr.ca/repo/files/9/published/publication_961/submitted_data/01_Data/images/German_Bank_2010/LP06/LP06_261112221.JPG,[3],train,-66.265239,43.519049
German_Bank_2010,LP06,LP06_261112237,https://www.frdr-dfdr.ca/repo/files/9/published/publication_961/submitted_data/01_Data/images/German_Bank_2010/LP06/LP06_261112237.JPG,[3],train,-66.26503721,43.51892985
German_Bank_2010,LP06,LP06_261112253,https://www.frdr-dfdr.ca/repo/files/9/published/publication_961/submitted_data/01_Data/images/German_Bank_2010/LP06/LP06_261112253.JPG,[3],train,-66.26486256,43.51882613
German_Bank_2010,LP06,LP06_261112309,https://www.frdr-dfdr.ca/repo/files/9/published/publication_961/submitted_data/01_Data/images/German_Bank_2010/LP06/LP06_261112309.JPG,[3],train,-66.26467608,43.51871892
German_Bank_2010,LP06,LP06_261112324,https://www.frdr-dfdr.ca/repo/files/9/published/publication_961/submitted_data/01_Data/images/German_Bank_2010/LP06/LP06_261112324.JPG,[3],train,-66.26448825,43.51861663
German_Bank_2010,LP06,LP06_261112333,https://www.frdr-dfdr.ca/repo/files/9/published/publication_961/submitted_data/01_Data/images/German_Bank_2010/LP06/LP06_261112333.JPG,[3],train,-66.26438071,43.51856039
German_Bank_2010,LP06,LP06_261112340,https://www.frdr-dfdr.ca/repo/files/9/published/publication_961/submitted_data/01_Data/images/German_Bank_2010/LP06/LP06_261112340.JPG,[3],train,-66.26429489,43.51851622
German_Bank_2010,LP06,LP06_261112350,https://www.frdr-dfdr.ca/repo/files/9/published/publication_961/submitted_data/01_Data/images/German_Bank_2010/LP06/LP06_261112350.JPG,[3],train,-66.26416232,43.51844887
German_Bank_2010,LP06,LP06_261112356,https://www.frdr-dfdr.ca/repo/files/9/published/publication_961/submitted_data/01_Data/images/German_Bank_2010/LP06/LP06_261112356.JPG,[3],train,-66.26409166,43.51841344
German_Bank_2010,LP06,LP06_261112401,https://www.frdr-dfdr.ca/repo/files/9/published/publication_961/submitted_data/01_Data/images/German_Bank_2010/LP06/LP06_261112401.JPG,[3],train,-66.26401911,43.51837702
German_Bank_2010,LP06,LP06_261112412,https://www.frdr-dfdr.ca/repo/files/9/published/publication_961/submitted_data/01_Data/images/German_Bank_2010/LP06/LP06_261112412.JPG,[3],train,-66.26387345,43.51830483
German_Bank_2010,LP06,LP06_261112421,https://www.frdr-dfdr.ca/repo/files/9/published/publication_961/submitted_data/01_Data/images/German_Bank_2010/LP06/LP06_261112421.JPG,[3],train,-66.26376331,43.51825082
German_Bank_2010,LP06,LP06_261112428,https://www.frdr-dfdr.ca/repo/files/9/published/publication_961/submitted_data/01_Data/images/German_Bank_2010/LP06/LP06_261112428.JPG,[3],train,-66.26367826,43.51820972
German_Bank_2010,LP06,LP06_261112444,https://www.frdr-dfdr.ca/repo/files/9/published/publication_961/submitted_data/01_Data/images/German_Bank_2010/LP06/LP06_261112444.JPG,[3],train,-66.2634609,43.51810648
German_Bank_2010,LP06,LP06_261112453,https://www.frdr-dfdr.ca/repo/files/9/published/publication_961/submitted_data/01_Data/images/German_Bank_2010/LP06/LP06_261112453.JPG,[3],train,-66.26334449,43.51805254
German_Bank_2010,LP06,LP06_261112459,https://www.frdr-dfdr.ca/repo/files/9/published/publication_961/submitted_data/01_Data/images/German_Bank_2010/LP06/LP06_261112459.JPG,[3],train,-66.26327115,43.51801864
German_Bank_2010,LP06,LP06_261112503,https://www.frdr-dfdr.ca/repo/files/9/published/publication_961/submitted_data/01_Data/images/German_Bank_2010/LP06/LP06_261112503.JPG,[3],train,-66.26321973,43.51799489
German_Bank_2010,LP06,LP06_261112512,https://www.frdr-dfdr.ca/repo/files/9/published/publication_961/submitted_data/01_Data/images/German_Bank_2010/LP06/LP06_261112512.JPG,[3],train,-66.26308883,43.51793527
German_Bank_2010,LP06,LP06_261112516,https://www.frdr-dfdr.ca/repo/files/9/published/publication_961/submitted_data/01_Data/images/German_Bank_2010/LP06/LP06_261112516.JPG,[3],train,-66.26301947,43.51790396
German_Bank_2010,LP06,LP06_261112531,https://www.frdr-dfdr.ca/repo/files/9/published/publication_961/submitted_data/01_Data/images/German_Bank_2010/LP06/LP06_261112531.JPG,[3],train,-66.26275705,43.51778638
German_Bank_2010,LP06,LP06_261112547,https://www.frdr-dfdr.ca/repo/files/9/published/publication_961/submitted_data/01_Data/images/German_Bank_2010/LP06/LP06_261112547.JPG,[3],dropped,-66.26259491,43.51771501
German_Bank_2010,LP06,LP06_261112602,https://www.frdr-dfdr.ca/repo/files/9/published/publication_961/submitted_data/01_Data/images/German_Bank_2010/LP06/LP06_261112602.JPG,[3],dropped,-66.26241823,43.51763772
German_Bank_2010,LP06,LP06_261112618,https://www.frdr-dfdr.ca/repo/files/9/published/publication_961/submitted_data/01_Data/images/German_Bank_2010/LP06/LP06_261112618.JPG,[3],test,-66.26220649,43.51754478
German_Bank_2010,LP06,LP06_261112634,https://www.frdr-dfdr.ca/repo/files/9/published/publication_961/submitted_data/01_Data/images/German_Bank_2010/LP06/LP06_261112634.JPG,[3],test,-66.26198316,43.5174469
German_Bank_2010,LP06,LP06_261112650,https://www.frdr-dfdr.ca/repo/files/9/published/publication_961/submitted_data/01_Data/images/German_Bank_2010/LP06/LP06_261112650.JPG,[3],test,-66.26175911,43.51734998
German_Bank_2010,LP06,LP06_261112706,https://www.frdr-dfdr.ca/repo/files/9/published/publication_961/submitted_data/01_Data/images/German_Bank_2010/LP06/LP06_261112706.JPG,[3],test,-66.26152695,43.51724998
German_Bank_2010,LP06,LP06_261112722,https://www.frdr-dfdr.ca/repo/files/9/published/publication_961/submitted_data/01_Data/images/German_Bank_2010/LP06/LP06_261112722.JPG,[3],test,-66.26131477,43.51715685
German_Bank_2010,LP06,LP06_261112738,https://www.frdr-dfdr.ca/repo/files/9/published/publication_961/submitted_data/01_Data/images/German_Bank_2010/LP06/LP06_261112738.JPG,[3],test,-66.26112186,43.51706552
German_Bank_2010,LP06,LP06_261112752,https://www.frdr-dfdr.ca/repo/files/9/published/publication_961/submitted_data/01_Data/images/German_Bank_2010/LP06/LP06_261112752.JPG,[3],test,-66.2609674,43.51698138
German_Bank_2010,LP06,LP06_261112809,https://www.frdr-dfdr.ca/repo/files/9/published/publication_961/submitted_data/01_Data/images/German_Bank_2010/LP06/LP06_261112809.JPG,[3],test,-66.2607878,43.5168661
German_Bank_2010,LP06,LP06_261112818,https://www.frdr-dfdr.ca/repo/files/9/published/publication_961/submitted_data/01_Data/images/German_Bank_2010/LP06/LP06_261112818.JPG,[3],test,-66.26069579,43.51680222
German_Bank_2010,LP06,LP06_261112824,https://www.frdr-dfdr.ca/repo/files/9/published/publication_961/submitted_data/01_Data/images/German_Bank_2010/LP06/LP06_261112824.JPG,[3],test,-66.26064077,43.51676274
German_Bank_2010,LP06,LP06_261112830,https://www.frdr-dfdr.ca/repo/files/9/published/publication_961/submitted_data/01_Data/images/German_Bank_2010/LP06/LP06_261112830.JPG,[3],test,-66.26057951,43.516718
German_Bank_2010,LP06,LP06_261112838,https://www.frdr-dfdr.ca/repo/files/9/published/publication_961/submitted_data/01_Data/images/German_Bank_2010/LP06/LP06_261112838.JPG,[3],test,-66.26048685,43.51664889
German_Bank_2010,LP06,LP06_261112855,https://www.frdr-dfdr.ca/repo/files/9/published/publication_961/submitted_data/01_Data/images/German_Bank_2010/LP06/LP06_261112855.JPG,[3],test,-66.26031555,43.51651988
German_Bank_2010,LP12,LP12_261115835,https://www.frdr-dfdr.ca/repo/files/9/published/publication_961/submitted_data/01_Data/images/German_Bank_2010/LP12/LP12_261115835.JPG,[3],train,-66.21697504,43.49277707
German_Bank_2010,LP12,LP12_261115851,https://www.frdr-dfdr.ca/repo/files/9/published/publication_961/submitted_data/01_Data/images/German_Bank_2010/LP12/LP12_261115851.JPG,[3],train,-66.21677587,43.49273274
German_Bank_2010,LP12,LP12_261115907,https://www.frdr-dfdr.ca/repo/files/9/published/publication_961/submitted_data/01_Data/images/German_Bank_2010/LP12/LP12_261115907.JPG,[3],train,-66.21658671,43.49269028
German_Bank_2010,LP12,LP12_261115923,https://www.frdr-dfdr.ca/repo/files/9/published/publication_961/submitted_data/01_Data/images/German_Bank_2010/LP12/LP12_261115923.JPG,[3],train,-66.21637995,43.49264396
German_Bank_2010,LP12,LP12_261115939,https://www.frdr-dfdr.ca/repo/files/9/published/publication_961/submitted_data/01_Data/images/German_Bank_2010/LP12/LP12_261115939.JPG,[3],train,-66.21616347,43.4925957
German_Bank_2010,LP12,LP12_261115954,https://www.frdr-dfdr.ca/repo/files/9/published/publication_961/submitted_data/01_Data/images/German_Bank_2010/LP12/LP12_261115954.JPG,[3],train,-66.21594132,43.49254692
German_Bank_2010,LP12,LP12_261120010,https://www.frdr-dfdr.ca/repo/files/9/published/publication_961/submitted_data/01_Data/images/German_Bank_2010/LP12/LP12_261120010.JPG,[3],train,-66.21573672,43.49250296
German_Bank_2010,LP12,LP12_261120026,https://www.frdr-dfdr.ca/repo/files/9/published/publication_961/submitted_data/01_Data/images/German_Bank_2010/LP12/LP12_261120026.JPG,[3],train,-66.2155347,43.49245966
German_Bank_2010,LP12,LP12_261120042,https://www.frdr-dfdr.ca/repo/files/9/published/publication_961/submitted_data/01_Data/images/German_Bank_2010/LP12/LP12_261120042.JPG,[3],train,-66.21533898,43.49241649
German_Bank_2010,LP12,LP12_261120058,https://www.frdr-dfdr.ca/repo/files/9/published/publication_961/submitted_data/01_Data/images/German_Bank_2010/LP12/LP12_261120058.JPG,[3],dropped,-66.21512732,43.49236839
German_Bank_2010,LP12,LP12_261120114,https://www.frdr-dfdr.ca/repo/files/9/published/publication_961/submitted_data/01_Data/images/German_Bank_2010/LP12/LP12_261120114.JPG,[3],dropped,-66.21489524,43.49231582
German_Bank_2010,LP12,LP12_261120130,https://www.frdr-dfdr.ca/repo/files/9/published/publication_961/submitted_data/01_Data/images/German_Bank_2010/LP12/LP12_261120130.JPG,[3],test,-66.21469194,43.49227033
German_Bank_2010,LP12,LP12_261120145,https://www.frdr-dfdr.ca/repo/files/9/published/publication_961/submitted_data/01_Data/images/German_Bank_2010/LP12/LP12_261120145.JPG,[3],test,-66.21449541,43.49222629
German_Bank_2010,LP12,LP12_261120201,https://www.frdr-dfdr.ca/repo/files/9/published/publication_961/submitted_data/01_Data/images/German_Bank_2010/LP12/LP12_261120201.JPG,[3],test,-66.21429392,43.49218056
German_Bank_2010,LP12,LP12_261120217,https://www.frdr-dfdr.ca/repo/files/9/published/publication_961/submitted_data/01_Data/images/German_Bank_2010/LP12/LP12_261120217.JPG,[3],test,-66.21407284,43.492129
German_Bank_2010,LP12,LP12_261120232,https://www.frdr-dfdr.ca/repo/files/9/published/publication_961/submitted_data/01_Data/images/German_Bank_2010/LP12/LP12_261120232.JPG,[3],test,-66.21385865,43.49207881
German_Bank_2010,LP12,LP12_261120249,https://www.frdr-dfdr.ca/repo/files/9/published/publication_961/submitted_data/01_Data/images/German_Bank_2010/LP12/LP12_261120249.JPG,[3],test,-66.21363053,43.49202664
German_Bank_2010,LP12,LP12_261120304,https://www.frdr-dfdr.ca/repo/files/9/published/publication_961/submitted_data/01_Data/images/German_Bank_2010/LP12/LP12_261120304.JPG,[3],test,-66.21342215,43.49197967
German_Bank_2010,LP12,LP12_261120308,https://www.frdr-dfdr.ca/repo/files/9/published/publication_961/submitted_data/01_Data/images/German_Bank_2010/LP12/LP12_261120308.JPG,[3],test,-66.21336874,43.49196762
German_Bank_2010,LP12,LP12_261120320,https://www.frdr-dfdr.ca/repo/files/9/published/publication_961/submitted_data/01_Data/images/German_Bank_2010/LP12/LP12_261120320.JPG,[3],test,-66.21321369,43.49193251
German_Bank_2010,LP12,LP12_261120336,https://www.frdr-dfdr.ca/repo/files/9/published/publication_961/submitted_data/01_Data/images/German_Bank_2010/LP12/LP12_261120336.JPG,[3],test,-66.21296092,43.49187408
German_Bank_2010,LP12,LP12_261120343,https://www.frdr-dfdr.ca/repo/files/9/published/publication_961/submitted_data/01_Data/images/German_Bank_2010/LP12/LP12_261120343.JPG,[3],test,-66.21286917,43.49185239
German_Bank_2010,LP12,LP12_261120352,https://www.frdr-dfdr.ca/repo/files/9/published/publication_961/submitted_data/01_Data/images/German_Bank_2010/LP12/LP12_261120352.JPG,[3],test,-66.21275705,43.4918255
German_Bank_2010,LP12,LP12_261120408,https://www.frdr-dfdr.ca/repo/files/9/published/publication_961/submitted_data/01_Data/images/German_Bank_2010/LP12/LP12_261120408.JPG,[3],test,-66.21255624,43.49177738
German_Bank_2010,LP12,LP12_261120424,https://www.frdr-dfdr.ca/repo/files/9/published/publication_961/submitted_data/01_Data/images/German_Bank_2010/LP12/LP12_261120424.JPG,[3],test,-66.21233562,43.49172413
German_Bank_2010,LP12,LP12_261120440,https://www.frdr-dfdr.ca/repo/files/9/published/publication_961/submitted_data/01_Data/images/German_Bank_2010/LP12/LP12_261120440.JPG,[3],test,-66.21210852,43.49166912
German_Bank_2010,LP12,LP12_261120456,https://www.frdr-dfdr.ca/repo/files/9/published/publication_961/submitted_data/01_Data/images/German_Bank_2010/LP12/LP12_261120456.JPG,[3],test,-66.21188188,43.49161439
German_Bank_2010,LP12,LP12_261120502,https://www.frdr-dfdr.ca/repo/files/9/published/publication_961/submitted_data/01_Data/images/German_Bank_2010/LP12/LP12_261120502.JPG,[3],test,-66.21179526,43.49159332
German_Bank_2010,LP12,LP12_261120507,https://www.frdr-dfdr.ca/repo/files/9/published/publication_961/submitted_data/01_Data/images/German_Bank_2010/LP12/LP12_261120507.JPG,[3],test,-66.21173093,43.49157759
German_Bank_2010,LP12,LP12_261120512,https://www.frdr-dfdr.ca/repo/files/9/published/publication_961/submitted_data/01_Data/images/German_Bank_2010/LP12/LP12_261120512.JPG,[3],test,-66.21164629,43.49155719
German_Bank_2010,LP12,LP12_261120528,https://www.frdr-dfdr.ca/repo/files/9/published/publication_961/submitted_data/01_Data/images/German_Bank_2010/LP12/LP12_261120528.JPG,[3],test,-66.21143022,43.49150478
German_Bank_2010,LP12,LP12_261120542,https://www.frdr-dfdr.ca/repo/files/9/published/publication_961/submitted_data/01_Data/images/German_Bank_2010/LP12/LP12_261120542.JPG,[3],test,-66.21123008,43.49145579
German_Bank_2010,LP12,LP12_261120559,https://www.frdr-dfdr.ca/repo/files/9/published/publication_961/submitted_data/01_Data/images/German_Bank_2010/LP12/LP12_261120559.JPG,[3],test,-66.21100053,43.4913984
German_Bank_2010,LP12,LP12_261120605,https://www.frdr-dfdr.ca/repo/files/9/published/publication_961/submitted_data/01_Data/images/German_Bank_2010/LP12/LP12_261120605.JPG,[3],test,-66.21092215,43.49137815
German_Bank_2010,LP12,LP12_261120615,https://www.frdr-dfdr.ca/repo/files/9/published/publication_961/submitted_data/01_Data/images/German_Bank_2010/LP12/LP12_261120615.JPG,[3],test,-66.21077272,43.49133779
German_Bank_2010,LP12,LP12_261120630,https://www.frdr-dfdr.ca/repo/files/9/published/publication_961/submitted_data/01_Data/images/German_Bank_2010/LP12/LP12_261120630.JPG,[3],dropped,-66.21059142,43.49128608
German_Bank_2010,LP12,LP12_261120642,https://www.frdr-dfdr.ca/repo/files/9/published/publication_961/submitted_data/01_Data/images/German_Bank_2010/LP12/LP12_261120642.JPG,[3],dropped,-66.21044522,43.49124206
German_Bank_2010,LP12,LP12_261120647,https://www.frdr-dfdr.ca/repo/files/9/published/publication_961/submitted_data/01_Data/images/German_Bank_2010/LP12/LP12_261120647.JPG,[3],dropped,-66.21038568,43.49122361
German_Bank_2010,LP12,LP12_261120650,https://www.frdr-dfdr.ca/repo/files/9/published/publication_961/submitted_data/01_Data/images/German_Bank_2010/LP12/LP12_261120650.JPG,[3],dropped,-66.21034675,43.49121155
German_Bank_2010,LP12,LP12_261120701,https://www.frdr-dfdr.ca/repo/files/9/published/publication_961/submitted_data/01_Data/images/German_Bank_2010/LP12/LP12_261120701.JPG,[3],train,-66.21019666,43.49116381
German_Bank_2010,LP12,LP12_261120709,https://www.frdr-dfdr.ca/repo/files/9/published/publication_961/submitted_data/01_Data/images/German_Bank_2010/LP12/LP12_261120709.JPG,[3],train,-66.21009209,43.49112995
German_Bank_2010,LP12,LP12_261120718,https://www.frdr-dfdr.ca/repo/files/9/published/publication_961/submitted_data/01_Data/images/German_Bank_2010/LP12/LP12_261120718.JPG,[3],train,-66.20998284,43.49109398
German_Bank_2010,LP12,LP12_261120722,https://www.frdr-dfdr.ca/repo/files/9/published/publication_961/submitted_data/01_Data/images/German_Bank_2010/LP12/LP12_261120722.JPG,[3],train,-66.20993207,43.49107712
German_Bank_2010,LP12,LP12_261120733,https://www.frdr-dfdr.ca/repo/files/9/published/publication_961/submitted_data/01_Data/images/German_Bank_2010/LP12/LP12_261120733.JPG,[3],train,-66.20979414,43.49103127
German_Bank_2010,LP12,LP12_261120749,https://www.frdr-dfdr.ca/repo/files/9/published/publication_961/submitted_data/01_Data/images/German_Bank_2010/LP12/LP12_261120749.JPG,[3],train,-66.20957372,43.49095735
German_Bank_2010,LP12,LP12_261120805,https://www.frdr-dfdr.ca/repo/files/9/published/publication_961/submitted_data/01_Data/images/German_Bank_2010/LP12/LP12_261120805.JPG,[3],train,-66.20936612,43.4908873
German_Bank_2010,LP12,LP12_261120821,https://www.frdr-dfdr.ca/repo/files/9/published/publication_961/submitted_data/01_Data/images/German_Bank_2010/LP12/LP12_261120821.JPG,[3],train,-66.20913729,43.49081018
German_Bank_2010,LP12,LP12_261120835,https://www.frdr-dfdr.ca/repo/files/9/published/publication_961/submitted_data/01_Data/images/German_Bank_2010/LP12/LP12_261120835.JPG,[3],train,-66.20894573,43.49074603
German_Bank_2010,LP12,LP12_261120852,https://www.frdr-dfdr.ca/repo/files/9/published/publication_961/submitted_data/01_Data/images/German_Bank_2010/LP12/LP12_261120852.JPG,[3],train,-66.20874405,43.49067798
German_Bank_2010,LP12,LP12_261120907,https://www.frdr-dfdr.ca/repo/files/9/published/publication_961/submitted_data/01_Data/images/German_Bank_2010/LP12/LP12_261120907.JPG,[3],train,-66.20854782,43.49061065
German_Bank_2010,LP12,LP12_261120916,https://www.frdr-dfdr.ca/repo/files/9/published/publication_961/submitted_data/01_Data/images/German_Bank_2010/LP12/LP12_261120916.JPG,[3],train,-66.20842143,43.49056646
German_Bank_2010,LP12,LP12_261120923,https://www.frdr-dfdr.ca/repo/files/9/published/publication_961/submitted_data/01_Data/images/German_Bank_2010/LP12/LP12_261120923.JPG,[3],train,-66.20834232,43.49053864
German_Bank_2010,LP12,LP12_261120939,https://www.frdr-dfdr.ca/repo/files/9/published/publication_961/submitted_data/01_Data/images/German_Bank_2010/LP12/LP12_261120939.JPG,[3],train,-66.20812293,43.49046055
German_Bank_2010,LP12,LP12_261120952,https://www.frdr-dfdr.ca/repo/files/9/published/publication_961/submitted_data/01_Data/images/German_Bank_2010/LP12/LP12_261120952.JPG,[3],train,-66.20795531,43.49040122
German_Bank_2010,LP12,LP12_261120955,https://www.frdr-dfdr.ca/repo/files/9/published/publication_961/submitted_data/01_Data/images/German_Bank_2010/LP12/LP12_261120955.JPG,[3],train,-66.20790572,43.49038394
German_Bank_2010,LP12,LP12_261121008,https://www.frdr-dfdr.ca/repo/files/9/published/publication_961/submitted_data/01_Data/images/German_Bank_2010/LP12/LP12_261121008.JPG,[3],train,-66.20772519,43.49032119
German_Bank_2010,LP12,LP12_261121025,https://www.frdr-dfdr.ca/repo/files/9/published/publication_961/submitted_data/01_Data/images/German_Bank_2010/LP12/LP12_261121025.JPG,[3],train,-66.20752238,43.49025171
German_Bank_2010,LP12,LP12_261121030,https://www.frdr-dfdr.ca/repo/files/9/published/publication_961/submitted_data/01_Data/images/German_Bank_2010/LP12/LP12_261121030.JPG,[3],train,-66.20745586,43.49022898
German_Bank_2010,LP12,LP12_261121041,https://www.frdr-dfdr.ca/repo/files/9/published/publication_961/submitted_data/01_Data/images/German_Bank_2010/LP12/LP12_261121041.JPG,[3],train,-66.20731299,43.49017995
German_Bank_2010,LP12,LP12_261121051,https://www.frdr-dfdr.ca/repo/files/9/published/publication_961/submitted_data/01_Data/images/German_Bank_2010/LP12/LP12_261121051.JPG,[3],train,-66.2071823,43.49013446
German_Bank_2010,LP12,LP12_261121057,https://www.frdr-dfdr.ca/repo/files/9/published/publication_961/submitted_data/01_Data/images/German_Bank_2010/LP12/LP12_261121057.JPG,[3],train,-66.2071122,43.49010985
German_Bank_2010,LP12,LP12_261121112,https://www.frdr-dfdr.ca/repo/files/9/published/publication_961/submitted_data/01_Data/images/German_Bank_2010/LP12/LP12_261121112.JPG,[3],train,-66.20690372,43.49003589
German_Bank_2010,LP12,LP12_261121128,https://www.frdr-dfdr.ca/repo/files/9/published/publication_961/submitted_data/01_Data/images/German_Bank_2010/LP12/LP12_261121128.JPG,[3],train,-66.20669418,43.4899617
German_Bank_2010,LP12,LP12_261121144,https://www.frdr-dfdr.ca/repo/files/9/published/publication_961/submitted_data/01_Data/images/German_Bank_2010/LP12/LP12_261121144.JPG,[3],train,-66.20647777,43.48988592
German_Bank_2010,LP12,LP12_261121200,https://www.frdr-dfdr.ca/repo/files/9/published/publication_961/submitted_data/01_Data/images/German_Bank_2010/LP12/LP12_261121200.JPG,[3],train,-66.20626767,43.4898123
German_Bank_2010,LP12,LP12_261121216,https://www.frdr-dfdr.ca/repo/files/9/published/publication_961/submitted_data/01_Data/images/German_Bank_2010/LP12/LP12_261121216.JPG,[3],train,-66.20605742,43.48973781
German_Bank_2010,LP13,LP13_261125858,https://www.frdr-dfdr.ca/repo/files/9/published/publication_961/submitted_data/01_Data/images/German_Bank_2010/LP13/LP13_261125858.JPG,[4],train,-66.16628434,43.46085568
German_Bank_2010,LP13,LP13_261125911,https://www.frdr-dfdr.ca/repo/files/9/published/publication_961/submitted_data/01_Data/images/German_Bank_2010/LP13/LP13_261125911.JPG,[4],train,-66.16627054,43.46069213
German_Bank_2010,LP13,LP13_261125924,https://www.frdr-dfdr.ca/repo/files/9/published/publication_961/submitted_data/01_Data/images/German_Bank_2010/LP13/LP13_261125924.JPG,[4],train,-66.16625055,43.46053848
German_Bank_2010,LP13,LP13_261125936,https://www.frdr-dfdr.ca/repo/files/9/published/publication_961/submitted_data/01_Data/images/German_Bank_2010/LP13/LP13_261125936.JPG,[4],train,-66.16622947,43.46040069
German_Bank_2010,LP13,LP13_261125949,https://www.frdr-dfdr.ca/repo/files/9/published/publication_961/submitted_data/01_Data/images/German_Bank_2010/LP13/LP13_261125949.JPG,[4],train,-66.16620206,43.46024228
German_Bank_2010,LP13,LP13_261130001,https://www.frdr-dfdr.ca/repo/files/9/published/publication_961/submitted_data/01_Data/images/German_Bank_2010/LP13/LP13_261130001.JPG,[4],train,-66.16617748,43.46010724
German_Bank_2010,LP13,LP13_261130015,https://www.frdr-dfdr.ca/repo/files/9/published/publication_961/submitted_data/01_Data/images/German_Bank_2010/LP13/LP13_261130015.JPG,[4],train,-66.16614274,43.45991959
German_Bank_2010,LP13,LP13_261130022,https://www.frdr-dfdr.ca/repo/files/9/published/publication_961/submitted_data/01_Data/images/German_Bank_2010/LP13/LP13_261130022.JPG,[2],train,-66.16612728,43.45983623
German_Bank_2010,LP13,LP13_261130028,https://www.frdr-dfdr.ca/repo/files/9/published/publication_961/submitted_data/01_Data/images/German_Bank_2010/LP13/LP13_261130028.JPG,[2],train,-66.16611408,43.459767
German_Bank_2010,LP13,LP13_261130040,https://www.frdr-dfdr.ca/repo/files/9/published/publication_961/submitted_data/01_Data/images/German_Bank_2010/LP13/LP13_261130040.JPG,[2],train,-66.16608532,43.45962736
German_Bank_2010,LP13,LP13_261130053,https://www.frdr-dfdr.ca/repo/files/9/published/publication_961/submitted_data/01_Data/images/German_Bank_2010/LP13/LP13_261130053.JPG,[4],train,-66.16605017,43.45947641
German_Bank_2010,LP13,LP13_261130106,https://www.frdr-dfdr.ca/repo/files/9/published/publication_961/submitted_data/01_Data/images/German_Bank_2010/LP13/LP13_261130106.JPG,[4],train,-66.16601528,43.45933432
German_Bank_2010,LP13,LP13_261130118,https://www.frdr-dfdr.ca/repo/files/9/published/publication_961/submitted_data/01_Data/images/German_Bank_2010/LP13/LP13_261130118.JPG,[4],train,-66.16598132,43.45919534
German_Bank_2010,LP13,LP13_261130131,https://www.frdr-dfdr.ca/repo/files/9/published/publication_961/submitted_data/01_Data/images/German_Bank_2010/LP13/LP13_261130131.JPG,[4],train,-66.16594627,43.45904718
German_Bank_2010,LP13,LP13_261130144,https://www.frdr-dfdr.ca/repo/files/9/published/publication_961/submitted_data/01_Data/images/German_Bank_2010/LP13/LP13_261130144.JPG,[4],train,-66.16591129,43.45889453
German_Bank_2010,LP13,LP13_261130157,https://www.frdr-dfdr.ca/repo/files/9/published/publication_961/submitted_data/01_Data/images/German_Bank_2010/LP13/LP13_261130157.JPG,[4],train,-66.16587622,43.45874006
German_Bank_2010,LP13,LP13_261130210,https://www.frdr-dfdr.ca/repo/files/9/published/publication_961/submitted_data/01_Data/images/German_Bank_2010/LP13/LP13_261130210.JPG,[4],train,-66.16583575,43.45856404
German_Bank_2010,LP13,LP13_261130223,https://www.frdr-dfdr.ca/repo/files/9/published/publication_961/submitted_data/01_Data/images/German_Bank_2010/LP13/LP13_261130223.JPG,[4],train,-66.16580109,43.45841566
German_Bank_2010,LP13,LP13_261130236,https://www.frdr-dfdr.ca/repo/files/9/published/publication_961/submitted_data/01_Data/images/German_Bank_2010/LP13/LP13_261130236.JPG,[4],train,-66.16576376,43.4582597
German_Bank_2010,LP13,LP13_261130243,https://www.frdr-dfdr.ca/repo/files/9/published/publication_961/submitted_data/01_Data/images/German_Bank_2010/LP13/LP13_261130243.JPG,[4],train,-66.16574493,43.45817978
German_Bank_2010,LP13,LP13_261130249,https://www.frdr-dfdr.ca/repo/files/9/published/publication_961/submitted_data/01_Data/images/German_Bank_2010/LP13/LP13_261130249.JPG,[4],train,-66.16572399,43.45808958
German_Bank_2010,LP13,LP13_261130301,https://www.frdr-dfdr.ca/repo/files/9/published/publication_961/submitted_data/01_Data/images/German_Bank_2010/LP13/LP13_261130301.JPG,[4],train,-66.16569254,43.45795318
German_Bank_2010,LP13,LP13_261130314,https://www.frdr-dfdr.ca/repo/files/9/published/publication_961/submitted_data/01_Data/images/German_Bank_2010/LP13/LP13_261130314.JPG,[4],train,-66.16566273,43.45782055
German_Bank_2010,LP13,LP13_261130327,https://www.frdr-dfdr.ca/repo/files/9/published/publication_961/submitted_data/01_Data/images/German_Bank_2010/LP13/LP13_261130327.JPG,[4],train,-66.16562912,43.45766671
German_Bank_2010,LP13,LP13_261130330,https://www.frdr-dfdr.ca/repo/files/9/published/publication_961/submitted_data/01_Data/images/German_Bank_2010/LP13/LP13_261130330.JPG,[4],train,-66.16562218,43.45763519
German_Bank_2010,LP13,LP13_261130339,https://www.frdr-dfdr.ca/repo/files/9/published/publication_961/submitted_data/01_Data/images/German_Bank_2010/LP13/LP13_261130339.JPG,[4],train,-66.16559783,43.45752176
German_Bank_2010,LP13,LP13_261130352,https://www.frdr-dfdr.ca/repo/files/9/published/publication_961/submitted_data/01_Data/images/German_Bank_2010/LP13/LP13_261130352.JPG,[4],train,-66.16556525,43.45737182
German_Bank_2010,LP13,LP13_261130405,https://www.frdr-dfdr.ca/repo/files/9/published/publication_961/submitted_data/01_Data/images/German_Bank_2010/LP13/LP13_261130405.JPG,[4],train,-66.16552994,43.45721669
German_Bank_2010,LP13,LP13_261130418,https://www.frdr-dfdr.ca/repo/files/9/published/publication_961/submitted_data/01_Data/images/German_Bank_2010/LP13/LP13_261130418.JPG,[4],train,-66.1654911,43.45705716
German_Bank_2010,LP13,LP13_261130431,https://www.frdr-dfdr.ca/repo/files/9/published/publication_961/submitted_data/01_Data/images/German_Bank_2010/LP13/LP13_261130431.JPG,[4],train,-66.16544977,43.45689387
German_Bank_2010,LP13,LP13_261130444,https://www.frdr-dfdr.ca/repo/files/9/published/publication_961/submitted_data/01_Data/images/German_Bank_2010/LP13/LP13_261130444.JPG,[4],train,-66.16541184,43.45674557
German_Bank_2010,LP13,LP13_261130457,https://www.frdr-dfdr.ca/repo/files/9/published/publication_961/submitted_data/01_Data/images/German_Bank_2010/LP13/LP13_261130457.JPG,[4],train,-66.16537198,43.45658699
German_Bank_2010,LP13,LP13_261130509,https://www.frdr-dfdr.ca/repo/files/9/published/publication_961/submitted_data/01_Data/images/German_Bank_2010/LP13/LP13_261130509.JPG,[4],train,-66.16533619,43.45644315
German_Bank_2010,LP13,LP13_261130523,https://www.frdr-dfdr.ca/repo/files/9/published/publication_961/submitted_data/01_Data/images/German_Bank_2010/LP13/LP13_261130523.JPG,[2],train,-66.16528519,43.45625554
German_Bank_2010,LP13,LP13_261130534,https://www.frdr-dfdr.ca/repo/files/9/published/publication_961/submitted_data/01_Data/images/German_Bank_2010/LP13/LP13_261130534.JPG,[2],train,-66.1652478,43.45614071
German_Bank_2010,LP13,LP13_261130547,https://www.frdr-dfdr.ca/repo/files/9/published/publication_961/submitted_data/01_Data/images/German_Bank_2010/LP13/LP13_261130547.JPG,[2],train,-66.16518965,43.45598999
German_Bank_2010,LP13,LP13_261130600,https://www.frdr-dfdr.ca/repo/files/9/published/publication_961/submitted_data/01_Data/images/German_Bank_2010/LP13/LP13_261130600.JPG,[2],train,-66.16512255,43.45584079
German_Bank_2010,LP13,LP13_261130613,https://www.frdr-dfdr.ca/repo/files/9/published/publication_961/submitted_data/01_Data/images/German_Bank_2010/LP13/LP13_261130613.JPG,[4],train,-66.1650421,43.45567748
German_Bank_2010,LP13,LP13_261130626,https://www.frdr-dfdr.ca/repo/files/9/published/publication_961/submitted_data/01_Data/images/German_Bank_2010/LP13/LP13_261130626.JPG,[4],train,-66.16496642,43.45553303
German_Bank_2010,LP13,LP13_261130639,https://www.frdr-dfdr.ca/repo/files/9/published/publication_961/submitted_data/01_Data/images/German_Bank_2010/LP13/LP13_261130639.JPG,[4],train,-66.16488144,43.45537613
German_Bank_2010,LP13,LP13_261130652,https://www.frdr-dfdr.ca/repo/files/9/published/publication_961/submitted_data/01_Data/images/German_Bank_2010/LP13/LP13_261130652.JPG,[4],train,-66.16479138,43.45521581
German_Bank_2010,LP13,LP13_261130705,https://www.frdr-dfdr.ca/repo/files/9/published/publication_961/submitted_data/01_Data/images/German_Bank_2010/LP13/LP13_261130705.JPG,[4],train,-66.16469632,43.45505158
German_Bank_2010,LP13,LP13_261130717,https://www.frdr-dfdr.ca/repo/files/9/published/publication_961/submitted_data/01_Data/images/German_Bank_2010/LP13/LP13_261130717.JPG,[4],train,-66.16461877,43.45492087
German_Bank_2010,LP13,LP13_261130730,https://www.frdr-dfdr.ca/repo/files/9/published/publication_961/submitted_data/01_Data/images/German_Bank_2010/LP13/LP13_261130730.JPG,[4],train,-66.16453356,43.45477786
German_Bank_2010,LP13,LP13_261130743,https://www.frdr-dfdr.ca/repo/files/9/published/publication_961/submitted_data/01_Data/images/German_Bank_2010/LP13/LP13_261130743.JPG,[4],train,-66.16443911,43.45461783
German_Bank_2010,LP13,LP13_261130756,https://www.frdr-dfdr.ca/repo/files/9/published/publication_961/submitted_data/01_Data/images/German_Bank_2010/LP13/LP13_261130756.JPG,[4],train,-66.16435002,43.45446539
German_Bank_2010,LP13,LP13_261130809,https://www.frdr-dfdr.ca/repo/files/9/published/publication_961/submitted_data/01_Data/images/German_Bank_2010/LP13/LP13_261130809.JPG,[4],train,-66.16426506,43.4543191
German_Bank_2010,LP13,LP13_261130822,https://www.frdr-dfdr.ca/repo/files/9/published/publication_961/submitted_data/01_Data/images/German_Bank_2010/LP13/LP13_261130822.JPG,[2],train,-66.16416251,43.45414597
German_Bank_2010,LP13,LP13_261130835,https://www.frdr-dfdr.ca/repo/files/9/published/publication_961/submitted_data/01_Data/images/German_Bank_2010/LP13/LP13_261130835.JPG,[2],train,-66.164064,43.45398289
German_Bank_2010,LP13,LP13_261130847,https://www.frdr-dfdr.ca/repo/files/9/published/publication_961/submitted_data/01_Data/images/German_Bank_2010/LP13/LP13_261130847.JPG,[2],train,-66.16397128,43.45383224
German_Bank_2010,LP13,LP13_261130900,https://www.frdr-dfdr.ca/repo/files/9/published/publication_961/submitted_data/01_Data/images/German_Bank_2010/LP13/LP13_261130900.JPG,[2],train,-66.16387296,43.45367371
German_Bank_2010,LP13,LP13_261130913,https://www.frdr-dfdr.ca/repo/files/9/published/publication_961/submitted_data/01_Data/images/German_Bank_2010/LP13/LP13_261130913.JPG,[2],train,-66.16377766,43.45351783
German_Bank_2010,LP13,LP13_261130926,https://www.frdr-dfdr.ca/repo/files/9/published/publication_961/submitted_data/01_Data/images/German_Bank_2010/LP13/LP13_261130926.JPG,[2],train,-66.16368468,43.45336142
German_Bank_2010,LP13,LP13_261130939,https://www.frdr-dfdr.ca/repo/files/9/published/publication_961/submitted_data/01_Data/images/German_Bank_2010/LP13/LP13_261130939.JPG,[4],train,-66.16360626,43.45322592
German_Bank_2010,LP13,LP13_261130951,https://www.frdr-dfdr.ca/repo/files/9/published/publication_961/submitted_data/01_Data/images/German_Bank_2010/LP13/LP13_261130951.JPG,[4],train,-66.16353036,43.45309325
German_Bank_2010,LP13,LP13_261131004,https://www.frdr-dfdr.ca/repo/files/9/published/publication_961/submitted_data/01_Data/images/German_Bank_2010/LP13/LP13_261131004.JPG,[4],train,-66.16344559,43.45294237
German_Bank_2010,LP13,LP13_261131017,https://www.frdr-dfdr.ca/repo/files/9/published/publication_961/submitted_data/01_Data/images/German_Bank_2010/LP13/LP13_261131017.JPG,[4],train,-66.16335883,43.45278752
German_Bank_2010,LP13,LP13_261131030,https://www.frdr-dfdr.ca/repo/files/9/published/publication_961/submitted_data/01_Data/images/German_Bank_2010/LP13/LP13_261131030.JPG,[4],train,-66.16327359,43.45263762
German_Bank_2010,LP13,LP13_261131042,https://www.frdr-dfdr.ca/repo/files/9/published/publication_961/submitted_data/01_Data/images/German_Bank_2010/LP13/LP13_261131042.JPG,[4],train,-66.16318974,43.45249289
German_Bank_2010,LP13,LP13_261131055,https://www.frdr-dfdr.ca/repo/files/9/published/publication_961/submitted_data/01_Data/images/German_Bank_2010/LP13/LP13_261131055.JPG,[4],train,-66.16310167,43.45234391
German_Bank_2010,LP13,LP13_261131108,https://www.frdr-dfdr.ca/repo/files/9/published/publication_961/submitted_data/01_Data/images/German_Bank_2010/LP13/LP13_261131108.JPG,[4],train,-66.16301203,43.45219307
German_Bank_2010,LP13,LP13_261131121,https://www.frdr-dfdr.ca/repo/files/9/published/publication_961/submitted_data/01_Data/images/German_Bank_2010/LP13/LP13_261131121.JPG,[4],train,-66.1629189,43.45203673
German_Bank_2010,LP13,LP13_261131134,https://www.frdr-dfdr.ca/repo/files/9/published/publication_961/submitted_data/01_Data/images/German_Bank_2010/LP13/LP13_261131134.JPG,[4],train,-66.16282951,43.45188676
German_Bank_2010,LP13,LP13_261131147,https://www.frdr-dfdr.ca/repo/files/9/published/publication_961/submitted_data/01_Data/images/German_Bank_2010/LP13/LP13_261131147.JPG,[4],train,-66.16273933,43.45173458
German_Bank_2010,LP13,LP13_261131200,https://www.frdr-dfdr.ca/repo/files/9/published/publication_961/submitted_data/01_Data/images/German_Bank_2010/LP13/LP13_261131200.JPG,[4],train,-66.16264273,43.45157086
German_Bank_2010,LP13,LP13_261131213,https://www.frdr-dfdr.ca/repo/files/9/published/publication_961/submitted_data/01_Data/images/German_Bank_2010/LP13/LP13_261131213.JPG,[4],train,-66.16255323,43.45141647
German_Bank_2010,LP13,LP13_261131226,https://www.frdr-dfdr.ca/repo/files/9/published/publication_961/submitted_data/01_Data/images/German_Bank_2010/LP13/LP13_261131226.JPG,[4],train,-66.16246966,43.45126934
German_Bank_2010,LP13,LP13_261131239,https://www.frdr-dfdr.ca/repo/files/9/published/publication_961/submitted_data/01_Data/images/German_Bank_2010/LP13/LP13_261131239.JPG,[4],train,-66.16238057,43.45111078
German_Bank_2010,LP13,LP13_261131252,https://www.frdr-dfdr.ca/repo/files/9/published/publication_961/submitted_data/01_Data/images/German_Bank_2010/LP13/LP13_261131252.JPG,[4],train,-66.1622869,43.45094582
German_Bank_2010,LP13,LP13_261131304,https://www.frdr-dfdr.ca/repo/files/9/published/publication_961/submitted_data/01_Data/images/German_Bank_2010/LP13/LP13_261131304.JPG,[4],train,-66.16220473,43.45080351
German_Bank_2010,LP13,LP13_261131317,https://www.frdr-dfdr.ca/repo/files/9/published/publication_961/submitted_data/01_Data/images/German_Bank_2010/LP13/LP13_261131317.JPG,[4],train,-66.16211202,43.45064447
German_Bank_2010,LP13,LP13_261131330,https://www.frdr-dfdr.ca/repo/files/9/published/publication_961/submitted_data/01_Data/images/German_Bank_2010/LP13/LP13_261131330.JPG,[4],train,-66.16202042,43.45048619
German_Bank_2010,LP13,LP13_261131343,https://www.frdr-dfdr.ca/repo/files/9/published/publication_961/submitted_data/01_Data/images/German_Bank_2010/LP13/LP13_261131343.JPG,[4],train,-66.16192857,43.45032621
German_Bank_2010,Lp07,Lp07_257153247,https://www.frdr-dfdr.ca/repo/files/9/published/publication_961/submitted_data/01_Data/images/German_Bank_2010/Lp07/Lp07_257153247.JPG,[0],train,-66.4385911,43.49390386
German_Bank_2010,Lp07,Lp07_257153303,https://www.frdr-dfdr.ca/repo/files/9/published/publication_961/submitted_data/01_Data/images/German_Bank_2010/Lp07/Lp07_257153303.JPG,[0],train,-66.43861383,43.49378638
German_Bank_2010,Lp07,Lp07_257153319,https://www.frdr-dfdr.ca/repo/files/9/published/publication_961/submitted_data/01_Data/images/German_Bank_2010/Lp07/Lp07_257153319.JPG,[0],train,-66.43863841,43.49366243
German_Bank_2010,Lp07,Lp07_257153334,https://www.frdr-dfdr.ca/repo/files/9/published/publication_961/submitted_data/01_Data/images/German_Bank_2010/Lp07/Lp07_257153334.JPG,[0],train,-66.43866072,43.49355458
German_Bank_2010,Lp07,Lp07_257153350,https://www.frdr-dfdr.ca/repo/files/9/published/publication_961/submitted_data/01_Data/images/German_Bank_2010/Lp07/Lp07_257153350.JPG,[0],train,-66.43868421,43.49344665
German_Bank_2010,Lp07,Lp07_257153406,https://www.frdr-dfdr.ca/repo/files/9/published/publication_961/submitted_data/01_Data/images/German_Bank_2010/Lp07/Lp07_257153406.JPG,[0],train,-66.43871396,43.49331568
German_Bank_2010,Lp07,Lp07_257153422,https://www.frdr-dfdr.ca/repo/files/9/published/publication_961/submitted_data/01_Data/images/German_Bank_2010/Lp07/Lp07_257153422.JPG,[0],train,-66.43874644,43.49316772
German_Bank_2010,Lp07,Lp07_257153438,https://www.frdr-dfdr.ca/repo/files/9/published/publication_961/submitted_data/01_Data/images/German_Bank_2010/Lp07/Lp07_257153438.JPG,[0],train,-66.43878039,43.49299985
German_Bank_2010,Lp07,Lp07_257153454,https://www.frdr-dfdr.ca/repo/files/9/published/publication_961/submitted_data/01_Data/images/German_Bank_2010/Lp07/Lp07_257153454.JPG,[0],train,-66.43881915,43.49281825
German_Bank_2010,Lp07,Lp07_257153510,https://www.frdr-dfdr.ca/repo/files/9/published/publication_961/submitted_data/01_Data/images/German_Bank_2010/Lp07/Lp07_257153510.JPG,[0],train,-66.43887078,43.49261412
German_Bank_2010,Lp07,Lp07_257153526,https://www.frdr-dfdr.ca/repo/files/9/published/publication_961/submitted_data/01_Data/images/German_Bank_2010/Lp07/Lp07_257153526.JPG,[0],train,-66.43892367,43.49242371
German_Bank_2010,Lp07,Lp07_257153541,https://www.frdr-dfdr.ca/repo/files/9/published/publication_961/submitted_data/01_Data/images/German_Bank_2010/Lp07/Lp07_257153541.JPG,[0],train,-66.43897447,43.49224755
German_Bank_2010,Lp07,Lp07_257153557,https://www.frdr-dfdr.ca/repo/files/9/published/publication_961/submitted_data/01_Data/images/German_Bank_2010/Lp07/Lp07_257153557.JPG,[0],train,-66.43903581,43.49204494
German_Bank_2010,Lp07,Lp07_257153613,https://www.frdr-dfdr.ca/repo/files/9/published/publication_961/submitted_data/01_Data/images/German_Bank_2010/Lp07/Lp07_257153613.JPG,[0],train,-66.43909509,43.49185608
German_Bank_2010,Lp07,Lp07_257153629,https://www.frdr-dfdr.ca/repo/files/9/published/publication_961/submitted_data/01_Data/images/German_Bank_2010/Lp07/Lp07_257153629.JPG,[0],train,-66.43915998,43.49165388
German_Bank_2010,Lp07,Lp07_257153645,https://www.frdr-dfdr.ca/repo/files/9/published/publication_961/submitted_data/01_Data/images/German_Bank_2010/Lp07/Lp07_257153645.JPG,[0],train,-66.4392271,43.49144876
German_Bank_2010,Lp07,Lp07_257153701,https://www.frdr-dfdr.ca/repo/files/9/published/publication_961/submitted_data/01_Data/images/German_Bank_2010/Lp07/Lp07_257153701.JPG,[0],train,-66.43929153,43.49125755
German_Bank_2010,Lp07,Lp07_257153717,https://www.frdr-dfdr.ca/repo/files/9/published/publication_961/submitted_data/01_Data/images/German_Bank_2010/Lp07/Lp07_257153717.JPG,[0],train,-66.43936081,43.49105745
German_Bank_2010,Lp07,Lp07_257153733,https://www.frdr-dfdr.ca/repo/files/9/published/publication_961/submitted_data/01_Data/images/German_Bank_2010/Lp07/Lp07_257153733.JPG,[0],train,-66.43942338,43.49088158
German_Bank_2010,Lp07,Lp07_257153748,https://www.frdr-dfdr.ca/repo/files/9/published/publication_961/submitted_data/01_Data/images/German_Bank_2010/Lp07/Lp07_257153748.JPG,[0],train,-66.43947292,43.49075196
German_Bank_2010,Lp07,Lp07_257153804,https://www.frdr-dfdr.ca/repo/files/9/published/publication_961/submitted_data/01_Data/images/German_Bank_2010/Lp07/Lp07_257153804.JPG,[0],train,-66.43952778,43.49062001
German_Bank_2010,Lp07,Lp07_257153820,https://www.frdr-dfdr.ca/repo/files/9/published/publication_961/submitted_data/01_Data/images/German_Bank_2010/Lp07/Lp07_257153820.JPG,[0],train,-66.43958194,43.49049679
German_Bank_2010,Lp07,Lp07_257153836,https://www.frdr-dfdr.ca/repo/files/9/published/publication_961/submitted_data/01_Data/images/German_Bank_2010/Lp07/Lp07_257153836.JPG,[0],train,-66.43964298,43.49036022
German_Bank_2010,Lp07,Lp07_257153852,https://www.frdr-dfdr.ca/repo/files/9/published/publication_961/submitted_data/01_Data/images/German_Bank_2010/Lp07/Lp07_257153852.JPG,[0],train,-66.43970856,43.49021389
German_Bank_2010,Lp07,Lp07_257153908,https://www.frdr-dfdr.ca/repo/files/9/published/publication_961/submitted_data/01_Data/images/German_Bank_2010/Lp07/Lp07_257153908.JPG,[0],train,-66.43977799,43.49005914
German_Bank_2010,Lp07,Lp07_257153924,https://www.frdr-dfdr.ca/repo/files/9/published/publication_961/submitted_data/01_Data/images/German_Bank_2010/Lp07/Lp07_257153924.JPG,[0],train,-66.43984946,43.48989987
German_Bank_2010,Lp07,Lp07_257153940,https://www.frdr-dfdr.ca/repo/files/9/published/publication_961/submitted_data/01_Data/images/German_Bank_2010/Lp07/Lp07_257153940.JPG,[0],train,-66.4399216,43.48974044
German_Bank_2010,Lp07,Lp07_257153955,https://www.frdr-dfdr.ca/repo/files/9/published/publication_961/submitted_data/01_Data/images/German_Bank_2010/Lp07/Lp07_257153955.JPG,[0],train,-66.43999098,43.48958935
German_Bank_2010,Lp07,Lp07_257154011,https://www.frdr-dfdr.ca/repo/files/9/published/publication_961/submitted_data/01_Data/images/German_Bank_2010/Lp07/Lp07_257154011.JPG,[0],train,-66.4400641,43.48942875
German_Bank_2010,Lp07,Lp07_257154027,https://www.frdr-dfdr.ca/repo/files/9/published/publication_961/submitted_data/01_Data/images/German_Bank_2010/Lp07/Lp07_257154027.JPG,[0],train,-66.44013455,43.48927032
German_Bank_2010,Lp07,Lp07_257154043,https://www.frdr-dfdr.ca/repo/files/9/published/publication_961/submitted_data/01_Data/images/German_Bank_2010/Lp07/Lp07_257154043.JPG,[0],train,-66.44020376,43.48911315
German_Bank_2010,Lp07,Lp07_257154059,https://www.frdr-dfdr.ca/repo/files/9/published/publication_961/submitted_data/01_Data/images/German_Bank_2010/Lp07/Lp07_257154059.JPG,[0],dropped,-66.44027214,43.48896053
German_Bank_2010,Lp07,Lp07_257154115,https://www.frdr-dfdr.ca/repo/files/9/published/publication_961/submitted_data/01_Data/images/German_Bank_2010/Lp07/Lp07_257154115.JPG,[0],dropped,-66.44034658,43.48879784
German_Bank_2010,Lp07,Lp07_257154131,https://www.frdr-dfdr.ca/repo/files/9/published/publication_961/submitted_data/01_Data/images/German_Bank_2010/Lp07/Lp07_257154131.JPG,[0],test,-66.44041977,43.48863932
German_Bank_2010,Lp07,Lp07_257154147,https://www.frdr-dfdr.ca/repo/files/9/published/publication_961/submitted_data/01_Data/images/German_Bank_2010/Lp07/Lp07_257154147.JPG,[0],test,-66.44049229,43.48848345
German_Bank_2010,Lp07,Lp07_257154202,https://www.frdr-dfdr.ca/repo/files/9/published/publication_961/submitted_data/01_Data/images/German_Bank_2010/Lp07/Lp07_257154202.JPG,[0],test,-66.4405625,43.48833169
German_Bank_2010,Lp07,Lp07_257154218,https://www.frdr-dfdr.ca/repo/files/9/published/publication_961/submitted_data/01_Data/images/German_Bank_2010/Lp07/Lp07_257154218.JPG,[0],test,-66.44063182,43.48817976
German_Bank_2010,Lp07,Lp07_257154234,https://www.frdr-dfdr.ca/repo/files/9/published/publication_961/submitted_data/01_Data/images/German_Bank_2010/Lp07/Lp07_257154234.JPG,[0],test,-66.44070066,43.48802744
German_Bank_2010,Lp07,Lp07_257154250,https://www.frdr-dfdr.ca/repo/files/9/published/publication_961/submitted_data/01_Data/images/German_Bank_2010/Lp07/Lp07_257154250.JPG,[0],test,-66.44076905,43.48787434
German_Bank_2010,Lp07,Lp07_257154306,https://www.frdr-dfdr.ca/repo/files/9/published/publication_961/submitted_data/01_Data/images/German_Bank_2010/Lp07/Lp07_257154306.JPG,[0],test,-66.44083366,43.4877335
German_Bank_2010,Lp07,Lp07_257154322,https://www.frdr-dfdr.ca/repo/files/9/published/publication_961/submitted_data/01_Data/images/German_Bank_2010/Lp07/Lp07_257154322.JPG,[0],test,-66.44090267,43.48758828
German_Bank_2010,Lp07,Lp07_257154338,https://www.frdr-dfdr.ca/repo/files/9/published/publication_961/submitted_data/01_Data/images/German_Bank_2010/Lp07/Lp07_257154338.JPG,[0],test,-66.44097386,43.48744102
German_Bank_2010,Lp07,Lp07_257154354,https://www.frdr-dfdr.ca/repo/files/9/published/publication_961/submitted_data/01_Data/images/German_Bank_2010/Lp07/Lp07_257154354.JPG,[0],test,-66.44104435,43.48729814
German_Bank_2010,Lp07,Lp07_257154409,https://www.frdr-dfdr.ca/repo/files/9/published/publication_961/submitted_data/01_Data/images/German_Bank_2010/Lp07/Lp07_257154409.JPG,[0],test,-66.44111079,43.48716247
German_Bank_2010,Lp07,Lp07_257154425,https://www.frdr-dfdr.ca/repo/files/9/published/publication_961/submitted_data/01_Data/images/German_Bank_2010/Lp07/Lp07_257154425.JPG,[0],test,-66.44117993,43.48701967
German_Bank_2010,Lp07,Lp07_257154441,https://www.frdr-dfdr.ca/repo/files/9/published/publication_961/submitted_data/01_Data/images/German_Bank_2010/Lp07/Lp07_257154441.JPG,[0],test,-66.44125064,43.48687074
German_Bank_2010,Lp07,Lp07_257154457,https://www.frdr-dfdr.ca/repo/files/9/published/publication_961/submitted_data/01_Data/images/German_Bank_2010/Lp07/Lp07_257154457.JPG,[0],dropped,-66.44132838,43.4867075
German_Bank_2010,Lp07,Lp07_257154513,https://www.frdr-dfdr.ca/repo/files/9/published/publication_961/submitted_data/01_Data/images/German_Bank_2010/Lp07/Lp07_257154513.JPG,[0],dropped,-66.44139895,43.48655954
German_Bank_2010,Lp07,Lp07_257154529,https://www.frdr-dfdr.ca/repo/files/9/published/publication_961/submitted_data/01_Data/images/German_Bank_2010/Lp07/Lp07_257154529.JPG,[0],train,-66.44147036,43.4864072
German_Bank_2010,Lp07,Lp07_257154545,https://www.frdr-dfdr.ca/repo/files/9/published/publication_961/submitted_data/01_Data/images/German_Bank_2010/Lp07/Lp07_257154545.JPG,[0],train,-66.44153752,43.4862624
German_Bank_2010,Lp07,Lp07_257154600,https://www.frdr-dfdr.ca/repo/files/9/published/publication_961/submitted_data/01_Data/images/German_Bank_2010/Lp07/Lp07_257154600.JPG,[0],train,-66.44160955,43.48610947
German_Bank_2010,Lp07,Lp07_257154616,https://www.frdr-dfdr.ca/repo/files/9/published/publication_961/submitted_data/01_Data/images/German_Bank_2010/Lp07/Lp07_257154616.JPG,[0],train,-66.44168631,43.48595074
German_Bank_2010,Lp07,Lp07_257154632,https://www.frdr-dfdr.ca/repo/files/9/published/publication_961/submitted_data/01_Data/images/German_Bank_2010/Lp07/Lp07_257154632.JPG,[0],train,-66.4417642,43.48579247
German_Bank_2010,Lp07,Lp07_257154648,https://www.frdr-dfdr.ca/repo/files/9/published/publication_961/submitted_data/01_Data/images/German_Bank_2010/Lp07/Lp07_257154648.JPG,[0],train,-66.4418387,43.48564177
German_Bank_2010,Lp07,Lp07_257154704,https://www.frdr-dfdr.ca/repo/files/9/published/publication_961/submitted_data/01_Data/images/German_Bank_2010/Lp07/Lp07_257154704.JPG,[0],train,-66.44192582,43.485467
German_Bank_2010,Lp08,Lp08_257162554,https://www.frdr-dfdr.ca/repo/files/9/published/publication_961/submitted_data/01_Data/images/German_Bank_2010/Lp08/Lp08_257162554.JPG,[0],train,-66.49541024,43.52744064
German_Bank_2010,Lp08,Lp08_257162610,https://www.frdr-dfdr.ca/repo/files/9/published/publication_961/submitted_data/01_Data/images/German_Bank_2010/Lp08/Lp08_257162610.JPG,[0],train,-66.49557456,43.52740783
German_Bank_2010,Lp08,Lp08_257162626,https://www.frdr-dfdr.ca/repo/files/9/published/publication_961/submitted_data/01_Data/images/German_Bank_2010/Lp08/Lp08_257162626.JPG,[0],train,-66.49574751,43.52737694
German_Bank_2010,Lp08,Lp08_257162642,https://www.frdr-dfdr.ca/repo/files/9/published/publication_961/submitted_data/01_Data/images/German_Bank_2010/Lp08/Lp08_257162642.JPG,[0],train,-66.49591574,43.52734709
German_Bank_2010,Lp08,Lp08_257162658,https://www.frdr-dfdr.ca/repo/files/9/published/publication_961/submitted_data/01_Data/images/German_Bank_2010/Lp08/Lp08_257162658.JPG,[0],train,-66.49612824,43.52730534
German_Bank_2010,Lp08,Lp08_257162713,https://www.frdr-dfdr.ca/repo/files/9/published/publication_961/submitted_data/01_Data/images/German_Bank_2010/Lp08/Lp08_257162713.JPG,[0],train,-66.49633494,43.52725922
German_Bank_2010,Lp08,Lp08_257162729,https://www.frdr-dfdr.ca/repo/files/9/published/publication_961/submitted_data/01_Data/images/German_Bank_2010/Lp08/Lp08_257162729.JPG,[0],train,-66.49656179,43.52720308
German_Bank_2010,Lp08,Lp08_257162745,https://www.frdr-dfdr.ca/repo/files/9/published/publication_961/submitted_data/01_Data/images/German_Bank_2010/Lp08/Lp08_257162745.JPG,[0],train,-66.49675669,43.52715216
German_Bank_2010,Lp08,Lp08_257162801,https://www.frdr-dfdr.ca/repo/files/9/published/publication_961/submitted_data/01_Data/images/German_Bank_2010/Lp08/Lp08_257162801.JPG,[0],train,-66.49692508,43.52710858
German_Bank_2010,Lp08,Lp08_257162817,https://www.frdr-dfdr.ca/repo/files/9/published/publication_961/submitted_data/01_Data/images/German_Bank_2010/Lp08/Lp08_257162817.JPG,[0],train,-66.49712731,43.52705811
German_Bank_2010,Lp08,Lp08_257162833,https://www.frdr-dfdr.ca/repo/files/9/published/publication_961/submitted_data/01_Data/images/German_Bank_2010/Lp08/Lp08_257162833.JPG,[0],train,-66.49732861,43.52700632
German_Bank_2010,Lp08,Lp08_257162849,https://www.frdr-dfdr.ca/repo/files/9/published/publication_961/submitted_data/01_Data/images/German_Bank_2010/Lp08/Lp08_257162849.JPG,[0],dropped,-66.49755293,43.52694371
German_Bank_2010,Lp08,Lp08_257162905,https://www.frdr-dfdr.ca/repo/files/9/published/publication_961/submitted_data/01_Data/images/German_Bank_2010/Lp08/Lp08_257162905.JPG,[0],dropped,-66.49777719,43.52687561
German_Bank_2010,Lp08,Lp08_257162920,https://www.frdr-dfdr.ca/repo/files/9/published/publication_961/submitted_data/01_Data/images/German_Bank_2010/Lp08/Lp08_257162920.JPG,[0],test,-66.49799282,43.52680687
German_Bank_2010,Lp08,Lp08_257162936,https://www.frdr-dfdr.ca/repo/files/9/published/publication_961/submitted_data/01_Data/images/German_Bank_2010/Lp08/Lp08_257162936.JPG,[0],test,-66.4982007,43.52673806
German_Bank_2010,Lp08,Lp08_257162952,https://www.frdr-dfdr.ca/repo/files/9/published/publication_961/submitted_data/01_Data/images/German_Bank_2010/Lp08/Lp08_257162952.JPG,[0],test,-66.49839688,43.52667066
German_Bank_2010,Lp08,Lp08_257163008,https://www.frdr-dfdr.ca/repo/files/9/published/publication_961/submitted_data/01_Data/images/German_Bank_2010/Lp08/Lp08_257163008.JPG,[0],test,-66.49858766,43.52660377
German_Bank_2010,Lp08,Lp08_257163024,https://www.frdr-dfdr.ca/repo/files/9/published/publication_961/submitted_data/01_Data/images/German_Bank_2010/Lp08/Lp08_257163024.JPG,[0],test,-66.49879362,43.52653143
German_Bank_2010,Lp08,Lp08_257163040,https://www.frdr-dfdr.ca/repo/files/9/published/publication_961/submitted_data/01_Data/images/German_Bank_2010/Lp08/Lp08_257163040.JPG,[0],test,-66.49898286,43.52646554
German_Bank_2010,Lp08,Lp08_257163056,https://www.frdr-dfdr.ca/repo/files/9/published/publication_961/submitted_data/01_Data/images/German_Bank_2010/Lp08/Lp08_257163056.JPG,[0],test,-66.49919067,43.52639277
German_Bank_2010,Lp08,Lp08_257163112,https://www.frdr-dfdr.ca/repo/files/9/published/publication_961/submitted_data/01_Data/images/German_Bank_2010/Lp08/Lp08_257163112.JPG,[0],test,-66.4993871,43.52632202
German_Bank_2010,Lp08,Lp08_257163127,https://www.frdr-dfdr.ca/repo/files/9/published/publication_961/submitted_data/01_Data/images/German_Bank_2010/Lp08/Lp08_257163127.JPG,[0],test,-66.49958942,43.52624689
German_Bank_2010,Lp08,Lp08_257163143,https://www.frdr-dfdr.ca/repo/files/9/published/publication_961/submitted_data/01_Data/images/German_Bank_2010/Lp08/Lp08_257163143.JPG,[0],test,-66.49979734,43.5261682
German_Bank_2010,Lp08,Lp08_257163159,https://www.frdr-dfdr.ca/repo/files/9/published/publication_961/submitted_data/01_Data/images/German_Bank_2010/Lp08/Lp08_257163159.JPG,[0],test,-66.50001336,43.52608576
German_Bank_2010,Lp08,Lp08_257163215,https://www.frdr-dfdr.ca/repo/files/9/published/publication_961/submitted_data/01_Data/images/German_Bank_2010/Lp08/Lp08_257163215.JPG,[0],dropped,-66.50022112,43.52600551
German_Bank_2010,Lp08,Lp08_257163231,https://www.frdr-dfdr.ca/repo/files/9/published/publication_961/submitted_data/01_Data/images/German_Bank_2010/Lp08/Lp08_257163231.JPG,[0],dropped,-66.50043647,43.5259206
German_Bank_2010,Lp08,Lp08_257163247,https://www.frdr-dfdr.ca/repo/files/9/published/publication_961/submitted_data/01_Data/images/German_Bank_2010/Lp08/Lp08_257163247.JPG,[0],train,-66.50064145,43.52583762
German_Bank_2010,Lp08,Lp08_257163303,https://www.frdr-dfdr.ca/repo/files/9/published/publication_961/submitted_data/01_Data/images/German_Bank_2010/Lp08/Lp08_257163303.JPG,[0],train,-66.50084432,43.52575381
German_Bank_2010,Lp08,Lp08_257163319,https://www.frdr-dfdr.ca/repo/files/9/published/publication_961/submitted_data/01_Data/images/German_Bank_2010/Lp08/Lp08_257163319.JPG,[0],train,-66.50106073,43.5256636
German_Bank_2010,Lp08,Lp08_257163335,https://www.frdr-dfdr.ca/repo/files/9/published/publication_961/submitted_data/01_Data/images/German_Bank_2010/Lp08/Lp08_257163335.JPG,[0],train,-66.50126495,43.52557798
German_Bank_2010,Lp08,Lp08_257163350,https://www.frdr-dfdr.ca/repo/files/9/published/publication_961/submitted_data/01_Data/images/German_Bank_2010/Lp08/Lp08_257163350.JPG,[0],train,-66.50145514,43.52549687
German_Bank_2010,Lp08,Lp08_257163406,https://www.frdr-dfdr.ca/repo/files/9/published/publication_961/submitted_data/01_Data/images/German_Bank_2010/Lp08/Lp08_257163406.JPG,[0],train,-66.50163791,43.52541637
German_Bank_2010,Lp08,Lp08_257163422,https://www.frdr-dfdr.ca/repo/files/9/published/publication_961/submitted_data/01_Data/images/German_Bank_2010/Lp08/Lp08_257163422.JPG,[0],train,-66.50181986,43.52533334
German_Bank_2010,Lp08,Lp08_257163438,https://www.frdr-dfdr.ca/repo/files/9/published/publication_961/submitted_data/01_Data/images/German_Bank_2010/Lp08/Lp08_257163438.JPG,[0],train,-66.5020053,43.52524738
German_Bank_2010,Lp08,Lp08_257163454,https://www.frdr-dfdr.ca/repo/files/9/published/publication_961/submitted_data/01_Data/images/German_Bank_2010/Lp08/Lp08_257163454.JPG,[0],train,-66.50217898,43.52516589
German_Bank_2010,Lp08,Lp08_257163510,https://www.frdr-dfdr.ca/repo/files/9/published/publication_961/submitted_data/01_Data/images/German_Bank_2010/Lp08/Lp08_257163510.JPG,[0],train,-66.50235891,43.52508114
German_Bank_2010,Lp08,Lp08_257163526,https://www.frdr-dfdr.ca/repo/files/9/published/publication_961/submitted_data/01_Data/images/German_Bank_2010/Lp08/Lp08_257163526.JPG,[0],train,-66.50252789,43.52500095
German_Bank_2010,Lp08,Lp08_257163542,https://www.frdr-dfdr.ca/repo/files/9/published/publication_961/submitted_data/01_Data/images/German_Bank_2010/Lp08/Lp08_257163542.JPG,[0],train,-66.50269301,43.52492143
German_Bank_2010,Lp08,Lp08_257163557,https://www.frdr-dfdr.ca/repo/files/9/published/publication_961/submitted_data/01_Data/images/German_Bank_2010/Lp08/Lp08_257163557.JPG,[0],train,-66.5028453,43.52484661
German_Bank_2010,Lp08,Lp08_257163613,https://www.frdr-dfdr.ca/repo/files/9/published/publication_961/submitted_data/01_Data/images/German_Bank_2010/Lp08/Lp08_257163613.JPG,[0],train,-66.50301057,43.52476475
German_Bank_2010,Lp08,Lp08_257163629,https://www.frdr-dfdr.ca/repo/files/9/published/publication_961/submitted_data/01_Data/images/German_Bank_2010/Lp08/Lp08_257163629.JPG,[0],train,-66.50318702,43.52467667
German_Bank_2010,Lp08,Lp08_257163645,https://www.frdr-dfdr.ca/repo/files/9/published/publication_961/submitted_data/01_Data/images/German_Bank_2010/Lp08/Lp08_257163645.JPG,[0],train,-66.50335436,43.52459268
German_Bank_2010,Lp08,Lp08_257163701,https://www.frdr-dfdr.ca/repo/files/9/published/publication_961/submitted_data/01_Data/images/German_Bank_2010/Lp08/Lp08_257163701.JPG,[0],train,-66.50351914,43.52450996
German_Bank_2010,Lp08,Lp08_257163717,https://www.frdr-dfdr.ca/repo/files/9/published/publication_961/submitted_data/01_Data/images/German_Bank_2010/Lp08/Lp08_257163717.JPG,[0],dropped,-66.50369814,43.52441956
German_Bank_2010,Lp08,Lp08_257163733,https://www.frdr-dfdr.ca/repo/files/9/published/publication_961/submitted_data/01_Data/images/German_Bank_2010/Lp08/Lp08_257163733.JPG,[0],dropped,-66.50386411,43.52433508
German_Bank_2010,Lp08,Lp08_257163749,https://www.frdr-dfdr.ca/repo/files/9/published/publication_961/submitted_data/01_Data/images/German_Bank_2010/Lp08/Lp08_257163749.JPG,[0],test,-66.50404393,43.52424376
German_Bank_2010,Lp08,Lp08_257163804,https://www.frdr-dfdr.ca/repo/files/9/published/publication_961/submitted_data/01_Data/images/German_Bank_2010/Lp08/Lp08_257163804.JPG,[0],dropped,-66.50421898,43.52415569
German_Bank_2010,Lp08,Lp08_257163820,https://www.frdr-dfdr.ca/repo/files/9/published/publication_961/submitted_data/01_Data/images/German_Bank_2010/Lp08/Lp08_257163820.JPG,[0],dropped,-66.50439757,43.52406685
German_Bank_2010,Lp08,Lp08_257163836,https://www.frdr-dfdr.ca/repo/files/9/published/publication_961/submitted_data/01_Data/images/German_Bank_2010/Lp08/Lp08_257163836.JPG,[0],train,-66.50456892,43.52398215
German_Bank_2010,Lp08,Lp08_257163852,https://www.frdr-dfdr.ca/repo/files/9/published/publication_961/submitted_data/01_Data/images/German_Bank_2010/Lp08/Lp08_257163852.JPG,[0],train,-66.50473813,43.52389763
German_Bank_2010,Lp08,Lp08_257163908,https://www.frdr-dfdr.ca/repo/files/9/published/publication_961/submitted_data/01_Data/images/German_Bank_2010/Lp08/Lp08_257163908.JPG,[0],train,-66.50490522,43.52381296
German_Bank_2010,Lp08,Lp08_257163924,https://www.frdr-dfdr.ca/repo/files/9/published/publication_961/submitted_data/01_Data/images/German_Bank_2010/Lp08/Lp08_257163924.JPG,[0],train,-66.50506635,43.52373001
German_Bank_2010,Lp08,Lp08_257163940,https://www.frdr-dfdr.ca/repo/files/9/published/publication_961/submitted_data/01_Data/images/German_Bank_2010/Lp08/Lp08_257163940.JPG,[0],train,-66.50522915,43.52364448
German_Bank_2010,Lp08,Lp08_257163956,https://www.frdr-dfdr.ca/repo/files/9/published/publication_961/submitted_data/01_Data/images/German_Bank_2010/Lp08/Lp08_257163956.JPG,[0],train,-66.5053956,43.52355443
German_Bank_2010,Lp08,Lp08_257164011,https://www.frdr-dfdr.ca/repo/files/9/published/publication_961/submitted_data/01_Data/images/German_Bank_2010/Lp08/Lp08_257164011.JPG,[0],train,-66.50554701,43.52347018
German_Bank_2010,Lp08,Lp08_257164027,https://www.frdr-dfdr.ca/repo/files/9/published/publication_961/submitted_data/01_Data/images/German_Bank_2010/Lp08/Lp08_257164027.JPG,[0],train,-66.50572726,43.52336842
German_Bank_2010,Lp09,Lp09_257172652,https://www.frdr-dfdr.ca/repo/files/9/published/publication_961/submitted_data/01_Data/images/German_Bank_2010/Lp09/Lp09_257172652.JPG,[0],train,-66.5815223,43.52161686
German_Bank_2010,Lp09,Lp09_257172717,https://www.frdr-dfdr.ca/repo/files/9/published/publication_961/submitted_data/01_Data/images/German_Bank_2010/Lp09/Lp09_257172717.JPG,[0],train,-66.58180291,43.52142275
German_Bank_2010,Lp09,Lp09_257172733,https://www.frdr-dfdr.ca/repo/files/9/published/publication_961/submitted_data/01_Data/images/German_Bank_2010/Lp09/Lp09_257172733.JPG,[0],train,-66.581981,43.52129932
German_Bank_2010,Lp09,Lp09_257172749,https://www.frdr-dfdr.ca/repo/files/9/published/publication_961/submitted_data/01_Data/images/German_Bank_2010/Lp09/Lp09_257172749.JPG,[0],train,-66.58215292,43.52117835
German_Bank_2010,Lp09,Lp09_257172804,https://www.frdr-dfdr.ca/repo/files/9/published/publication_961/submitted_data/01_Data/images/German_Bank_2010/Lp09/Lp09_257172804.JPG,[0],train,-66.58231916,43.52106001
German_Bank_2010,Lp09,Lp09_257172820,https://www.frdr-dfdr.ca/repo/files/9/published/publication_961/submitted_data/01_Data/images/German_Bank_2010/Lp09/Lp09_257172820.JPG,[0],train,-66.58249257,43.52093685
German_Bank_2010,Lp09,Lp09_257172836,https://www.frdr-dfdr.ca/repo/files/9/published/publication_961/submitted_data/01_Data/images/German_Bank_2010/Lp09/Lp09_257172836.JPG,[0],train,-66.58268769,43.52080618
German_Bank_2010,Lp09,Lp09_257172852,https://www.frdr-dfdr.ca/repo/files/9/published/publication_961/submitted_data/01_Data/images/German_Bank_2010/Lp09/Lp09_257172852.JPG,[0],train,-66.58289792,43.52067765
German_Bank_2010,Lp09,Lp09_257172908,https://www.frdr-dfdr.ca/repo/files/9/published/publication_961/submitted_data/01_Data/images/German_Bank_2010/Lp09/Lp09_257172908.JPG,[0],train,-66.58309354,43.52056351
German_Bank_2010,Lp09,Lp09_257172924,https://www.frdr-dfdr.ca/repo/files/9/published/publication_961/submitted_data/01_Data/images/German_Bank_2010/Lp09/Lp09_257172924.JPG,[0],train,-66.58326915,43.52046094
German_Bank_2010,Lp09,Lp09_257172940,https://www.frdr-dfdr.ca/repo/files/9/published/publication_961/submitted_data/01_Data/images/German_Bank_2010/Lp09/Lp09_257172940.JPG,[0],train,-66.5834385,43.52036165
German_Bank_2010,Lp09,Lp09_257172956,https://www.frdr-dfdr.ca/repo/files/9/published/publication_961/submitted_data/01_Data/images/German_Bank_2010/Lp09/Lp09_257172956.JPG,[0],train,-66.58361354,43.5202594
German_Bank_2010,Lp09,Lp09_257173011,https://www.frdr-dfdr.ca/repo/files/9/published/publication_961/submitted_data/01_Data/images/German_Bank_2010/Lp09/Lp09_257173011.JPG,[0],train,-66.58377781,43.52016397
German_Bank_2010,Lp09,Lp09_257173027,https://www.frdr-dfdr.ca/repo/files/9/published/publication_961/submitted_data/01_Data/images/German_Bank_2010/Lp09/Lp09_257173027.JPG,[0],train,-66.58394686,43.52006641
German_Bank_2010,Lp09,Lp09_257173043,https://www.frdr-dfdr.ca/repo/files/9/published/publication_961/submitted_data/01_Data/images/German_Bank_2010/Lp09/Lp09_257173043.JPG,[0],dropped,-66.58412936,43.51996171
German_Bank_2010,Lp09,Lp09_257173059,https://www.frdr-dfdr.ca/repo/files/9/published/publication_961/submitted_data/01_Data/images/German_Bank_2010/Lp09/Lp09_257173059.JPG,[0],dropped,-66.58429512,43.51986639
German_Bank_2010,Lp09,Lp09_257173115,https://www.frdr-dfdr.ca/repo/files/9/published/publication_961/submitted_data/01_Data/images/German_Bank_2010/Lp09/Lp09_257173115.JPG,[0],test,-66.58447003,43.51976496
German_Bank_2010,Lp09,Lp09_257173131,https://www.frdr-dfdr.ca/repo/files/9/published/publication_961/submitted_data/01_Data/images/German_Bank_2010/Lp09/Lp09_257173131.JPG,[0],test,-66.58464306,43.51966442
German_Bank_2010,Lp09,Lp09_257173147,https://www.frdr-dfdr.ca/repo/files/9/published/publication_961/submitted_data/01_Data/images/German_Bank_2010/Lp09/Lp09_257173147.JPG,[0],test,-66.58483118,43.51955554
German_Bank_2010,Lp09,Lp09_257173202,https://www.frdr-dfdr.ca/repo/files/9/published/publication_961/submitted_data/01_Data/images/German_Bank_2010/Lp09/Lp09_257173202.JPG,[0],test,-66.5850063,43.51945406
German_Bank_2010,Lp09,Lp09_257173218,https://www.frdr-dfdr.ca/repo/files/9/published/publication_961/submitted_data/01_Data/images/German_Bank_2010/Lp09/Lp09_257173218.JPG,[0],test,-66.58517521,43.51935719
German_Bank_2010,Lp09,Lp09_257173234,https://www.frdr-dfdr.ca/repo/files/9/published/publication_961/submitted_data/01_Data/images/German_Bank_2010/Lp09/Lp09_257173234.JPG,[0],test,-66.58535832,43.51925582
German_Bank_2010,Lp09,Lp09_257173250,https://www.frdr-dfdr.ca/repo/files/9/published/publication_961/submitted_data/01_Data/images/German_Bank_2010/Lp09/Lp09_257173250.JPG,[0],test,-66.58552544,43.51916571
German_Bank_2010,Lp09,Lp09_257173306,https://www.frdr-dfdr.ca/repo/files/9/published/publication_961/submitted_data/01_Data/images/German_Bank_2010/Lp09/Lp09_257173306.JPG,[0],test,-66.58569027,43.51907806
German_Bank_2010,Lp09,Lp09_257173322,https://www.frdr-dfdr.ca/repo/files/9/published/publication_961/submitted_data/01_Data/images/German_Bank_2010/Lp09/Lp09_257173322.JPG,[0],test,-66.58585661,43.51898995
German_Bank_2010,Lp09,Lp09_257173338,https://www.frdr-dfdr.ca/repo/files/9/published/publication_961/submitted_data/01_Data/images/German_Bank_2010/Lp09/Lp09_257173338.JPG,[0],test,-66.58602348,43.51890221
German_Bank_2010,Lp09,Lp09_257173354,https://www.frdr-dfdr.ca/repo/files/9/published/publication_961/submitted_data/01_Data/images/German_Bank_2010/Lp09/Lp09_257173354.JPG,[0],test,-66.58620987,43.51880415
German_Bank_2010,Lp09,Lp09_257173409,https://www.frdr-dfdr.ca/repo/files/9/published/publication_961/submitted_data/01_Data/images/German_Bank_2010/Lp09/Lp09_257173409.JPG,[0],test,-66.58636304,43.51872278
German_Bank_2010,Lp09,Lp09_257173425,https://www.frdr-dfdr.ca/repo/files/9/published/publication_961/submitted_data/01_Data/images/German_Bank_2010/Lp09/Lp09_257173425.JPG,[0],test,-66.58654555,43.51862622
German_Bank_2010,Lp09,Lp09_257173441,https://www.frdr-dfdr.ca/repo/files/9/published/publication_961/submitted_data/01_Data/images/German_Bank_2010/Lp09/Lp09_257173441.JPG,[0],test,-66.58673296,43.5185261
German_Bank_2010,Lp09,Lp09_257173457,https://www.frdr-dfdr.ca/repo/files/9/published/publication_961/submitted_data/01_Data/images/German_Bank_2010/Lp09/Lp09_257173457.JPG,[0],test,-66.58692027,43.51842535
German_Bank_2010,Lp09,Lp09_257173513,https://www.frdr-dfdr.ca/repo/files/9/published/publication_961/submitted_data/01_Data/images/German_Bank_2010/Lp09/Lp09_257173513.JPG,[0],test,-66.587112,43.51832199
German_Bank_2010,Lp09,Lp09_257173529,https://www.frdr-dfdr.ca/repo/files/9/published/publication_961/submitted_data/01_Data/images/German_Bank_2010/Lp09/Lp09_257173529.JPG,[0],test,-66.58729505,43.51822301
German_Bank_2010,Lp09,Lp09_257173545,https://www.frdr-dfdr.ca/repo/files/9/published/publication_961/submitted_data/01_Data/images/German_Bank_2010/Lp09/Lp09_257173545.JPG,[0],test,-66.58749275,43.51811469
German_Bank_2010,Lp09,Lp09_257173601,https://www.frdr-dfdr.ca/repo/files/9/published/publication_961/submitted_data/01_Data/images/German_Bank_2010/Lp09/Lp09_257173601.JPG,[0],dropped,-66.58767334,43.51801535
German_Bank_2010,Lp09,Lp09_257173616,https://www.frdr-dfdr.ca/repo/files/9/published/publication_961/submitted_data/01_Data/images/German_Bank_2010/Lp09/Lp09_257173616.JPG,[0],dropped,-66.58784806,43.51792059
German_Bank_2010,Lp09,Lp09_257173632,https://www.frdr-dfdr.ca/repo/files/9/published/publication_961/submitted_data/01_Data/images/German_Bank_2010/Lp09/Lp09_257173632.JPG,[0],train,-66.58805768,43.51780896
German_Bank_2010,Lp09,Lp09_257173648,https://www.frdr-dfdr.ca/repo/files/9/published/publication_961/submitted_data/01_Data/images/German_Bank_2010/Lp09/Lp09_257173648.JPG,[0],train,-66.58822452,43.51771955
German_Bank_2010,Lp09,Lp09_257173704,https://www.frdr-dfdr.ca/repo/files/9/published/publication_961/submitted_data/01_Data/images/German_Bank_2010/Lp09/Lp09_257173704.JPG,[0],train,-66.5884178,43.51761356
German_Bank_2010,Lp09,Lp09_257173720,https://www.frdr-dfdr.ca/repo/files/9/published/publication_961/submitted_data/01_Data/images/German_Bank_2010/Lp09/Lp09_257173720.JPG,[0],train,-66.58859941,43.51751396
German_Bank_2010,Lp09,Lp09_257173736,https://www.frdr-dfdr.ca/repo/files/9/published/publication_961/submitted_data/01_Data/images/German_Bank_2010/Lp09/Lp09_257173736.JPG,[0],train,-66.58879637,43.51740717
German_Bank_2010,Lp09,Lp09_257173752,https://www.frdr-dfdr.ca/repo/files/9/published/publication_961/submitted_data/01_Data/images/German_Bank_2010/Lp09/Lp09_257173752.JPG,[0],train,-66.58897782,43.51730928
German_Bank_2010,Lp09,Lp09_257173808,https://www.frdr-dfdr.ca/repo/files/9/published/publication_961/submitted_data/01_Data/images/German_Bank_2010/Lp09/Lp09_257173808.JPG,[0],train,-66.58915588,43.51721354
German_Bank_2010,Lp09,Lp09_257173823,https://www.frdr-dfdr.ca/repo/files/9/published/publication_961/submitted_data/01_Data/images/German_Bank_2010/Lp09/Lp09_257173823.JPG,[0],train,-66.58932746,43.51712123
German_Bank_2010,Lp09,Lp09_257173839,https://www.frdr-dfdr.ca/repo/files/9/published/publication_961/submitted_data/01_Data/images/German_Bank_2010/Lp09/Lp09_257173839.JPG,[0],train,-66.58951817,43.5170188
German_Bank_2010,Lp09,Lp09_257173855,https://www.frdr-dfdr.ca/repo/files/9/published/publication_961/submitted_data/01_Data/images/German_Bank_2010/Lp09/Lp09_257173855.JPG,[0],train,-66.58970231,43.51692041
German_Bank_2010,Lp09,Lp09_257173911,https://www.frdr-dfdr.ca/repo/files/9/published/publication_961/submitted_data/01_Data/images/German_Bank_2010/Lp09/Lp09_257173911.JPG,[0],train,-66.58990666,43.51681231
German_Bank_2010,Lp09,Lp09_257173927,https://www.frdr-dfdr.ca/repo/files/9/published/publication_961/submitted_data/01_Data/images/German_Bank_2010/Lp09/Lp09_257173927.JPG,[0],train,-66.59010656,43.51670748
German_Bank_2010,Lp09,Lp09_257173943,https://www.frdr-dfdr.ca/repo/files/9/published/publication_961/submitted_data/01_Data/images/German_Bank_2010/Lp09/Lp09_257173943.JPG,[0],train,-66.5903118,43.51659839
German_Bank_2010,Lp10,Lp10_257133734,https://www.frdr-dfdr.ca/repo/files/9/published/publication_961/submitted_data/01_Data/images/German_Bank_2010/Lp10/Lp10_257133734.JPG,[0],train,-66.50713563,43.46778754
German_Bank_2010,Lp10,Lp10_257133749,https://www.frdr-dfdr.ca/repo/files/9/published/publication_961/submitted_data/01_Data/images/German_Bank_2010/Lp10/Lp10_257133749.JPG,[0],train,-66.50695885,43.46785026
German_Bank_2010,Lp10,Lp10_257133805,https://www.frdr-dfdr.ca/repo/files/9/published/publication_961/submitted_data/01_Data/images/German_Bank_2010/Lp10/Lp10_257133805.JPG,[0],dropped,-66.50676066,43.4679224
German_Bank_2010,Lp10,Lp10_257133821,https://www.frdr-dfdr.ca/repo/files/9/published/publication_961/submitted_data/01_Data/images/German_Bank_2010/Lp10/Lp10_257133821.JPG,[0],dropped,-66.50658278,43.46798886
German_Bank_2010,Lp10,Lp10_257133837,https://www.frdr-dfdr.ca/repo/files/9/published/publication_961/submitted_data/01_Data/images/German_Bank_2010/Lp10/Lp10_257133837.JPG,[0],dropped,-66.50640611,43.46805626
German_Bank_2010,Lp10,Lp10_257133853,https://www.frdr-dfdr.ca/repo/files/9/published/publication_961/submitted_data/01_Data/images/German_Bank_2010/Lp10/Lp10_257133853.JPG,[0],test,-66.50622625,43.46812586
German_Bank_2010,Lp10,Lp10_257133909,https://www.frdr-dfdr.ca/repo/files/9/published/publication_961/submitted_data/01_Data/images/German_Bank_2010/Lp10/Lp10_257133909.JPG,[0],test,-66.50605636,43.46819193
German_Bank_2010,Lp10,Lp10_257133925,https://www.frdr-dfdr.ca/repo/files/9/published/publication_961/submitted_data/01_Data/images/German_Bank_2010/Lp10/Lp10_257133925.JPG,[0],test,-66.50587143,43.46826452
German_Bank_2010,Lp10,Lp10_257133941,https://www.frdr-dfdr.ca/repo/files/9/published/publication_961/submitted_data/01_Data/images/German_Bank_2010/Lp10/Lp10_257133941.JPG,[0],test,-66.50569452,43.46833455
German_Bank_2010,Lp10,Lp10_257133957,https://www.frdr-dfdr.ca/repo/files/9/published/publication_961/submitted_data/01_Data/images/German_Bank_2010/Lp10/Lp10_257133957.JPG,[0],test,-66.50551818,43.46840492
German_Bank_2010,Lp10,Lp10_257134012,https://www.frdr-dfdr.ca/repo/files/9/published/publication_961/submitted_data/01_Data/images/German_Bank_2010/Lp10/Lp10_257134012.JPG,[0],test,-66.50537721,43.46846045
German_Bank_2010,Lp10,Lp10_257134028,https://www.frdr-dfdr.ca/repo/files/9/published/publication_961/submitted_data/01_Data/images/German_Bank_2010/Lp10/Lp10_257134028.JPG,[0],test,-66.505219,43.46851994
German_Bank_2010,Lp10,Lp10_257134044,https://www.frdr-dfdr.ca/repo/files/9/published/publication_961/submitted_data/01_Data/images/German_Bank_2010/Lp10/Lp10_257134044.JPG,[0],test,-66.50505597,43.46857484
German_Bank_2010,Lp10,Lp10_257134100,https://www.frdr-dfdr.ca/repo/files/9/published/publication_961/submitted_data/01_Data/images/German_Bank_2010/Lp10/Lp10_257134100.JPG,[0],dropped,-66.50485504,43.4686333
German_Bank_2010,Lp10,Lp10_257134116,https://www.frdr-dfdr.ca/repo/files/9/published/publication_961/submitted_data/01_Data/images/German_Bank_2010/Lp10/Lp10_257134116.JPG,[0],dropped,-66.50463438,43.46868801
German_Bank_2010,Lp10,Lp10_257134132,https://www.frdr-dfdr.ca/repo/files/9/published/publication_961/submitted_data/01_Data/images/German_Bank_2010/Lp10/Lp10_257134132.JPG,[0],train,-66.50441095,43.46873574
German_Bank_2010,Lp10,Lp10_257134148,https://www.frdr-dfdr.ca/repo/files/9/published/publication_961/submitted_data/01_Data/images/German_Bank_2010/Lp10/Lp10_257134148.JPG,[0],train,-66.5041783,43.46877882
German_Bank_2010,Lp10,Lp10_257134203,https://www.frdr-dfdr.ca/repo/files/9/published/publication_961/submitted_data/01_Data/images/German_Bank_2010/Lp10/Lp10_257134203.JPG,[0],train,-66.50394899,43.46881616
German_Bank_2010,Lp10,Lp10_257134219,https://www.frdr-dfdr.ca/repo/files/9/published/publication_961/submitted_data/01_Data/images/German_Bank_2010/Lp10/Lp10_257134219.JPG,[0],train,-66.50368538,43.46885619
German_Bank_2010,Lp10,Lp10_257134235,https://www.frdr-dfdr.ca/repo/files/9/published/publication_961/submitted_data/01_Data/images/German_Bank_2010/Lp10/Lp10_257134235.JPG,[0],train,-66.50342532,43.4688942
German_Bank_2010,Lp10,Lp10_257134251,https://www.frdr-dfdr.ca/repo/files/9/published/publication_961/submitted_data/01_Data/images/German_Bank_2010/Lp10/Lp10_257134251.JPG,[0],train,-66.50316177,43.46893179
German_Bank_2010,Lp10,Lp10_257134307,https://www.frdr-dfdr.ca/repo/files/9/published/publication_961/submitted_data/01_Data/images/German_Bank_2010/Lp10/Lp10_257134307.JPG,[0],train,-66.50289703,43.46896812
German_Bank_2010,Lp10,Lp10_257134323,https://www.frdr-dfdr.ca/repo/files/9/published/publication_961/submitted_data/01_Data/images/German_Bank_2010/Lp10/Lp10_257134323.JPG,[0],train,-66.50263894,43.46900215
German_Bank_2010,Lp10,Lp10_257134339,https://www.frdr-dfdr.ca/repo/files/9/published/publication_961/submitted_data/01_Data/images/German_Bank_2010/Lp10/Lp10_257134339.JPG,[0],train,-66.50236442,43.4690369
German_Bank_2010,Lp10,Lp10_257134355,https://www.frdr-dfdr.ca/repo/files/9/published/publication_961/submitted_data/01_Data/images/German_Bank_2010/Lp10/Lp10_257134355.JPG,[0],train,-66.50210565,43.46906868
German_Bank_2010,Lp10,Lp10_257134410,https://www.frdr-dfdr.ca/repo/files/9/published/publication_961/submitted_data/01_Data/images/German_Bank_2010/Lp10/Lp10_257134410.JPG,[0],train,-66.50185752,43.46909856
German_Bank_2010,Lp10,Lp10_257134427,https://www.frdr-dfdr.ca/repo/files/9/published/publication_961/submitted_data/01_Data/images/German_Bank_2010/Lp10/Lp10_257134427.JPG,[0],train,-66.50157469,43.46913197
German_Bank_2010,Lp10,Lp10_257134442,https://www.frdr-dfdr.ca/repo/files/9/published/publication_961/submitted_data/01_Data/images/German_Bank_2010/Lp10/Lp10_257134442.JPG,[0],train,-66.50133132,43.46916201
German_Bank_2010,Lp10,Lp10_257134458,https://www.frdr-dfdr.ca/repo/files/9/published/publication_961/submitted_data/01_Data/images/German_Bank_2010/Lp10/Lp10_257134458.JPG,[0],train,-66.50105768,43.46920027
German_Bank_2010,Lp10,Lp10_257134514,https://www.frdr-dfdr.ca/repo/files/9/published/publication_961/submitted_data/01_Data/images/German_Bank_2010/Lp10/Lp10_257134514.JPG,[0],train,-66.5007968,43.46924079
German_Bank_2010,Lp10,Lp10_257134530,https://www.frdr-dfdr.ca/repo/files/9/published/publication_961/submitted_data/01_Data/images/German_Bank_2010/Lp10/Lp10_257134530.JPG,[0],train,-66.50054126,43.46928203
German_Bank_2010,Lp10,Lp10_257134546,https://www.frdr-dfdr.ca/repo/files/9/published/publication_961/submitted_data/01_Data/images/German_Bank_2010/Lp10/Lp10_257134546.JPG,[0],train,-66.50028044,43.46932529
German_Bank_2010,Lp10,Lp10_257134602,https://www.frdr-dfdr.ca/repo/files/9/published/publication_961/submitted_data/01_Data/images/German_Bank_2010/Lp10/Lp10_257134602.JPG,[0],train,-66.50002587,43.46936906
German_Bank_2010,Lp10,Lp10_257134617,https://www.frdr-dfdr.ca/repo/files/9/published/publication_961/submitted_data/01_Data/images/German_Bank_2010/Lp10/Lp10_257134617.JPG,[0],train,-66.4997881,43.46941205
German_Bank_2010,Lp10,Lp10_257134634,https://www.frdr-dfdr.ca/repo/files/9/published/publication_961/submitted_data/01_Data/images/German_Bank_2010/Lp10/Lp10_257134634.JPG,[0],train,-66.4995059,43.46946513
German_Bank_2010,Lp10,Lp10_257134649,https://www.frdr-dfdr.ca/repo/files/9/published/publication_961/submitted_data/01_Data/images/German_Bank_2010/Lp10/Lp10_257134649.JPG,[0],train,-66.49925446,43.4695142
German_Bank_2010,Lp10,Lp10_257134705,https://www.frdr-dfdr.ca/repo/files/9/published/publication_961/submitted_data/01_Data/images/German_Bank_2010/Lp10/Lp10_257134705.JPG,[0],train,-66.49897082,43.46957114
German_Bank_2010,Lp10,Lp10_257134721,https://www.frdr-dfdr.ca/repo/files/9/published/publication_961/submitted_data/01_Data/images/German_Bank_2010/Lp10/Lp10_257134721.JPG,[0],train,-66.49867875,43.46963059
German_Bank_2010,Lp10,Lp10_257134737,https://www.frdr-dfdr.ca/repo/files/9/published/publication_961/submitted_data/01_Data/images/German_Bank_2010/Lp10/Lp10_257134737.JPG,[0],train,-66.49842878,43.4696822
German_Bank_2010,Lp10,Lp10_257134753,https://www.frdr-dfdr.ca/repo/files/9/published/publication_961/submitted_data/01_Data/images/German_Bank_2010/Lp10/Lp10_257134753.JPG,[0],train,-66.49818226,43.46973273
German_Bank_2010,Lp10,Lp10_257134808,https://www.frdr-dfdr.ca/repo/files/9/published/publication_961/submitted_data/01_Data/images/German_Bank_2010/Lp10/Lp10_257134808.JPG,[0],train,-66.49793205,43.4697833
German_Bank_2010,Lp10,Lp10_257134825,https://www.frdr-dfdr.ca/repo/files/9/published/publication_961/submitted_data/01_Data/images/German_Bank_2010/Lp10/Lp10_257134825.JPG,[0],train,-66.49764036,43.46984168
German_Bank_2010,Lp10,Lp10_257134840,https://www.frdr-dfdr.ca/repo/files/9/published/publication_961/submitted_data/01_Data/images/German_Bank_2010/Lp10/Lp10_257134840.JPG,[0],train,-66.49739196,43.46989257
German_Bank_2010,Lp10,Lp10_257134856,https://www.frdr-dfdr.ca/repo/files/9/published/publication_961/submitted_data/01_Data/images/German_Bank_2010/Lp10/Lp10_257134856.JPG,[0],train,-66.49712615,43.46995035
German_Bank_2010,Lp10,Lp10_257134912,https://www.frdr-dfdr.ca/repo/files/9/published/publication_961/submitted_data/01_Data/images/German_Bank_2010/Lp10/Lp10_257134912.JPG,[0],train,-66.49687052,43.47000836
German_Bank_2010,Lp10,Lp10_257134928,https://www.frdr-dfdr.ca/repo/files/9/published/publication_961/submitted_data/01_Data/images/German_Bank_2010/Lp10/Lp10_257134928.JPG,[0],train,-66.49660498,43.47006951
German_Bank_2010,Lp10,Lp10_257134944,https://www.frdr-dfdr.ca/repo/files/9/published/publication_961/submitted_data/01_Data/images/German_Bank_2010/Lp10/Lp10_257134944.JPG,[0],train,-66.496353,43.47012728
German_Bank_2010,Lp10,Lp10_257135000,https://www.frdr-dfdr.ca/repo/files/9/published/publication_961/submitted_data/01_Data/images/German_Bank_2010/Lp10/Lp10_257135000.JPG,[0],train,-66.49610144,43.47018507
German_Bank_2010,Lp10,Lp10_257135015,https://www.frdr-dfdr.ca/repo/files/9/published/publication_961/submitted_data/01_Data/images/German_Bank_2010/Lp10/Lp10_257135015.JPG,[0],train,-66.4958569,43.47024172
German_Bank_2010,Lp10,Lp10_257135031,https://www.frdr-dfdr.ca/repo/files/9/published/publication_961/submitted_data/01_Data/images/German_Bank_2010/Lp10/Lp10_257135031.JPG,[0],train,-66.49559705,43.4703029
German_Bank_2010,Lp10,Lp10_257135047,https://www.frdr-dfdr.ca/repo/files/9/published/publication_961/submitted_data/01_Data/images/German_Bank_2010/Lp10/Lp10_257135047.JPG,[0],train,-66.49534646,43.47036204
German_Bank_2010,Lp10,Lp10_257135103,https://www.frdr-dfdr.ca/repo/files/9/published/publication_961/submitted_data/01_Data/images/German_Bank_2010/Lp10/Lp10_257135103.JPG,[0],dropped,-66.49510823,43.47041797
German_Bank_2010,Lp10,Lp10_257135119,https://www.frdr-dfdr.ca/repo/files/9/published/publication_961/submitted_data/01_Data/images/German_Bank_2010/Lp10/Lp10_257135119.JPG,[0],dropped,-66.49486631,43.4704735
German_Bank_2010,Lp10,Lp10_257135135,https://www.frdr-dfdr.ca/repo/files/9/published/publication_961/submitted_data/01_Data/images/German_Bank_2010/Lp10/Lp10_257135135.JPG,[0],test,-66.49460794,43.47053235
German_Bank_2010,Lp10,Lp10_257135151,https://www.frdr-dfdr.ca/repo/files/9/published/publication_961/submitted_data/01_Data/images/German_Bank_2010/Lp10/Lp10_257135151.JPG,[0],test,-66.49436127,43.47058912
German_Bank_2010,Lp10,Lp10_257135207,https://www.frdr-dfdr.ca/repo/files/9/published/publication_961/submitted_data/01_Data/images/German_Bank_2010/Lp10/Lp10_257135207.JPG,[0],test,-66.49410949,43.47064836
German_Bank_2010,Lp10,Lp10_257135222,https://www.frdr-dfdr.ca/repo/files/9/published/publication_961/submitted_data/01_Data/images/German_Bank_2010/Lp10/Lp10_257135222.JPG,[0],test,-66.49386105,43.47070811
German_Bank_2010,Lp10,Lp10_257135238,https://www.frdr-dfdr.ca/repo/files/9/published/publication_961/submitted_data/01_Data/images/German_Bank_2010/Lp10/Lp10_257135238.JPG,[0],test,-66.49361217,43.47076905
German_Bank_2010,Lp11,Lp11_258131239,https://www.frdr-dfdr.ca/repo/files/9/published/publication_961/submitted_data/01_Data/images/German_Bank_2010/Lp11/Lp11_258131239.JPG,[2],train,-66.38130705,43.45369352
German_Bank_2010,Lp11,Lp11_258131255,https://www.frdr-dfdr.ca/repo/files/9/published/publication_961/submitted_data/01_Data/images/German_Bank_2010/Lp11/Lp11_258131255.JPG,[2],train,-66.38123309,43.45352262
German_Bank_2010,Lp11,Lp11_258131311,https://www.frdr-dfdr.ca/repo/files/9/published/publication_961/submitted_data/01_Data/images/German_Bank_2010/Lp11/Lp11_258131311.JPG,[2],train,-66.38115334,43.45335688
German_Bank_2010,Lp11,Lp11_258131327,https://www.frdr-dfdr.ca/repo/files/9/published/publication_961/submitted_data/01_Data/images/German_Bank_2010/Lp11/Lp11_258131327.JPG,[2],train,-66.38106499,43.45318091
German_Bank_2010,Lp11,Lp11_258131343,https://www.frdr-dfdr.ca/repo/files/9/published/publication_961/submitted_data/01_Data/images/German_Bank_2010/Lp11/Lp11_258131343.JPG,[2],train,-66.38097223,43.45298062
German_Bank_2010,Lp11,Lp11_258131355,https://www.frdr-dfdr.ca/repo/files/9/published/publication_961/submitted_data/01_Data/images/German_Bank_2010/Lp11/Lp11_258131355.JPG,[2],train,-66.38091634,43.45284616
German_Bank_2010,Lp11,Lp11_258131359,https://www.frdr-dfdr.ca/repo/files/9/published/publication_961/submitted_data/01_Data/images/German_Bank_2010/Lp11/Lp11_258131359.JPG,[2],train,-66.38089659,43.45279613
German_Bank_2010,Lp11,Lp11_258131408,https://www.frdr-dfdr.ca/repo/files/9/published/publication_961/submitted_data/01_Data/images/German_Bank_2010/Lp11/Lp11_258131408.JPG,[2],train,-66.38084945,43.45267455
German_Bank_2010,Lp11,Lp11_258131414,https://www.frdr-dfdr.ca/repo/files/9/published/publication_961/submitted_data/01_Data/images/German_Bank_2010/Lp11/Lp11_258131414.JPG,[2],train,-66.38082432,43.45260992
German_Bank_2010,Lp11,Lp11_258131430,https://www.frdr-dfdr.ca/repo/files/9/published/publication_961/submitted_data/01_Data/images/German_Bank_2010/Lp11/Lp11_258131430.JPG,[2],train,-66.38075882,43.45244684
German_Bank_2010,Lp11,Lp11_258131445,https://www.frdr-dfdr.ca/repo/files/9/published/publication_961/submitted_data/01_Data/images/German_Bank_2010/Lp11/Lp11_258131445.JPG,[2],train,-66.38069308,43.45229606
German_Bank_2010,Lp11,Lp11_258131501,https://www.frdr-dfdr.ca/repo/files/9/published/publication_961/submitted_data/01_Data/images/German_Bank_2010/Lp11/Lp11_258131501.JPG,[2],train,-66.38060934,43.45211883
German_Bank_2010,Lp11,Lp11_258131517,https://www.frdr-dfdr.ca/repo/files/9/published/publication_961/submitted_data/01_Data/images/German_Bank_2010/Lp11/Lp11_258131517.JPG,[2],train,-66.38052413,43.4519403
German_Bank_2010,Lp11,Lp11_258131524,https://www.frdr-dfdr.ca/repo/files/9/published/publication_961/submitted_data/01_Data/images/German_Bank_2010/Lp11/Lp11_258131524.JPG,[2],train,-66.38048802,43.45186078
German_Bank_2010,Lp11,Lp11_258131533,https://www.frdr-dfdr.ca/repo/files/9/published/publication_961/submitted_data/01_Data/images/German_Bank_2010/Lp11/Lp11_258131533.JPG,[2],train,-66.38044148,43.45175128
German_Bank_2010,Lp11,Lp11_258131549,https://www.frdr-dfdr.ca/repo/files/9/published/publication_961/submitted_data/01_Data/images/German_Bank_2010/Lp11/Lp11_258131549.JPG,[2],train,-66.38037634,43.45158081
German_Bank_2010,Lp11,Lp11_258131605,https://www.frdr-dfdr.ca/repo/files/9/published/publication_961/submitted_data/01_Data/images/German_Bank_2010/Lp11/Lp11_258131605.JPG,[3],train,-66.38032283,43.45141128
German_Bank_2010,Lp11,Lp11_258131621,https://www.frdr-dfdr.ca/repo/files/9/published/publication_961/submitted_data/01_Data/images/German_Bank_2010/Lp11/Lp11_258131621.JPG,[2],dropped,-66.38027797,43.45124385
German_Bank_2010,Lp11,Lp11_258131636,https://www.frdr-dfdr.ca/repo/files/9/published/publication_961/submitted_data/01_Data/images/German_Bank_2010/Lp11/Lp11_258131636.JPG,[2],dropped,-66.38024128,43.45107322
German_Bank_2010,Lp11,Lp11_258131652,https://www.frdr-dfdr.ca/repo/files/9/published/publication_961/submitted_data/01_Data/images/German_Bank_2010/Lp11/Lp11_258131652.JPG,[2],test,-66.38021634,43.4508902
German_Bank_2010,Lp11,Lp11_258131708,https://www.frdr-dfdr.ca/repo/files/9/published/publication_961/submitted_data/01_Data/images/German_Bank_2010/Lp11/Lp11_258131708.JPG,[2],test,-66.38020494,43.45067985
German_Bank_2010,Lp11,Lp11_258131724,https://www.frdr-dfdr.ca/repo/files/9/published/publication_961/submitted_data/01_Data/images/German_Bank_2010/Lp11/Lp11_258131724.JPG,[2],test,-66.38020892,43.45047529
German_Bank_2010,Lp11,Lp11_258131739,https://www.frdr-dfdr.ca/repo/files/9/published/publication_961/submitted_data/01_Data/images/German_Bank_2010/Lp11/Lp11_258131739.JPG,[2],test,-66.38022463,43.45028183
German_Bank_2010,Lp11,Lp11_258131755,https://www.frdr-dfdr.ca/repo/files/9/published/publication_961/submitted_data/01_Data/images/German_Bank_2010/Lp11/Lp11_258131755.JPG,[2],dropped,-66.38025121,43.45008165
German_Bank_2010,Lp11,Lp11_258131811,https://www.frdr-dfdr.ca/repo/files/9/published/publication_961/submitted_data/01_Data/images/German_Bank_2010/Lp11/Lp11_258131811.JPG,[3],dropped,-66.38028893,43.44987148
German_Bank_2010,Lp11,Lp11_258131827,https://www.frdr-dfdr.ca/repo/files/9/published/publication_961/submitted_data/01_Data/images/German_Bank_2010/Lp11/Lp11_258131827.JPG,[3],train,-66.3803341,43.4496655
German_Bank_2010,Lp11,Lp11_258131843,https://www.frdr-dfdr.ca/repo/files/9/published/publication_961/submitted_data/01_Data/images/German_Bank_2010/Lp11/Lp11_258131843.JPG,[3],train,-66.38038471,43.44945874
German_Bank_2010,Lp11,Lp11_258131859,https://www.frdr-dfdr.ca/repo/files/9/published/publication_961/submitted_data/01_Data/images/German_Bank_2010/Lp11/Lp11_258131859.JPG,[3],train,-66.38043501,43.449269
German_Bank_2010,Lp11,Lp11_258131915,https://www.frdr-dfdr.ca/repo/files/9/published/publication_961/submitted_data/01_Data/images/German_Bank_2010/Lp11/Lp11_258131915.JPG,[3],train,-66.38049663,43.44905542
German_Bank_2010,Lp11,Lp11_258131931,https://www.frdr-dfdr.ca/repo/files/9/published/publication_961/submitted_data/01_Data/images/German_Bank_2010/Lp11/Lp11_258131931.JPG,[3],train,-66.38056198,43.44884333
German_Bank_2010,Lp11,Lp11_258131947,https://www.frdr-dfdr.ca/repo/files/9/published/publication_961/submitted_data/01_Data/images/German_Bank_2010/Lp11/Lp11_258131947.JPG,[3],train,-66.38063103,43.44862655
German_Bank_2010,Lp11,Lp11_258132002,https://www.frdr-dfdr.ca/repo/files/9/published/publication_961/submitted_data/01_Data/images/German_Bank_2010/Lp11/Lp11_258132002.JPG,[3],train,-66.38069176,43.44843541
German_Bank_2010,Lp11,Lp11_258132018,https://www.frdr-dfdr.ca/repo/files/9/published/publication_961/submitted_data/01_Data/images/German_Bank_2010/Lp11/Lp11_258132018.JPG,[3],train,-66.38075984,43.44822404
German_Bank_2010,Lp11,Lp11_258132034,https://www.frdr-dfdr.ca/repo/files/9/published/publication_961/submitted_data/01_Data/images/German_Bank_2010/Lp11/Lp11_258132034.JPG,[3],train,-66.38082466,43.44802364
German_Bank_2010,Lp11,Lp11_258132050,https://www.frdr-dfdr.ca/repo/files/9/published/publication_961/submitted_data/01_Data/images/German_Bank_2010/Lp11/Lp11_258132050.JPG,[2],train,-66.38089237,43.44781351
German_Bank_2010,Lp11,Lp11_258132106,https://www.frdr-dfdr.ca/repo/files/9/published/publication_961/submitted_data/01_Data/images/German_Bank_2010/Lp11/Lp11_258132106.JPG,[2],train,-66.38095384,43.44761776
German_Bank_2010,Lp11,Lp11_258132122,https://www.frdr-dfdr.ca/repo/files/9/published/publication_961/submitted_data/01_Data/images/German_Bank_2010/Lp11/Lp11_258132122.JPG,[2],train,-66.38101144,43.44742523
German_Bank_2010,Lp11,Lp11_258132138,https://www.frdr-dfdr.ca/repo/files/9/published/publication_961/submitted_data/01_Data/images/German_Bank_2010/Lp11/Lp11_258132138.JPG,[2],train,-66.38107384,43.44721322
German_Bank_2010,Lp11,Lp11_258132154,https://www.frdr-dfdr.ca/repo/files/9/published/publication_961/submitted_data/01_Data/images/German_Bank_2010/Lp11/Lp11_258132154.JPG,[2],train,-66.3811385,43.44699514
German_Bank_2010,Lp11,Lp11_258132209,https://www.frdr-dfdr.ca/repo/files/9/published/publication_961/submitted_data/01_Data/images/German_Bank_2010/Lp11/Lp11_258132209.JPG,[3],train,-66.3811973,43.44680022
German_Bank_2010,Lp11,Lp11_258132225,https://www.frdr-dfdr.ca/repo/files/9/published/publication_961/submitted_data/01_Data/images/German_Bank_2010/Lp11/Lp11_258132225.JPG,[2],dropped,-66.38126189,43.44658689
German_Bank_2010,Lp11,Lp11_258132241,https://www.frdr-dfdr.ca/repo/files/9/published/publication_961/submitted_data/01_Data/images/German_Bank_2010/Lp11/Lp11_258132241.JPG,[2],dropped,-66.3813247,43.44638279
German_Bank_2010,Lp11,Lp11_258132257,https://www.frdr-dfdr.ca/repo/files/9/published/publication_961/submitted_data/01_Data/images/German_Bank_2010/Lp11/Lp11_258132257.JPG,[2],test,-66.3813879,43.44617348
German_Bank_2010,Lp11,Lp11_258132313,https://www.frdr-dfdr.ca/repo/files/9/published/publication_961/submitted_data/01_Data/images/German_Bank_2010/Lp11/Lp11_258132313.JPG,[2],test,-66.38144374,43.44598154
German_Bank_2010,Lp11,Lp11_258132329,https://www.frdr-dfdr.ca/repo/files/9/published/publication_961/submitted_data/01_Data/images/German_Bank_2010/Lp11/Lp11_258132329.JPG,[3],test,-66.38150093,43.44578586
German_Bank_2010,Lp11,Lp11_258132345,https://www.frdr-dfdr.ca/repo/files/9/published/publication_961/submitted_data/01_Data/images/German_Bank_2010/Lp11/Lp11_258132345.JPG,[2],dropped,-66.38156329,43.44558215
German_Bank_2010,Lp11,Lp11_258132355,https://www.frdr-dfdr.ca/repo/files/9/published/publication_961/submitted_data/01_Data/images/German_Bank_2010/Lp11/Lp11_258132355.JPG,[2],dropped,-66.3816014,43.44545987
German_Bank_2010,Lp11,Lp11_258132400,https://www.frdr-dfdr.ca/repo/files/9/published/publication_961/submitted_data/01_Data/images/German_Bank_2010/Lp11/Lp11_258132400.JPG,[2],dropped,-66.38162401,43.44538669
German_Bank_2010,Lp11,Lp11_258132416,https://www.frdr-dfdr.ca/repo/files/9/published/publication_961/submitted_data/01_Data/images/German_Bank_2010/Lp11/Lp11_258132416.JPG,[2],train,-66.38169046,43.44517005
German_Bank_2010,Lp11,Lp11_258132432,https://www.frdr-dfdr.ca/repo/files/9/published/publication_961/submitted_data/01_Data/images/German_Bank_2010/Lp11/Lp11_258132432.JPG,[2],train,-66.38175811,43.44494888
German_Bank_2010,Lp11,Lp11_258132447,https://www.frdr-dfdr.ca/repo/files/9/published/publication_961/submitted_data/01_Data/images/German_Bank_2010/Lp11/Lp11_258132447.JPG,[2],train,-66.3818173,43.44475718
German_Bank_2010,Lp11,Lp11_258132503,https://www.frdr-dfdr.ca/repo/files/9/published/publication_961/submitted_data/01_Data/images/German_Bank_2010/Lp11/Lp11_258132503.JPG,[3],train,-66.38188371,43.44455012
German_Bank_2010,Lp11,Lp11_258132507,https://www.frdr-dfdr.ca/repo/files/9/published/publication_961/submitted_data/01_Data/images/German_Bank_2010/Lp11/Lp11_258132507.JPG,[2],train,-66.38189936,43.44450261
German_Bank_2010,Lp11,Lp11_258132518,https://www.frdr-dfdr.ca/repo/files/9/published/publication_961/submitted_data/01_Data/images/German_Bank_2010/Lp11/Lp11_258132518.JPG,[3],train,-66.38194461,43.44436713
German_Bank_2010,Lp11,Lp11_258132534,https://www.frdr-dfdr.ca/repo/files/9/published/publication_961/submitted_data/01_Data/images/German_Bank_2010/Lp11/Lp11_258132534.JPG,[2],train,-66.38201337,43.44416351
German_Bank_2010,Lp11,Lp11_258132549,https://www.frdr-dfdr.ca/repo/files/9/published/publication_961/submitted_data/01_Data/images/German_Bank_2010/Lp11/Lp11_258132549.JPG,[2],train,-66.38208486,43.44395322
German_Bank_2010,Lp11,Lp11_258132606,https://www.frdr-dfdr.ca/repo/files/9/published/publication_961/submitted_data/01_Data/images/German_Bank_2010/Lp11/Lp11_258132606.JPG,[2],train,-66.38215678,43.443742
German_Bank_2010,Lp11,Lp11_258132621,https://www.frdr-dfdr.ca/repo/files/9/published/publication_961/submitted_data/01_Data/images/German_Bank_2010/Lp11/Lp11_258132621.JPG,[2],train,-66.38222616,43.44353867
German_Bank_2010,Lp11,Lp11_258132637,https://www.frdr-dfdr.ca/repo/files/9/published/publication_961/submitted_data/01_Data/images/German_Bank_2010/Lp11/Lp11_258132637.JPG,[3],train,-66.38228337,43.44336452
German_Bank_2010,Lp11,Lp11_258132653,https://www.frdr-dfdr.ca/repo/files/9/published/publication_961/submitted_data/01_Data/images/German_Bank_2010/Lp11/Lp11_258132653.JPG,[3],train,-66.38234925,43.44315963
German_Bank_2010,Lp11,Lp11_258132705,https://www.frdr-dfdr.ca/repo/files/9/published/publication_961/submitted_data/01_Data/images/German_Bank_2010/Lp11/Lp11_258132705.JPG,[2],train,-66.38239974,43.44300727
German_Bank_2010,Lp11,Lp11_258132709,https://www.frdr-dfdr.ca/repo/files/9/published/publication_961/submitted_data/01_Data/images/German_Bank_2010/Lp11/Lp11_258132709.JPG,[2],train,-66.38242221,43.44294036
German_Bank_2010,Lp14,Lp14_261134013,https://www.frdr-dfdr.ca/repo/files/9/published/publication_961/submitted_data/01_Data/images/German_Bank_2010/Lp14/Lp14_261134013.JPG,[4],test,-66.12611129,43.41670609
German_Bank_2010,Lp14,Lp14_261134029,https://www.frdr-dfdr.ca/repo/files/9/published/publication_961/submitted_data/01_Data/images/German_Bank_2010/Lp14/Lp14_261134029.JPG,[4],dropped,-66.12591815,43.41680544
German_Bank_2010,Lp14,Lp14_261134045,https://www.frdr-dfdr.ca/repo/files/9/published/publication_961/submitted_data/01_Data/images/German_Bank_2010/Lp14/Lp14_261134045.JPG,[4],dropped,-66.12572323,43.41690155
German_Bank_2010,Lp14,Lp14_261134101,https://www.frdr-dfdr.ca/repo/files/9/published/publication_961/submitted_data/01_Data/images/German_Bank_2010/Lp14/Lp14_261134101.JPG,[4],train,-66.12554773,43.41698504
German_Bank_2010,Lp14,Lp14_261134117,https://www.frdr-dfdr.ca/repo/files/9/published/publication_961/submitted_data/01_Data/images/German_Bank_2010/Lp14/Lp14_261134117.JPG,[4],train,-66.12535621,43.41707266
German_Bank_2010,Lp14,Lp14_261134133,https://www.frdr-dfdr.ca/repo/files/9/published/publication_961/submitted_data/01_Data/images/German_Bank_2010/Lp14/Lp14_261134133.JPG,[4],train,-66.12518035,43.41714933
German_Bank_2010,Lp14,Lp14_261134148,https://www.frdr-dfdr.ca/repo/files/9/published/publication_961/submitted_data/01_Data/images/German_Bank_2010/Lp14/Lp14_261134148.JPG,[4],train,-66.12499382,43.41722587
German_Bank_2010,Lp14,Lp14_261134204,https://www.frdr-dfdr.ca/repo/files/9/published/publication_961/submitted_data/01_Data/images/German_Bank_2010/Lp14/Lp14_261134204.JPG,[4],train,-66.12478747,43.41730635
German_Bank_2010,Lp14,Lp14_261134220,https://www.frdr-dfdr.ca/repo/files/9/published/publication_961/submitted_data/01_Data/images/German_Bank_2010/Lp14/Lp14_261134220.JPG,[4],train,-66.12459493,43.41737772
German_Bank_2010,Lp14,Lp14_261134236,https://www.frdr-dfdr.ca/repo/files/9/published/publication_961/submitted_data/01_Data/images/German_Bank_2010/Lp14/Lp14_261134236.JPG,[4],train,-66.12437727,43.41745626
German_Bank_2010,Lp14,Lp14_261134252,https://www.frdr-dfdr.ca/repo/files/9/published/publication_961/submitted_data/01_Data/images/German_Bank_2010/Lp14/Lp14_261134252.JPG,[4],dropped,-66.12417329,43.41753091
German_Bank_2010,Lp14,Lp14_261134308,https://www.frdr-dfdr.ca/repo/files/9/published/publication_961/submitted_data/01_Data/images/German_Bank_2010/Lp14/Lp14_261134308.JPG,[4],dropped,-66.12398829,43.41759613
German_Bank_2010,Lp14,Lp14_261134324,https://www.frdr-dfdr.ca/repo/files/9/published/publication_961/submitted_data/01_Data/images/German_Bank_2010/Lp14/Lp14_261134324.JPG,[4],test,-66.12378053,43.41766618
German_Bank_2010,Lp14,Lp14_261134340,https://www.frdr-dfdr.ca/repo/files/9/published/publication_961/submitted_data/01_Data/images/German_Bank_2010/Lp14/Lp14_261134340.JPG,[4],test,-66.1235698,43.41773732
German_Bank_2010,Lp14,Lp14_261134355,https://www.frdr-dfdr.ca/repo/files/9/published/publication_961/submitted_data/01_Data/images/German_Bank_2010/Lp14/Lp14_261134355.JPG,[4],test,-66.12337503,43.41780247
German_Bank_2010,Lp14,Lp14_261134412,https://www.frdr-dfdr.ca/repo/files/9/published/publication_961/submitted_data/01_Data/images/German_Bank_2010/Lp14/Lp14_261134412.JPG,[4],test,-66.12314763,43.41787711
German_Bank_2010,Lp14,Lp14_261134427,https://www.frdr-dfdr.ca/repo/files/9/published/publication_961/submitted_data/01_Data/images/German_Bank_2010/Lp14/Lp14_261134427.JPG,[4],test,-66.12296248,43.41793651
German_Bank_2010,Lp14,Lp14_261134443,https://www.frdr-dfdr.ca/repo/files/9/published/publication_961/submitted_data/01_Data/images/German_Bank_2010/Lp14/Lp14_261134443.JPG,[4],test,-66.12275618,43.41800109
German_Bank_2010,Lp14,Lp14_261134459,https://www.frdr-dfdr.ca/repo/files/9/published/publication_961/submitted_data/01_Data/images/German_Bank_2010/Lp14/Lp14_261134459.JPG,[4],test,-66.12255263,43.41806418
German_Bank_2010,Lp14,Lp14_261134515,https://www.frdr-dfdr.ca/repo/files/9/published/publication_961/submitted_data/01_Data/images/German_Bank_2010/Lp14/Lp14_261134515.JPG,[4],test,-66.12234669,43.41812778
German_Bank_2010,Lp14,Lp14_261134531,https://www.frdr-dfdr.ca/repo/files/9/published/publication_961/submitted_data/01_Data/images/German_Bank_2010/Lp14/Lp14_261134531.JPG,[4],test,-66.12214417,43.41819071
German_Bank_2010,Lp14,Lp14_261134547,https://www.frdr-dfdr.ca/repo/files/9/published/publication_961/submitted_data/01_Data/images/German_Bank_2010/Lp14/Lp14_261134547.JPG,[4],test,-66.12193307,43.41825604
German_Bank_2010,Lp14,Lp14_261134602,https://www.frdr-dfdr.ca/repo/files/9/published/publication_961/submitted_data/01_Data/images/German_Bank_2010/Lp14/Lp14_261134602.JPG,[4],test,-66.12173913,43.41831614
German_Bank_2010,Lp14,Lp14_261134618,https://www.frdr-dfdr.ca/repo/files/9/published/publication_961/submitted_data/01_Data/images/German_Bank_2010/Lp14/Lp14_261134618.JPG,[4],dropped,-66.12151401,43.41838477
German_Bank_2010,Lp14,Lp14_261134634,https://www.frdr-dfdr.ca/repo/files/9/published/publication_961/submitted_data/01_Data/images/German_Bank_2010/Lp14/Lp14_261134634.JPG,[4],dropped,-66.12133577,43.41843843
German_Bank_2010,Lp14,Lp14_261134650,https://www.frdr-dfdr.ca/repo/files/9/published/publication_961/submitted_data/01_Data/images/German_Bank_2010/Lp14/Lp14_261134650.JPG,[4],train,-66.12111876,43.41850259
German_Bank_2010,Lp14,Lp14_261134706,https://www.frdr-dfdr.ca/repo/files/9/published/publication_961/submitted_data/01_Data/images/German_Bank_2010/Lp14/Lp14_261134706.JPG,[4],train,-66.12092575,43.41855883
German_Bank_2010,Lp14,Lp14_261134722,https://www.frdr-dfdr.ca/repo/files/9/published/publication_961/submitted_data/01_Data/images/German_Bank_2010/Lp14/Lp14_261134722.JPG,[4],train,-66.12071843,43.41862038
German_Bank_2010,Lp14,Lp14_261134730,https://www.frdr-dfdr.ca/repo/files/9/published/publication_961/submitted_data/01_Data/images/German_Bank_2010/Lp14/Lp14_261134730.JPG,[4],train,-66.1206331,43.41864636
German_Bank_2010,Lp14,Lp14_261134738,https://www.frdr-dfdr.ca/repo/files/9/published/publication_961/submitted_data/01_Data/images/German_Bank_2010/Lp14/Lp14_261134738.JPG,[4],train,-66.12053154,43.4186776
German_Bank_2010,Lp14,Lp14_261134754,https://www.frdr-dfdr.ca/repo/files/9/published/publication_961/submitted_data/01_Data/images/German_Bank_2010/Lp14/Lp14_261134754.JPG,[4],train,-66.12033525,43.41873895
German_Bank_2010,Lp14,Lp14_261134804,https://www.frdr-dfdr.ca/repo/files/9/published/publication_961/submitted_data/01_Data/images/German_Bank_2010/Lp14/Lp14_261134804.JPG,[4],train,-66.12020342,43.41878
German_Bank_2010,Lp14,Lp14_261134810,https://www.frdr-dfdr.ca/repo/files/9/published/publication_961/submitted_data/01_Data/images/German_Bank_2010/Lp14/Lp14_261134810.JPG,[4],train,-66.12012847,43.41880299
German_Bank_2010,Lp14,Lp14_261134825,https://www.frdr-dfdr.ca/repo/files/9/published/publication_961/submitted_data/01_Data/images/German_Bank_2010/Lp14/Lp14_261134825.JPG,[4],train,-66.11992145,43.41886648
German_Bank_2010,Lp14,Lp14_261134841,https://www.frdr-dfdr.ca/repo/files/9/published/publication_961/submitted_data/01_Data/images/German_Bank_2010/Lp14/Lp14_261134841.JPG,[4],train,-66.11971467,43.41892993
German_Bank_2010,Lp14,Lp14_261134857,https://www.frdr-dfdr.ca/repo/files/9/published/publication_961/submitted_data/01_Data/images/German_Bank_2010/Lp14/Lp14_261134857.JPG,[4],train,-66.11950586,43.41899486
German_Bank_2010,Lp14,Lp14_261134909,https://www.frdr-dfdr.ca/repo/files/9/published/publication_961/submitted_data/01_Data/images/German_Bank_2010/Lp14/Lp14_261134909.JPG,[4],train,-66.11935311,43.41904352
German_Bank_2010,Lp14,Lp14_261134913,https://www.frdr-dfdr.ca/repo/files/9/published/publication_961/submitted_data/01_Data/images/German_Bank_2010/Lp14/Lp14_261134913.JPG,[4],train,-66.11930179,43.41905985
German_Bank_2010,Lp14,Lp14_261134922,https://www.frdr-dfdr.ca/repo/files/9/published/publication_961/submitted_data/01_Data/images/German_Bank_2010/Lp14/Lp14_261134922.JPG,[2],train,-66.11918022,43.41909888
German_Bank_2010,Lp14,Lp14_261134928,https://www.frdr-dfdr.ca/repo/files/9/published/publication_961/submitted_data/01_Data/images/German_Bank_2010/Lp14/Lp14_261134928.JPG,[2],train,-66.11909577,43.41912575
German_Bank_2010,Lp14,Lp14_261134943,https://www.frdr-dfdr.ca/repo/files/9/published/publication_961/submitted_data/01_Data/images/German_Bank_2010/Lp14/Lp14_261134943.JPG,[4],train,-66.11892071,43.41918081
German_Bank_2010,Lp14,Lp14_261134959,https://www.frdr-dfdr.ca/repo/files/9/published/publication_961/submitted_data/01_Data/images/German_Bank_2010/Lp14/Lp14_261134959.JPG,[4],train,-66.11871705,43.4192436
German_Bank_2010,Lp14,Lp14_261135012,https://www.frdr-dfdr.ca/repo/files/9/published/publication_961/submitted_data/01_Data/images/German_Bank_2010/Lp14/Lp14_261135012.JPG,[4],train,-66.1185515,43.41929454
German_Bank_2010,Lp14,Lp14_261135015,https://www.frdr-dfdr.ca/repo/files/9/published/publication_961/submitted_data/01_Data/images/German_Bank_2010/Lp14/Lp14_261135015.JPG,[4],train,-66.11851122,43.4193071
German_Bank_2010,Lp14,Lp14_261135022,https://www.frdr-dfdr.ca/repo/files/9/published/publication_961/submitted_data/01_Data/images/German_Bank_2010/Lp14/Lp14_261135022.JPG,[4],train,-66.11843777,43.41933044
German_Bank_2010,Lp14,Lp14_261135030,https://www.frdr-dfdr.ca/repo/files/9/published/publication_961/submitted_data/01_Data/images/German_Bank_2010/Lp14/Lp14_261135030.JPG,[4],train,-66.11833181,43.41936511
German_Bank_2010,Lp14,Lp14_261135034,https://www.frdr-dfdr.ca/repo/files/9/published/publication_961/submitted_data/01_Data/images/German_Bank_2010/Lp14/Lp14_261135034.JPG,[4],train,-66.11829479,43.41937726
German_Bank_2010,Lp14,Lp14_261135041,https://www.frdr-dfdr.ca/repo/files/9/published/publication_961/submitted_data/01_Data/images/German_Bank_2010/Lp14/Lp14_261135041.JPG,[4],train,-66.11819826,43.41940911
German_Bank_2010,Lp14,Lp14_261135046,https://www.frdr-dfdr.ca/repo/files/9/published/publication_961/submitted_data/01_Data/images/German_Bank_2010/Lp14/Lp14_261135046.JPG,[2],train,-66.11813271,43.41943073
German_Bank_2010,Lp14,Lp14_261135059,https://www.frdr-dfdr.ca/repo/files/9/published/publication_961/submitted_data/01_Data/images/German_Bank_2010/Lp14/Lp14_261135059.JPG,[2],train,-66.11796204,43.41948555
German_Bank_2010,Lp14,Lp14_261135108,https://www.frdr-dfdr.ca/repo/files/9/published/publication_961/submitted_data/01_Data/images/German_Bank_2010/Lp14/Lp14_261135108.JPG,[2],train,-66.1178522,43.41952024
German_Bank_2010,Lp14,Lp14_261135116,https://www.frdr-dfdr.ca/repo/files/9/published/publication_961/submitted_data/01_Data/images/German_Bank_2010/Lp14/Lp14_261135116.JPG,[4],train,-66.11776095,43.41954938
German_Bank_2010,Lp14,Lp14_261135132,https://www.frdr-dfdr.ca/repo/files/9/published/publication_961/submitted_data/01_Data/images/German_Bank_2010/Lp14/Lp14_261135132.JPG,[4],train,-66.11756479,43.4196112
German_Bank_2010,Lp14,Lp14_261135143,https://www.frdr-dfdr.ca/repo/files/9/published/publication_961/submitted_data/01_Data/images/German_Bank_2010/Lp14/Lp14_261135143.JPG,[4],train,-66.11741872,43.41965692
German_Bank_2010,Lp14,Lp14_261135148,https://www.frdr-dfdr.ca/repo/files/9/published/publication_961/submitted_data/01_Data/images/German_Bank_2010/Lp14/Lp14_261135148.JPG,[4],train,-66.11735157,43.4196779
German_Bank_2010,Lp14,Lp14_261135154,https://www.frdr-dfdr.ca/repo/files/9/published/publication_961/submitted_data/01_Data/images/German_Bank_2010/Lp14/Lp14_261135154.JPG,[4],train,-66.11727301,43.4197026
German_Bank_2010,Lp14,Lp14_261135201,https://www.frdr-dfdr.ca/repo/files/9/published/publication_961/submitted_data/01_Data/images/German_Bank_2010/Lp14/Lp14_261135201.JPG,[4],train,-66.11718308,43.41973086
German_Bank_2010,Lp14,Lp14_261135218,https://www.frdr-dfdr.ca/repo/files/9/published/publication_961/submitted_data/01_Data/images/German_Bank_2010/Lp14/Lp14_261135218.JPG,[4],train,-66.11696701,43.41979966
German_Bank_2010,Lp14,Lp14_261135234,https://www.frdr-dfdr.ca/repo/files/9/published/publication_961/submitted_data/01_Data/images/German_Bank_2010/Lp14/Lp14_261135234.JPG,[4],train,-66.1167779,43.41986084
German_Bank_2010,Lp14,Lp14_261135238,https://www.frdr-dfdr.ca/repo/files/9/published/publication_961/submitted_data/01_Data/images/German_Bank_2010/Lp14/Lp14_261135238.JPG,[4],train,-66.11671561,43.41988122
German_Bank_2010,Lp14,Lp14_261135249,https://www.frdr-dfdr.ca/repo/files/9/published/publication_961/submitted_data/01_Data/images/German_Bank_2010/Lp14/Lp14_261135249.JPG,[4],train,-66.11658343,43.41992388
German_Bank_2010,Lp14,Lp14_261135300,https://www.frdr-dfdr.ca/repo/files/9/published/publication_961/submitted_data/01_Data/images/German_Bank_2010/Lp14/Lp14_261135300.JPG,[4],train,-66.11643296,43.41997123
German_Bank_2010,Lp14,Lp14_261135306,https://www.frdr-dfdr.ca/repo/files/9/published/publication_961/submitted_data/01_Data/images/German_Bank_2010/Lp14/Lp14_261135306.JPG,[4],train,-66.11634381,43.41999863
German_Bank_2010,Lp14,Lp14_261135314,https://www.frdr-dfdr.ca/repo/files/9/published/publication_961/submitted_data/01_Data/images/German_Bank_2010/Lp14/Lp14_261135314.JPG,[4],train,-66.11624506,43.42002885
German_Bank_2010,Lp14,Lp14_261135320,https://www.frdr-dfdr.ca/repo/files/9/published/publication_961/submitted_data/01_Data/images/German_Bank_2010/Lp14/Lp14_261135320.JPG,[4],train,-66.11616873,43.42005209
German_Bank_2010,Lp14,Lp14_261135336,https://www.frdr-dfdr.ca/repo/files/9/published/publication_961/submitted_data/01_Data/images/German_Bank_2010/Lp14/Lp14_261135336.JPG,[4],train,-66.11597846,43.42011042
German_Bank_2010,Lp14,Lp14_261135352,https://www.frdr-dfdr.ca/repo/files/9/published/publication_961/submitted_data/01_Data/images/German_Bank_2010/Lp14/Lp14_261135352.JPG,[4],train,-66.11577883,43.42017385
German_Bank_2010,Lp14,Lp14_261135408,https://www.frdr-dfdr.ca/repo/files/9/published/publication_961/submitted_data/01_Data/images/German_Bank_2010/Lp14/Lp14_261135408.JPG,[4],train,-66.1155656,43.42024091
German_Bank_2010,Lp14,Lp14_261135424,https://www.frdr-dfdr.ca/repo/files/9/published/publication_961/submitted_data/01_Data/images/German_Bank_2010/Lp14/Lp14_261135424.JPG,[4],train,-66.11537403,43.42029937
German_Bank_2010,Lp14,Lp14_261135434,https://www.frdr-dfdr.ca/repo/files/9/published/publication_961/submitted_data/01_Data/images/German_Bank_2010/Lp14/Lp14_261135434.JPG,[4],train,-66.11525185,43.42033679
German_Bank_2010,Lp14,Lp14_261135440,https://www.frdr-dfdr.ca/repo/files/9/published/publication_961/submitted_data/01_Data/images/German_Bank_2010/Lp14/Lp14_261135440.JPG,[4],train,-66.11515874,43.4203653
German_Bank_2010,Lp14,Lp14_261135445,https://www.frdr-dfdr.ca/repo/files/9/published/publication_961/submitted_data/01_Data/images/German_Bank_2010/Lp14/Lp14_261135445.JPG,[4],train,-66.11509984,43.42038312
German_Bank_2010,Lp14,Lp14_261135455,https://www.frdr-dfdr.ca/repo/files/9/published/publication_961/submitted_data/01_Data/images/German_Bank_2010/Lp14/Lp14_261135455.JPG,[4],train,-66.11494093,43.42043052
German_Bank_2010,Lp15,Lp15_261145741,https://www.frdr-dfdr.ca/repo/files/9/published/publication_961/submitted_data/01_Data/images/German_Bank_2010/Lp15/Lp15_261145741.JPG,[4],train,-66.12017943,43.35351784
German_Bank_2010,Lp15,Lp15_261145757,https://www.frdr-dfdr.ca/repo/files/9/published/publication_961/submitted_data/01_Data/images/German_Bank_2010/Lp15/Lp15_261145757.JPG,[4],train,-66.12047735,43.35347308
German_Bank_2010,Lp15,Lp15_261145813,https://www.frdr-dfdr.ca/repo/files/9/published/publication_961/submitted_data/01_Data/images/German_Bank_2010/Lp15/Lp15_261145813.JPG,[4],train,-66.12080931,43.35342055
German_Bank_2010,Lp15,Lp15_261145829,https://www.frdr-dfdr.ca/repo/files/9/published/publication_961/submitted_data/01_Data/images/German_Bank_2010/Lp15/Lp15_261145829.JPG,[4],train,-66.12117535,43.35336696
German_Bank_2010,Lp15,Lp15_261145845,https://www.frdr-dfdr.ca/repo/files/9/published/publication_961/submitted_data/01_Data/images/German_Bank_2010/Lp15/Lp15_261145845.JPG,[4],dropped,-66.12153806,43.35331149
German_Bank_2010,Lp15,Lp15_261145901,https://www.frdr-dfdr.ca/repo/files/9/published/publication_961/submitted_data/01_Data/images/German_Bank_2010/Lp15/Lp15_261145901.JPG,[4],test,-66.121833,43.3532598
German_Bank_2010,Lp15,Lp15_261145917,https://www.frdr-dfdr.ca/repo/files/9/published/publication_961/submitted_data/01_Data/images/German_Bank_2010/Lp15/Lp15_261145917.JPG,[4],test,-66.12207474,43.35320791
German_Bank_2010,Lp15,Lp15_261145933,https://www.frdr-dfdr.ca/repo/files/9/published/publication_961/submitted_data/01_Data/images/German_Bank_2010/Lp15/Lp15_261145933.JPG,[4],test,-66.12225898,43.35315915
German_Bank_2010,Lp15,Lp15_261145948,https://www.frdr-dfdr.ca/repo/files/9/published/publication_961/submitted_data/01_Data/images/German_Bank_2010/Lp15/Lp15_261145948.JPG,[4],test,-66.12242778,43.353106
German_Bank_2010,Lp15,Lp15_261150004,https://www.frdr-dfdr.ca/repo/files/9/published/publication_961/submitted_data/01_Data/images/German_Bank_2010/Lp15/Lp15_261150004.JPG,[4],test,-66.12261704,43.35304197
German_Bank_2010,Lp15,Lp15_261150020,https://www.frdr-dfdr.ca/repo/files/9/published/publication_961/submitted_data/01_Data/images/German_Bank_2010/Lp15/Lp15_261150020.JPG,[4],test,-66.12279748,43.35297718
German_Bank_2010,Lp15,Lp15_261150036,https://www.frdr-dfdr.ca/repo/files/9/published/publication_961/submitted_data/01_Data/images/German_Bank_2010/Lp15/Lp15_261150036.JPG,[4],test,-66.12296113,43.35292016
German_Bank_2010,Lp15,Lp15_261150052,https://www.frdr-dfdr.ca/repo/files/9/published/publication_961/submitted_data/01_Data/images/German_Bank_2010/Lp15/Lp15_261150052.JPG,[4],test,-66.12321157,43.35285958
German_Bank_2010,Lp15,Lp15_261150108,https://www.frdr-dfdr.ca/repo/files/9/published/publication_961/submitted_data/01_Data/images/German_Bank_2010/Lp15/Lp15_261150108.JPG,[4],test,-66.12343978,43.35282667
German_Bank_2010,Lp15,Lp15_261150124,https://www.frdr-dfdr.ca/repo/files/9/published/publication_961/submitted_data/01_Data/images/German_Bank_2010/Lp15/Lp15_261150124.JPG,[4],test,-66.1236666,43.35280091
German_Bank_2010,Lp15,Lp15_261150140,https://www.frdr-dfdr.ca/repo/files/9/published/publication_961/submitted_data/01_Data/images/German_Bank_2010/Lp15/Lp15_261150140.JPG,[4],test,-66.1238446,43.35278084
German_Bank_2010,Lp15,Lp15_261150155,https://www.frdr-dfdr.ca/repo/files/9/published/publication_961/submitted_data/01_Data/images/German_Bank_2010/Lp15/Lp15_261150155.JPG,[4],test,-66.12400335,43.35276299
German_Bank_2010,Lp15,Lp15_261150211,https://www.frdr-dfdr.ca/repo/files/9/published/publication_961/submitted_data/01_Data/images/German_Bank_2010/Lp15/Lp15_261150211.JPG,[4],test,-66.12416495,43.35274214
German_Bank_2010,Lp15,Lp15_261150227,https://www.frdr-dfdr.ca/repo/files/9/published/publication_961/submitted_data/01_Data/images/German_Bank_2010/Lp15/Lp15_261150227.JPG,[4],dropped,-66.12430889,43.3527198
German_Bank_2010,Lp15,Lp15_261150243,https://www.frdr-dfdr.ca/repo/files/9/published/publication_961/submitted_data/01_Data/images/German_Bank_2010/Lp15/Lp15_261150243.JPG,[4],dropped,-66.12445798,43.35269301
German_Bank_2010,Lp15,Lp15_261150259,https://www.frdr-dfdr.ca/repo/files/9/published/publication_961/submitted_data/01_Data/images/German_Bank_2010/Lp15/Lp15_261150259.JPG,[4],dropped,-66.12457171,43.35267283
German_Bank_2010,Lp15,Lp15_261150315,https://www.frdr-dfdr.ca/repo/files/9/published/publication_961/submitted_data/01_Data/images/German_Bank_2010/Lp15/Lp15_261150315.JPG,[4],dropped,-66.12464436,43.35266143
German_Bank_2010,Lp15,Lp15_261150330,https://www.frdr-dfdr.ca/repo/files/9/published/publication_961/submitted_data/01_Data/images/German_Bank_2010/Lp15/Lp15_261150330.JPG,[4],dropped,-66.12469949,43.35265468
German_Bank_2010,Lp15,Lp15_261150347,https://www.frdr-dfdr.ca/repo/files/9/published/publication_961/submitted_data/01_Data/images/German_Bank_2010/Lp15/Lp15_261150347.JPG,[4],dropped,-66.12475443,43.35265269
German_Bank_2010,Lp15,Lp15_261150403,https://www.frdr-dfdr.ca/repo/files/9/published/publication_961/submitted_data/01_Data/images/German_Bank_2010/Lp15/Lp15_261150403.JPG,[4],train,-66.12484559,43.35265972
German_Bank_2010,Lp15,Lp15_261150418,https://www.frdr-dfdr.ca/repo/files/9/published/publication_961/submitted_data/01_Data/images/German_Bank_2010/Lp15/Lp15_261150418.JPG,[4],train,-66.12497556,43.35268681
German_Bank_2010,Lp15,Lp15_261150434,https://www.frdr-dfdr.ca/repo/files/9/published/publication_961/submitted_data/01_Data/images/German_Bank_2010/Lp15/Lp15_261150434.JPG,[4],train,-66.12512991,43.35274199
German_Bank_2010,Lp15,Lp15_261150450,https://www.frdr-dfdr.ca/repo/files/9/published/publication_961/submitted_data/01_Data/images/German_Bank_2010/Lp15/Lp15_261150450.JPG,[4],train,-66.12526175,43.35281573
German_Bank_2010,Lp15,Lp15_261150506,https://www.frdr-dfdr.ca/repo/files/9/published/publication_961/submitted_data/01_Data/images/German_Bank_2010/Lp15/Lp15_261150506.JPG,[4],train,-66.12537763,43.35292253
German_Bank_2010,Lp15,Lp15_261150521,https://www.frdr-dfdr.ca/repo/files/9/published/publication_961/submitted_data/01_Data/images/German_Bank_2010/Lp15/Lp15_261150521.JPG,[4],dropped,-66.1254317,43.35303308
German_Bank_2010,Lp15,Lp15_261150538,https://www.frdr-dfdr.ca/repo/files/9/published/publication_961/submitted_data/01_Data/images/German_Bank_2010/Lp15/Lp15_261150538.JPG,[4],dropped,-66.12541803,43.35318541
German_Bank_2010,Lp15,Lp15_261150553,https://www.frdr-dfdr.ca/repo/files/9/published/publication_961/submitted_data/01_Data/images/German_Bank_2010/Lp15/Lp15_261150553.JPG,[4],test,-66.12525975,43.35339481
German_Bank_2010,Lp15,Lp15_261150609,https://www.frdr-dfdr.ca/repo/files/9/published/publication_961/submitted_data/01_Data/images/German_Bank_2010/Lp15/Lp15_261150609.JPG,[4],dropped,-66.12497289,43.35360478
German_Bank_2010,Lp15,Lp15_261150626,https://www.frdr-dfdr.ca/repo/files/9/published/publication_961/submitted_data/01_Data/images/German_Bank_2010/Lp15/Lp15_261150626.JPG,[4],train,-66.12462336,43.35380953
German_Bank_2010,Lp15,Lp15_261150641,https://www.frdr-dfdr.ca/repo/files/9/published/publication_961/submitted_data/01_Data/images/German_Bank_2010/Lp15/Lp15_261150641.JPG,[4],train,-66.12429742,43.35398307
German_Bank_2010,Lp15,Lp15_261150657,https://www.frdr-dfdr.ca/repo/files/9/published/publication_961/submitted_data/01_Data/images/German_Bank_2010/Lp15/Lp15_261150657.JPG,[4],train,-66.12398385,43.35413057
German_Bank_2010,Lp15,Lp15_261150713,https://www.frdr-dfdr.ca/repo/files/9/published/publication_961/submitted_data/01_Data/images/German_Bank_2010/Lp15/Lp15_261150713.JPG,[4],train,-66.12372193,43.35424086
German_Bank_2010,Lp15,Lp15_261150729,https://www.frdr-dfdr.ca/repo/files/9/published/publication_961/submitted_data/01_Data/images/German_Bank_2010/Lp15/Lp15_261150729.JPG,[4],train,-66.12349639,43.35432328
German_Bank_2010,Lp15,Lp15_261150745,https://www.frdr-dfdr.ca/repo/files/9/published/publication_961/submitted_data/01_Data/images/German_Bank_2010/Lp15/Lp15_261150745.JPG,[4],train,-66.12325208,43.3543995
German_Bank_2010,Lp15,Lp15_261150800,https://www.frdr-dfdr.ca/repo/files/9/published/publication_961/submitted_data/01_Data/images/German_Bank_2010/Lp15/Lp15_261150800.JPG,[4],train,-66.12307097,43.35444731
German_Bank_2010,Lp16,Lp16_258141732,https://www.frdr-dfdr.ca/repo/files/9/published/publication_961/submitted_data/01_Data/images/German_Bank_2010/Lp16/Lp16_258141732.JPG,[2],train,-66.42183428,43.39555581
German_Bank_2010,Lp16,Lp16_258141748,https://www.frdr-dfdr.ca/repo/files/9/published/publication_961/submitted_data/01_Data/images/German_Bank_2010/Lp16/Lp16_258141748.JPG,[2],train,-66.42175758,43.39541853
German_Bank_2010,Lp16,Lp16_258141804,https://www.frdr-dfdr.ca/repo/files/9/published/publication_961/submitted_data/01_Data/images/German_Bank_2010/Lp16/Lp16_258141804.JPG,[2],train,-66.42166763,43.39525918
German_Bank_2010,Lp16,Lp16_258141820,https://www.frdr-dfdr.ca/repo/files/9/published/publication_961/submitted_data/01_Data/images/German_Bank_2010/Lp16/Lp16_258141820.JPG,[2],train,-66.42156845,43.39507895
German_Bank_2010,Lp16,Lp16_258141836,https://www.frdr-dfdr.ca/repo/files/9/published/publication_961/submitted_data/01_Data/images/German_Bank_2010/Lp16/Lp16_258141836.JPG,[2],train,-66.42146256,43.39487945
German_Bank_2010,Lp16,Lp16_258141851,https://www.frdr-dfdr.ca/repo/files/9/published/publication_961/submitted_data/01_Data/images/German_Bank_2010/Lp16/Lp16_258141851.JPG,[2],train,-66.4213705,43.39470341
German_Bank_2010,Lp16,Lp16_258141907,https://www.frdr-dfdr.ca/repo/files/9/published/publication_961/submitted_data/01_Data/images/German_Bank_2010/Lp16/Lp16_258141907.JPG,[2],train,-66.42128094,43.39452766
German_Bank_2010,Lp16,Lp16_258141923,https://www.frdr-dfdr.ca/repo/files/9/published/publication_961/submitted_data/01_Data/images/German_Bank_2010/Lp16/Lp16_258141923.JPG,[2],train,-66.42120559,43.39437803
German_Bank_2010,Lp16,Lp16_258141939,https://www.frdr-dfdr.ca/repo/files/9/published/publication_961/submitted_data/01_Data/images/German_Bank_2010/Lp16/Lp16_258141939.JPG,[2],train,-66.4211412,43.39425015
German_Bank_2010,Lp16,Lp16_258141955,https://www.frdr-dfdr.ca/repo/files/9/published/publication_961/submitted_data/01_Data/images/German_Bank_2010/Lp16/Lp16_258141955.JPG,[2],train,-66.42107755,43.39412316
German_Bank_2010,Lp16,Lp16_258142011,https://www.frdr-dfdr.ca/repo/files/9/published/publication_961/submitted_data/01_Data/images/German_Bank_2010/Lp16/Lp16_258142011.JPG,[2],train,-66.42099951,43.39396685
German_Bank_2010,Lp16,Lp16_258142027,https://www.frdr-dfdr.ca/repo/files/9/published/publication_961/submitted_data/01_Data/images/German_Bank_2010/Lp16/Lp16_258142027.JPG,[2],train,-66.42090423,43.39378393
German_Bank_2010,Lp16,Lp16_258142042,https://www.frdr-dfdr.ca/repo/files/9/published/publication_961/submitted_data/01_Data/images/German_Bank_2010/Lp16/Lp16_258142042.JPG,[2],train,-66.4207995,43.39359209
German_Bank_2010,Lp16,Lp16_258142058,https://www.frdr-dfdr.ca/repo/files/9/published/publication_961/submitted_data/01_Data/images/German_Bank_2010/Lp16/Lp16_258142058.JPG,[2],train,-66.42069707,43.39340961
German_Bank_2010,Lp16,Lp16_258142114,https://www.frdr-dfdr.ca/repo/files/9/published/publication_961/submitted_data/01_Data/images/German_Bank_2010/Lp16/Lp16_258142114.JPG,[2],train,-66.42059694,43.39322996
German_Bank_2010,Lp16,Lp16_258142130,https://www.frdr-dfdr.ca/repo/files/9/published/publication_961/submitted_data/01_Data/images/German_Bank_2010/Lp16/Lp16_258142130.JPG,[2],train,-66.42051955,43.39308775
German_Bank_2010,Lp16,Lp16_258142146,https://www.frdr-dfdr.ca/repo/files/9/published/publication_961/submitted_data/01_Data/images/German_Bank_2010/Lp16/Lp16_258142146.JPG,[2],train,-66.42044673,43.3929544
German_Bank_2010,Lp16,Lp16_258142202,https://www.frdr-dfdr.ca/repo/files/9/published/publication_961/submitted_data/01_Data/images/German_Bank_2010/Lp16/Lp16_258142202.JPG,[2],train,-66.42036782,43.39281479
German_Bank_2010,Lp16,Lp16_258142218,https://www.frdr-dfdr.ca/repo/files/9/published/publication_961/submitted_data/01_Data/images/German_Bank_2010/Lp16/Lp16_258142218.JPG,[2],train,-66.42027669,43.39266158
German_Bank_2010,Lp16,Lp16_258142234,https://www.frdr-dfdr.ca/repo/files/9/published/publication_961/submitted_data/01_Data/images/German_Bank_2010/Lp16/Lp16_258142234.JPG,[2],train,-66.42017312,43.39249174
German_Bank_2010,Lp16,Lp16_258142250,https://www.frdr-dfdr.ca/repo/files/9/published/publication_961/submitted_data/01_Data/images/German_Bank_2010/Lp16/Lp16_258142250.JPG,[2],train,-66.42005411,43.39229804
German_Bank_2010,Lp16,Lp16_258142305,https://www.frdr-dfdr.ca/repo/files/9/published/publication_961/submitted_data/01_Data/images/German_Bank_2010/Lp16/Lp16_258142305.JPG,[2],train,-66.41994292,43.39211629
German_Bank_2010,Lp16,Lp16_258142321,https://www.frdr-dfdr.ca/repo/files/9/published/publication_961/submitted_data/01_Data/images/German_Bank_2010/Lp16/Lp16_258142321.JPG,[2],train,-66.41981693,43.39191013
German_Bank_2010,Lp16,Lp16_258142337,https://www.frdr-dfdr.ca/repo/files/9/published/publication_961/submitted_data/01_Data/images/German_Bank_2010/Lp16/Lp16_258142337.JPG,[2],train,-66.41971084,43.39173717
German_Bank_2010,Lp16,Lp16_258142353,https://www.frdr-dfdr.ca/repo/files/9/published/publication_961/submitted_data/01_Data/images/German_Bank_2010/Lp16/Lp16_258142353.JPG,[2],train,-66.41961852,43.39158619
German_Bank_2010,Lp16,Lp16_258142409,https://www.frdr-dfdr.ca/repo/files/9/published/publication_961/submitted_data/01_Data/images/German_Bank_2010/Lp16/Lp16_258142409.JPG,[2],train,-66.41952833,43.39144283
German_Bank_2010,Lp16,Lp16_258142425,https://www.frdr-dfdr.ca/repo/files/9/published/publication_961/submitted_data/01_Data/images/German_Bank_2010/Lp16/Lp16_258142425.JPG,[2],train,-66.41944924,43.39131738
German_Bank_2010,Lp16,Lp16_258142440,https://www.frdr-dfdr.ca/repo/files/9/published/publication_961/submitted_data/01_Data/images/German_Bank_2010/Lp16/Lp16_258142440.JPG,[2],train,-66.41938177,43.3912102
German_Bank_2010,Lp16,Lp16_258142456,https://www.frdr-dfdr.ca/repo/files/9/published/publication_961/submitted_data/01_Data/images/German_Bank_2010/Lp16/Lp16_258142456.JPG,[2],train,-66.41930212,43.3910817
German_Bank_2010,Lp16,Lp16_258142512,https://www.frdr-dfdr.ca/repo/files/9/published/publication_961/submitted_data/01_Data/images/German_Bank_2010/Lp16/Lp16_258142512.JPG,[2],train,-66.4192053,43.39092588
German_Bank_2010,Lp16,Lp16_258142528,https://www.frdr-dfdr.ca/repo/files/9/published/publication_961/submitted_data/01_Data/images/German_Bank_2010/Lp16/Lp16_258142528.JPG,[2],train,-66.41908616,43.39073595
German_Bank_2010,Lp16,Lp16_258142544,https://www.frdr-dfdr.ca/repo/files/9/published/publication_961/submitted_data/01_Data/images/German_Bank_2010/Lp16/Lp16_258142544.JPG,[2],train,-66.41897682,43.39056034
German_Bank_2010,Lp16,Lp16_258142600,https://www.frdr-dfdr.ca/repo/files/9/published/publication_961/submitted_data/01_Data/images/German_Bank_2010/Lp16/Lp16_258142600.JPG,[2],train,-66.41885723,43.39036466
German_Bank_2010,Lp16,Lp16_258142616,https://www.frdr-dfdr.ca/repo/files/9/published/publication_961/submitted_data/01_Data/images/German_Bank_2010/Lp16/Lp16_258142616.JPG,[2],train,-66.41874077,43.39017051
German_Bank_2010,Lp16,Lp16_258142632,https://www.frdr-dfdr.ca/repo/files/9/published/publication_961/submitted_data/01_Data/images/German_Bank_2010/Lp16/Lp16_258142632.JPG,[2],train,-66.41862477,43.38997031
German_Bank_2010,Lp16,Lp16_258142647,https://www.frdr-dfdr.ca/repo/files/9/published/publication_961/submitted_data/01_Data/images/German_Bank_2010/Lp16/Lp16_258142647.JPG,[2],train,-66.41851854,43.38978327
German_Bank_2010,Lp16,Lp16_258142703,https://www.frdr-dfdr.ca/repo/files/9/published/publication_961/submitted_data/01_Data/images/German_Bank_2010/Lp16/Lp16_258142703.JPG,[2],train,-66.41839757,43.38956812
German_Bank_2010,Lp16,Lp16_258142719,https://www.frdr-dfdr.ca/repo/files/9/published/publication_961/submitted_data/01_Data/images/German_Bank_2010/Lp16/Lp16_258142719.JPG,[2],train,-66.41830282,43.38939916
German_Bank_2010,Lp16,Lp16_258142735,https://www.frdr-dfdr.ca/repo/files/9/published/publication_961/submitted_data/01_Data/images/German_Bank_2010/Lp16/Lp16_258142735.JPG,[2],train,-66.4182173,43.38924567
German_Bank_2010,Lp16,Lp16_258142751,https://www.frdr-dfdr.ca/repo/files/9/published/publication_961/submitted_data/01_Data/images/German_Bank_2010/Lp16/Lp16_258142751.JPG,[2],train,-66.41814255,43.38911071
German_Bank_2010,Lp16,Lp16_258142807,https://www.frdr-dfdr.ca/repo/files/9/published/publication_961/submitted_data/01_Data/images/German_Bank_2010/Lp16/Lp16_258142807.JPG,[2],train,-66.41805335,43.38895185
German_Bank_2010,Lp16,Lp16_258142823,https://www.frdr-dfdr.ca/repo/files/9/published/publication_961/submitted_data/01_Data/images/German_Bank_2010/Lp16/Lp16_258142823.JPG,[2],train,-66.41795079,43.38877111
German_Bank_2010,Lp16,Lp16_258142838,https://www.frdr-dfdr.ca/repo/files/9/published/publication_961/submitted_data/01_Data/images/German_Bank_2010/Lp16/Lp16_258142838.JPG,[2],train,-66.4178503,43.38859654
German_Bank_2010,Lp16,Lp16_258142854,https://www.frdr-dfdr.ca/repo/files/9/published/publication_961/submitted_data/01_Data/images/German_Bank_2010/Lp16/Lp16_258142854.JPG,[2],train,-66.41773975,43.38840464
German_Bank_2010,Lp16,Lp16_258142910,https://www.frdr-dfdr.ca/repo/files/9/published/publication_961/submitted_data/01_Data/images/German_Bank_2010/Lp16/Lp16_258142910.JPG,[2],train,-66.41761208,43.38817778
German_Bank_2010,Lp16,Lp16_258142926,https://www.frdr-dfdr.ca/repo/files/9/published/publication_961/submitted_data/01_Data/images/German_Bank_2010/Lp16/Lp16_258142926.JPG,[2],train,-66.41750416,43.38798062
German_Bank_2010,Lp16,Lp16_258142942,https://www.frdr-dfdr.ca/repo/files/9/published/publication_961/submitted_data/01_Data/images/German_Bank_2010/Lp16/Lp16_258142942.JPG,[2],train,-66.41740172,43.38778462
German_Bank_2010,Lp16,Lp16_258142958,https://www.frdr-dfdr.ca/repo/files/9/published/publication_961/submitted_data/01_Data/images/German_Bank_2010/Lp16/Lp16_258142958.JPG,[2],train,-66.41732315,43.38762723
German_Bank_2010,Lp16,Lp16_258143014,https://www.frdr-dfdr.ca/repo/files/9/published/publication_961/submitted_data/01_Data/images/German_Bank_2010/Lp16/Lp16_258143014.JPG,[2],train,-66.41725378,43.38747899
German_Bank_2010,Lp16,Lp16_258143029,https://www.frdr-dfdr.ca/repo/files/9/published/publication_961/submitted_data/01_Data/images/German_Bank_2010/Lp16/Lp16_258143029.JPG,[2],train,-66.41719879,43.38735613
German_Bank_2010,Lp16,Lp16_258143045,https://www.frdr-dfdr.ca/repo/files/9/published/publication_961/submitted_data/01_Data/images/German_Bank_2010/Lp16/Lp16_258143045.JPG,[2],train,-66.41714794,43.38723768
German_Bank_2010,Lp16,Lp16_258143101,https://www.frdr-dfdr.ca/repo/files/9/published/publication_961/submitted_data/01_Data/images/German_Bank_2010/Lp16/Lp16_258143101.JPG,[2],train,-66.41709952,43.38712657
German_Bank_2010,Lp16,Lp16_258143117,https://www.frdr-dfdr.ca/repo/files/9/published/publication_961/submitted_data/01_Data/images/German_Bank_2010/Lp16/Lp16_258143117.JPG,[2],train,-66.41705258,43.38702475
German_Bank_2010,Lp16,Lp16_258143133,https://www.frdr-dfdr.ca/repo/files/9/published/publication_961/submitted_data/01_Data/images/German_Bank_2010/Lp16/Lp16_258143133.JPG,[2],train,-66.41698125,43.38688096
German_Bank_2010,Lp16,Lp16_258143149,https://www.frdr-dfdr.ca/repo/files/9/published/publication_961/submitted_data/01_Data/images/German_Bank_2010/Lp16/Lp16_258143149.JPG,[2],train,-66.4169042,43.38673584
German_Bank_2010,Lp16,Lp16_258143205,https://www.frdr-dfdr.ca/repo/files/9/published/publication_961/submitted_data/01_Data/images/German_Bank_2010/Lp16/Lp16_258143205.JPG,[2],train,-66.41680348,43.38655674
German_Bank_2010,Lp17,Lp17_256141454,https://www.frdr-dfdr.ca/repo/files/9/published/publication_961/submitted_data/01_Data/images/German_Bank_2010/Lp17/Lp17_256141454.JPG,[1],train,-66.71146126,43.375971
German_Bank_2010,Lp17,Lp17_256141509,https://www.frdr-dfdr.ca/repo/files/9/published/publication_961/submitted_data/01_Data/images/German_Bank_2010/Lp17/Lp17_256141509.JPG,[1],train,-66.71153848,43.37585894
German_Bank_2010,Lp17,Lp17_256141524,https://www.frdr-dfdr.ca/repo/files/9/published/publication_961/submitted_data/01_Data/images/German_Bank_2010/Lp17/Lp17_256141524.JPG,[1],train,-66.71160233,43.37576511
German_Bank_2010,Lp17,Lp17_256141541,https://www.frdr-dfdr.ca/repo/files/9/published/publication_961/submitted_data/01_Data/images/German_Bank_2010/Lp17/Lp17_256141541.JPG,[1],train,-66.71168267,43.3756457
German_Bank_2010,Lp17,Lp17_256141557,https://www.frdr-dfdr.ca/repo/files/9/published/publication_961/submitted_data/01_Data/images/German_Bank_2010/Lp17/Lp17_256141557.JPG,[1],train,-66.71176254,43.37552444
German_Bank_2010,Lp17,Lp17_256141613,https://www.frdr-dfdr.ca/repo/files/9/published/publication_961/submitted_data/01_Data/images/German_Bank_2010/Lp17/Lp17_256141613.JPG,[1],train,-66.71184654,43.37539187
German_Bank_2010,Lp17,Lp17_256141629,https://www.frdr-dfdr.ca/repo/files/9/published/publication_961/submitted_data/01_Data/images/German_Bank_2010/Lp17/Lp17_256141629.JPG,[1],train,-66.71192795,43.37525722
German_Bank_2010,Lp17,Lp17_256141645,https://www.frdr-dfdr.ca/repo/files/9/published/publication_961/submitted_data/01_Data/images/German_Bank_2010/Lp17/Lp17_256141645.JPG,[1],train,-66.71201447,43.37510882
German_Bank_2010,Lp17,Lp17_256141700,https://www.frdr-dfdr.ca/repo/files/9/published/publication_961/submitted_data/01_Data/images/German_Bank_2010/Lp17/Lp17_256141700.JPG,[1],train,-66.712087,43.37498086
German_Bank_2010,Lp17,Lp17_256141716,https://www.frdr-dfdr.ca/repo/files/9/published/publication_961/submitted_data/01_Data/images/German_Bank_2010/Lp17/Lp17_256141716.JPG,[1],train,-66.71217257,43.37482486
German_Bank_2010,Lp17,Lp17_256141732,https://www.frdr-dfdr.ca/repo/files/9/published/publication_961/submitted_data/01_Data/images/German_Bank_2010/Lp17/Lp17_256141732.JPG,[1],train,-66.71225306,43.37467049
German_Bank_2010,Lp17,Lp17_256141748,https://www.frdr-dfdr.ca/repo/files/9/published/publication_961/submitted_data/01_Data/images/German_Bank_2010/Lp17/Lp17_256141748.JPG,[1],train,-66.7123293,43.37451926
German_Bank_2010,Lp17,Lp17_256141804,https://www.frdr-dfdr.ca/repo/files/9/published/publication_961/submitted_data/01_Data/images/German_Bank_2010/Lp17/Lp17_256141804.JPG,[1],train,-66.7124075,43.37436046
German_Bank_2010,Lp17,Lp17_256141820,https://www.frdr-dfdr.ca/repo/files/9/published/publication_961/submitted_data/01_Data/images/German_Bank_2010/Lp17/Lp17_256141820.JPG,[1],train,-66.7124873,43.37419506
German_Bank_2010,Lp17,Lp17_256141836,https://www.frdr-dfdr.ca/repo/files/9/published/publication_961/submitted_data/01_Data/images/German_Bank_2010/Lp17/Lp17_256141836.JPG,[1],train,-66.71256001,43.37404062
German_Bank_2010,Lp17,Lp17_256141851,https://www.frdr-dfdr.ca/repo/files/9/published/publication_961/submitted_data/01_Data/images/German_Bank_2010/Lp17/Lp17_256141851.JPG,[1],train,-66.71262958,43.37388821
German_Bank_2010,Lp17,Lp17_256141907,https://www.frdr-dfdr.ca/repo/files/9/published/publication_961/submitted_data/01_Data/images/German_Bank_2010/Lp17/Lp17_256141907.JPG,[1],train,-66.71270192,43.37372614
German_Bank_2010,Lp17,Lp17_256141923,https://www.frdr-dfdr.ca/repo/files/9/published/publication_961/submitted_data/01_Data/images/German_Bank_2010/Lp17/Lp17_256141923.JPG,[1],train,-66.7127702,43.37357032
German_Bank_2010,Lp17,Lp17_256141939,https://www.frdr-dfdr.ca/repo/files/9/published/publication_961/submitted_data/01_Data/images/German_Bank_2010/Lp17/Lp17_256141939.JPG,[1],train,-66.7128422,43.37340557
German_Bank_2010,Lp17,Lp17_256141955,https://www.frdr-dfdr.ca/repo/files/9/published/publication_961/submitted_data/01_Data/images/German_Bank_2010/Lp17/Lp17_256141955.JPG,[1],train,-66.71291181,43.37324559
German_Bank_2010,Lp17,Lp17_256142011,https://www.frdr-dfdr.ca/repo/files/9/published/publication_961/submitted_data/01_Data/images/German_Bank_2010/Lp17/Lp17_256142011.JPG,[1],train,-66.71298286,43.37308295
German_Bank_2010,Lp17,Lp17_256142027,https://www.frdr-dfdr.ca/repo/files/9/published/publication_961/submitted_data/01_Data/images/German_Bank_2010/Lp17/Lp17_256142027.JPG,[1],train,-66.71305228,43.37292337
German_Bank_2010,Lp17,Lp17_256142043,https://www.frdr-dfdr.ca/repo/files/9/published/publication_961/submitted_data/01_Data/images/German_Bank_2010/Lp17/Lp17_256142043.JPG,[1],train,-66.71312223,43.37276141
German_Bank_2010,Lp17,Lp17_256142058,https://www.frdr-dfdr.ca/repo/files/9/published/publication_961/submitted_data/01_Data/images/German_Bank_2010/Lp17/Lp17_256142058.JPG,[1],train,-66.71318336,43.37261703
German_Bank_2010,Lp17,Lp17_256142114,https://www.frdr-dfdr.ca/repo/files/9/published/publication_961/submitted_data/01_Data/images/German_Bank_2010/Lp17/Lp17_256142114.JPG,[1],train,-66.7132495,43.37245811
German_Bank_2010,Lp17,Lp17_256142130,https://www.frdr-dfdr.ca/repo/files/9/published/publication_961/submitted_data/01_Data/images/German_Bank_2010/Lp17/Lp17_256142130.JPG,[1],train,-66.71331548,43.37229508
German_Bank_2010,Lp17,Lp17_256142146,https://www.frdr-dfdr.ca/repo/files/9/published/publication_961/submitted_data/01_Data/images/German_Bank_2010/Lp17/Lp17_256142146.JPG,[1],train,-66.71337536,43.37214321
German_Bank_2010,Lp17,Lp17_256142202,https://www.frdr-dfdr.ca/repo/files/9/published/publication_961/submitted_data/01_Data/images/German_Bank_2010/Lp17/Lp17_256142202.JPG,[1],train,-66.71343981,43.37197692
German_Bank_2010,Lp17,Lp17_256142217,https://www.frdr-dfdr.ca/repo/files/9/published/publication_961/submitted_data/01_Data/images/German_Bank_2010/Lp17/Lp17_256142217.JPG,[1],train,-66.71349628,43.37182948
German_Bank_2010,Lp17,Lp17_256142234,https://www.frdr-dfdr.ca/repo/files/9/published/publication_961/submitted_data/01_Data/images/German_Bank_2010/Lp17/Lp17_256142234.JPG,[1],train,-66.7135629,43.37165415
German_Bank_2010,Lp17,Lp17_256142250,https://www.frdr-dfdr.ca/repo/files/9/published/publication_961/submitted_data/01_Data/images/German_Bank_2010/Lp17/Lp17_256142250.JPG,[1],train,-66.71361992,43.37150185
German_Bank_2010,Lp17,Lp17_256142306,https://www.frdr-dfdr.ca/repo/files/9/published/publication_961/submitted_data/01_Data/images/German_Bank_2010/Lp17/Lp17_256142306.JPG,[1],train,-66.71367677,43.37134765
German_Bank_2010,Lp17,Lp17_256142321,https://www.frdr-dfdr.ca/repo/files/9/published/publication_961/submitted_data/01_Data/images/German_Bank_2010/Lp17/Lp17_256142321.JPG,[1],train,-66.71373111,43.37119697
German_Bank_2010,Lp17,Lp17_256142337,https://www.frdr-dfdr.ca/repo/files/9/published/publication_961/submitted_data/01_Data/images/German_Bank_2010/Lp17/Lp17_256142337.JPG,[1],train,-66.71378806,43.37103774
German_Bank_2010,Lp17,Lp17_256142353,https://www.frdr-dfdr.ca/repo/files/9/published/publication_961/submitted_data/01_Data/images/German_Bank_2010/Lp17/Lp17_256142353.JPG,[1],train,-66.71384497,43.37087898
German_Bank_2010,Lp17,Lp17_256142409,https://www.frdr-dfdr.ca/repo/files/9/published/publication_961/submitted_data/01_Data/images/German_Bank_2010/Lp17/Lp17_256142409.JPG,[1],train,-66.71390178,43.37072007
German_Bank_2010,Lp17,Lp17_256142425,https://www.frdr-dfdr.ca/repo/files/9/published/publication_961/submitted_data/01_Data/images/German_Bank_2010/Lp17/Lp17_256142425.JPG,[1],train,-66.71395776,43.37056147
German_Bank_2010,Lp17,Lp17_256142441,https://www.frdr-dfdr.ca/repo/files/9/published/publication_961/submitted_data/01_Data/images/German_Bank_2010/Lp17/Lp17_256142441.JPG,[1],train,-66.71400894,43.37041668
German_Bank_2010,Lp17,Lp17_256142456,https://www.frdr-dfdr.ca/repo/files/9/published/publication_961/submitted_data/01_Data/images/German_Bank_2010/Lp17/Lp17_256142456.JPG,[1],train,-66.71406147,43.37027004
German_Bank_2010,Lp17,Lp17_256142512,https://www.frdr-dfdr.ca/repo/files/9/published/publication_961/submitted_data/01_Data/images/German_Bank_2010/Lp17/Lp17_256142512.JPG,[1],train,-66.71411788,43.37011245
German_Bank_2010,Lp17,Lp17_256142528,https://www.frdr-dfdr.ca/repo/files/9/published/publication_961/submitted_data/01_Data/images/German_Bank_2010/Lp17/Lp17_256142528.JPG,[1],train,-66.71417428,43.36995858
German_Bank_2010,Lp17,Lp17_256142544,https://www.frdr-dfdr.ca/repo/files/9/published/publication_961/submitted_data/01_Data/images/German_Bank_2010/Lp17/Lp17_256142544.JPG,[1],train,-66.71422988,43.3698095
German_Bank_2010,Lp17,Lp17_256142600,https://www.frdr-dfdr.ca/repo/files/9/published/publication_961/submitted_data/01_Data/images/German_Bank_2010/Lp17/Lp17_256142600.JPG,[1],train,-66.71428663,43.36965647
German_Bank_2010,Lp17,Lp17_256142616,https://www.frdr-dfdr.ca/repo/files/9/published/publication_961/submitted_data/01_Data/images/German_Bank_2010/Lp17/Lp17_256142616.JPG,[1],train,-66.71434089,43.36951007
German_Bank_2010,Lp17,Lp17_256142632,https://www.frdr-dfdr.ca/repo/files/9/published/publication_961/submitted_data/01_Data/images/German_Bank_2010/Lp17/Lp17_256142632.JPG,[1],train,-66.71439546,43.36936419
German_Bank_2010,Lp17,Lp17_256142648,https://www.frdr-dfdr.ca/repo/files/9/published/publication_961/submitted_data/01_Data/images/German_Bank_2010/Lp17/Lp17_256142648.JPG,[1],train,-66.71445146,43.36921654
German_Bank_2010,Lp17,Lp17_256142704,https://www.frdr-dfdr.ca/repo/files/9/published/publication_961/submitted_data/01_Data/images/German_Bank_2010/Lp17/Lp17_256142704.JPG,[1],train,-66.7145109,43.36906349
German_Bank_2010,Lp17,Lp17_256142719,https://www.frdr-dfdr.ca/repo/files/9/published/publication_961/submitted_data/01_Data/images/German_Bank_2010/Lp17/Lp17_256142719.JPG,[1],train,-66.71456559,43.36892528
German_Bank_2010,Lp17,Lp17_256142734,https://www.frdr-dfdr.ca/repo/files/9/published/publication_961/submitted_data/01_Data/images/German_Bank_2010/Lp17/Lp17_256142734.JPG,[1],train,-66.71461897,43.3687906
German_Bank_2010,Lp17,Lp17_256142751,https://www.frdr-dfdr.ca/repo/files/9/published/publication_961/submitted_data/01_Data/images/German_Bank_2010/Lp17/Lp17_256142751.JPG,[1],train,-66.71468357,43.36862855
German_Bank_2010,Lp17,Lp17_256142807,https://www.frdr-dfdr.ca/repo/files/9/published/publication_961/submitted_data/01_Data/images/German_Bank_2010/Lp17/Lp17_256142807.JPG,[1],train,-66.7147427,43.36848168
German_Bank_2010,Lp17,Lp17_256142823,https://www.frdr-dfdr.ca/repo/files/9/published/publication_961/submitted_data/01_Data/images/German_Bank_2010/Lp17/Lp17_256142823.JPG,[1],train,-66.71480583,43.36832646
German_Bank_2010,Lp17,Lp17_256142838,https://www.frdr-dfdr.ca/repo/files/9/published/publication_961/submitted_data/01_Data/images/German_Bank_2010/Lp17/Lp17_256142838.JPG,[1],train,-66.71485671,43.36819923
German_Bank_2010,Lp17,Lp17_256142855,https://www.frdr-dfdr.ca/repo/files/9/published/publication_961/submitted_data/01_Data/images/German_Bank_2010/Lp17/Lp17_256142855.JPG,[1],train,-66.71491913,43.36803903
German_Bank_2010,Lp18,Lp18_257113148,https://www.frdr-dfdr.ca/repo/files/9/published/publication_961/submitted_data/01_Data/images/German_Bank_2010/Lp18/Lp18_257113148.JPG,[0],train,-66.58103398,43.32880872
German_Bank_2010,Lp18,Lp18_257113204,https://www.frdr-dfdr.ca/repo/files/9/published/publication_961/submitted_data/01_Data/images/German_Bank_2010/Lp18/Lp18_257113204.JPG,[0],dropped,-66.58102304,43.32894136
German_Bank_2010,Lp18,Lp18_257113220,https://www.frdr-dfdr.ca/repo/files/9/published/publication_961/submitted_data/01_Data/images/German_Bank_2010/Lp18/Lp18_257113220.JPG,[0],dropped,-66.58102577,43.32910589
German_Bank_2010,Lp18,Lp18_257113235,https://www.frdr-dfdr.ca/repo/files/9/published/publication_961/submitted_data/01_Data/images/German_Bank_2010/Lp18/Lp18_257113235.JPG,[0],test,-66.58104467,43.32928092
German_Bank_2010,Lp18,Lp18_257113251,https://www.frdr-dfdr.ca/repo/files/9/published/publication_961/submitted_data/01_Data/images/German_Bank_2010/Lp18/Lp18_257113251.JPG,[0],test,-66.5810828,43.32949053
German_Bank_2010,Lp18,Lp18_257113307,https://www.frdr-dfdr.ca/repo/files/9/published/publication_961/submitted_data/01_Data/images/German_Bank_2010/Lp18/Lp18_257113307.JPG,[0],test,-66.58113318,43.32968767
German_Bank_2010,Lp18,Lp18_257113323,https://www.frdr-dfdr.ca/repo/files/9/published/publication_961/submitted_data/01_Data/images/German_Bank_2010/Lp18/Lp18_257113323.JPG,[0],test,-66.581199,43.32989149
German_Bank_2010,Lp18,Lp18_257113339,https://www.frdr-dfdr.ca/repo/files/9/published/publication_961/submitted_data/01_Data/images/German_Bank_2010/Lp18/Lp18_257113339.JPG,[0],test,-66.58127462,43.33009317
German_Bank_2010,Lp18,Lp18_257113354,https://www.frdr-dfdr.ca/repo/files/9/published/publication_961/submitted_data/01_Data/images/German_Bank_2010/Lp18/Lp18_257113354.JPG,[0],test,-66.58134943,43.33027685
German_Bank_2010,Lp18,Lp18_257113410,https://www.frdr-dfdr.ca/repo/files/9/published/publication_961/submitted_data/01_Data/images/German_Bank_2010/Lp18/Lp18_257113410.JPG,[0],test,-66.58142975,43.33046506
German_Bank_2010,Lp18,Lp18_257113426,https://www.frdr-dfdr.ca/repo/files/9/published/publication_961/submitted_data/01_Data/images/German_Bank_2010/Lp18/Lp18_257113426.JPG,[0],test,-66.58151306,43.33065584
German_Bank_2010,Lp18,Lp18_257113442,https://www.frdr-dfdr.ca/repo/files/9/published/publication_961/submitted_data/01_Data/images/German_Bank_2010/Lp18/Lp18_257113442.JPG,[0],test,-66.58159695,43.33084054
German_Bank_2010,Lp18,Lp18_257113458,https://www.frdr-dfdr.ca/repo/files/9/published/publication_961/submitted_data/01_Data/images/German_Bank_2010/Lp18/Lp18_257113458.JPG,[0],dropped,-66.58168626,43.33102724
German_Bank_2010,Lp18,Lp18_257113514,https://www.frdr-dfdr.ca/repo/files/9/published/publication_961/submitted_data/01_Data/images/German_Bank_2010/Lp18/Lp18_257113514.JPG,[0],dropped,-66.5817766,43.33120874
German_Bank_2010,Lp18,Lp18_257113530,https://www.frdr-dfdr.ca/repo/files/9/published/publication_961/submitted_data/01_Data/images/German_Bank_2010/Lp18/Lp18_257113530.JPG,[0],train,-66.58186882,43.33138941
German_Bank_2010,Lp18,Lp18_257113546,https://www.frdr-dfdr.ca/repo/files/9/published/publication_961/submitted_data/01_Data/images/German_Bank_2010/Lp18/Lp18_257113546.JPG,[0],train,-66.58196119,43.33156684
German_Bank_2010,Lp18,Lp18_257113601,https://www.frdr-dfdr.ca/repo/files/9/published/publication_961/submitted_data/01_Data/images/German_Bank_2010/Lp18/Lp18_257113601.JPG,[0],train,-66.58205169,43.33173946
German_Bank_2010,Lp18,Lp18_257113617,https://www.frdr-dfdr.ca/repo/files/9/published/publication_961/submitted_data/01_Data/images/German_Bank_2010/Lp18/Lp18_257113617.JPG,[0],train,-66.582146,43.33191766
German_Bank_2010,Lp18,Lp18_257113633,https://www.frdr-dfdr.ca/repo/files/9/published/publication_961/submitted_data/01_Data/images/German_Bank_2010/Lp18/Lp18_257113633.JPG,[0],train,-66.58223911,43.33208841
German_Bank_2010,Lp18,Lp18_257113649,https://www.frdr-dfdr.ca/repo/files/9/published/publication_961/submitted_data/01_Data/images/German_Bank_2010/Lp18/Lp18_257113649.JPG,[0],train,-66.58233499,43.33225903
German_Bank_2010,Lp18,Lp18_257113705,https://www.frdr-dfdr.ca/repo/files/9/published/publication_961/submitted_data/01_Data/images/German_Bank_2010/Lp18/Lp18_257113705.JPG,[0],train,-66.58243217,43.33242979
German_Bank_2010,Lp18,Lp18_257113721,https://www.frdr-dfdr.ca/repo/files/9/published/publication_961/submitted_data/01_Data/images/German_Bank_2010/Lp18/Lp18_257113721.JPG,[0],train,-66.58253057,43.33260196
German_Bank_2010,Lp18,Lp18_257113737,https://www.frdr-dfdr.ca/repo/files/9/published/publication_961/submitted_data/01_Data/images/German_Bank_2010/Lp18/Lp18_257113737.JPG,[1],train,-66.58262814,43.33277327
German_Bank_2010,Lp18,Lp18_257113753,https://www.frdr-dfdr.ca/repo/files/9/published/publication_961/submitted_data/01_Data/images/German_Bank_2010/Lp18/Lp18_257113753.JPG,[1],train,-66.58272711,43.33294677
German_Bank_2010,Lp18,Lp18_257113809,https://www.frdr-dfdr.ca/repo/files/9/published/publication_961/submitted_data/01_Data/images/German_Bank_2010/Lp18/Lp18_257113809.JPG,[1],train,-66.58282243,43.33311381
German_Bank_2010,Lp18,Lp18_257113824,https://www.frdr-dfdr.ca/repo/files/9/published/publication_961/submitted_data/01_Data/images/German_Bank_2010/Lp18/Lp18_257113824.JPG,[1],train,-66.58291341,43.33327279
German_Bank_2010,Lp18,Lp18_257113840,https://www.frdr-dfdr.ca/repo/files/9/published/publication_961/submitted_data/01_Data/images/German_Bank_2010/Lp18/Lp18_257113840.JPG,[1],train,-66.58301308,43.33344124
German_Bank_2010,Lp18,Lp18_257113856,https://www.frdr-dfdr.ca/repo/files/9/published/publication_961/submitted_data/01_Data/images/German_Bank_2010/Lp18/Lp18_257113856.JPG,[1],train,-66.58312076,43.33361615
German_Bank_2010,Lp18,Lp18_257113912,https://www.frdr-dfdr.ca/repo/files/9/published/publication_961/submitted_data/01_Data/images/German_Bank_2010/Lp18/Lp18_257113912.JPG,[1],train,-66.58322746,43.33378471
German_Bank_2010,Lp18,Lp18_257113928,https://www.frdr-dfdr.ca/repo/files/9/published/publication_961/submitted_data/01_Data/images/German_Bank_2010/Lp18/Lp18_257113928.JPG,[1],train,-66.58333935,43.33396066
German_Bank_2010,Lp18,Lp18_257113944,https://www.frdr-dfdr.ca/repo/files/9/published/publication_961/submitted_data/01_Data/images/German_Bank_2010/Lp18/Lp18_257113944.JPG,[1],train,-66.58345022,43.33413451
German_Bank_2010,Lp18,Lp18_257114000,https://www.frdr-dfdr.ca/repo/files/9/published/publication_961/submitted_data/01_Data/images/German_Bank_2010/Lp18/Lp18_257114000.JPG,[1],train,-66.58356241,43.33430767
German_Bank_2010,Lp18,Lp18_257114015,https://www.frdr-dfdr.ca/repo/files/9/published/publication_961/submitted_data/01_Data/images/German_Bank_2010/Lp18/Lp18_257114015.JPG,[1],train,-66.58366868,43.33446916
German_Bank_2010,Lp18,Lp18_257114031,https://www.frdr-dfdr.ca/repo/files/9/published/publication_961/submitted_data/01_Data/images/German_Bank_2010/Lp18/Lp18_257114031.JPG,[1],train,-66.58378212,43.33464231
German_Bank_2010,Lp18,Lp18_257114047,https://www.frdr-dfdr.ca/repo/files/9/published/publication_961/submitted_data/01_Data/images/German_Bank_2010/Lp18/Lp18_257114047.JPG,[1],train,-66.58389371,43.33481599
German_Bank_2010,Lp18,Lp18_257114103,https://www.frdr-dfdr.ca/repo/files/9/published/publication_961/submitted_data/01_Data/images/German_Bank_2010/Lp18/Lp18_257114103.JPG,[1],train,-66.58400481,43.3349906
German_Bank_2010,Lp18,Lp18_257114119,https://www.frdr-dfdr.ca/repo/files/9/published/publication_961/submitted_data/01_Data/images/German_Bank_2010/Lp18/Lp18_257114119.JPG,[1],train,-66.58411341,43.33516019
German_Bank_2010,Lp18,Lp18_257114135,https://www.frdr-dfdr.ca/repo/files/9/published/publication_961/submitted_data/01_Data/images/German_Bank_2010/Lp18/Lp18_257114135.JPG,[1],train,-66.5842213,43.33533056
German_Bank_2010,Lp18,Lp18_257114150,https://www.frdr-dfdr.ca/repo/files/9/published/publication_961/submitted_data/01_Data/images/German_Bank_2010/Lp18/Lp18_257114150.JPG,[1],train,-66.58431003,43.33547196
German_Bank_2010,Lp18,Lp18_257114206,https://www.frdr-dfdr.ca/repo/files/9/published/publication_961/submitted_data/01_Data/images/German_Bank_2010/Lp18/Lp18_257114206.JPG,[1],train,-66.58440499,43.33562343
German_Bank_2010,Lp18,Lp18_257114222,https://www.frdr-dfdr.ca/repo/files/9/published/publication_961/submitted_data/01_Data/images/German_Bank_2010/Lp18/Lp18_257114222.JPG,[1],train,-66.58450071,43.33577516
German_Bank_2010,Lp18,Lp18_257114238,https://www.frdr-dfdr.ca/repo/files/9/published/publication_961/submitted_data/01_Data/images/German_Bank_2010/Lp18/Lp18_257114238.JPG,[1],train,-66.58459495,43.33592556
German_Bank_2010,Lp18,Lp18_257114254,https://www.frdr-dfdr.ca/repo/files/9/published/publication_961/submitted_data/01_Data/images/German_Bank_2010/Lp18/Lp18_257114254.JPG,[1],train,-66.58468686,43.33607382
German_Bank_2010,Lp18,Lp18_257114310,https://www.frdr-dfdr.ca/repo/files/9/published/publication_961/submitted_data/01_Data/images/German_Bank_2010/Lp18/Lp18_257114310.JPG,[1],train,-66.58477885,43.33622504
German_Bank_2010,Lp18,Lp18_257114326,https://www.frdr-dfdr.ca/repo/files/9/published/publication_961/submitted_data/01_Data/images/German_Bank_2010/Lp18/Lp18_257114326.JPG,[1],train,-66.58486666,43.33637384
German_Bank_2010,Lp18,Lp18_257114342,https://www.frdr-dfdr.ca/repo/files/9/published/publication_961/submitted_data/01_Data/images/German_Bank_2010/Lp18/Lp18_257114342.JPG,[1],train,-66.58494522,43.33651827
German_Bank_2010,Lp18,Lp18_257114358,https://www.frdr-dfdr.ca/repo/files/9/published/publication_961/submitted_data/01_Data/images/German_Bank_2010/Lp18/Lp18_257114358.JPG,[1],train,-66.58502176,43.33667491
German_Bank_2010,Lp18,Lp18_257114413,https://www.frdr-dfdr.ca/repo/files/9/published/publication_961/submitted_data/01_Data/images/German_Bank_2010/Lp18/Lp18_257114413.JPG,[1],train,-66.58508345,43.33681795
German_Bank_2010,Lp18,Lp18_257114429,https://www.frdr-dfdr.ca/repo/files/9/published/publication_961/submitted_data/01_Data/images/German_Bank_2010/Lp18/Lp18_257114429.JPG,[1],train,-66.58514123,43.33697566
German_Bank_2010,Lp18,Lp18_257114445,https://www.frdr-dfdr.ca/repo/files/9/published/publication_961/submitted_data/01_Data/images/German_Bank_2010/Lp18/Lp18_257114445.JPG,[1],train,-66.58519159,43.33713759
German_Bank_2010,Lp18,Lp18_257114501,https://www.frdr-dfdr.ca/repo/files/9/published/publication_961/submitted_data/01_Data/images/German_Bank_2010/Lp18/Lp18_257114501.JPG,[1],train,-66.58523592,43.33729948
German_Bank_2010,Lp18,Lp18_257114517,https://www.frdr-dfdr.ca/repo/files/9/published/publication_961/submitted_data/01_Data/images/German_Bank_2010/Lp18/Lp18_257114517.JPG,[1],train,-66.58527428,43.33746169
German_Bank_2010,Lp18,Lp18_257114533,https://www.frdr-dfdr.ca/repo/files/9/published/publication_961/submitted_data/01_Data/images/German_Bank_2010/Lp18/Lp18_257114533.JPG,[1],train,-66.58530418,43.33762931
German_Bank_2010,Lp18,Lp18_257114549,https://www.frdr-dfdr.ca/repo/files/9/published/publication_961/submitted_data/01_Data/images/German_Bank_2010/Lp18/Lp18_257114549.JPG,[1],train,-66.58532497,43.33779747
German_Bank_2010,Lp19,Lp19_261194626,https://www.frdr-dfdr.ca/repo/files/9/published/publication_961/submitted_data/01_Data/images/German_Bank_2010/Lp19/Lp19_261194626.JPG,[3],test,-65.93267388,43.26842372
German_Bank_2010,Lp19,Lp19_261194642,https://www.frdr-dfdr.ca/repo/files/9/published/publication_961/submitted_data/01_Data/images/German_Bank_2010/Lp19/Lp19_261194642.JPG,[3],test,-65.93268222,43.26859867
German_Bank_2010,Lp19,Lp19_261194657,https://www.frdr-dfdr.ca/repo/files/9/published/publication_961/submitted_data/01_Data/images/German_Bank_2010/Lp19/Lp19_261194657.JPG,[3],test,-65.93269449,43.26876084
German_Bank_2010,Lp19,Lp19_261194714,https://www.frdr-dfdr.ca/repo/files/9/published/publication_961/submitted_data/01_Data/images/German_Bank_2010/Lp19/Lp19_261194714.JPG,[3],test,-65.93271124,43.26896514
German_Bank_2010,Lp19,Lp19_261194729,https://www.frdr-dfdr.ca/repo/files/9/published/publication_961/submitted_data/01_Data/images/German_Bank_2010/Lp19/Lp19_261194729.JPG,[3],test,-65.93272296,43.26913286
German_Bank_2010,Lp19,Lp19_261194745,https://www.frdr-dfdr.ca/repo/files/9/published/publication_961/submitted_data/01_Data/images/German_Bank_2010/Lp19/Lp19_261194745.JPG,[3],test,-65.93272919,43.26931904
German_Bank_2010,Lp19,Lp19_261194801,https://www.frdr-dfdr.ca/repo/files/9/published/publication_961/submitted_data/01_Data/images/German_Bank_2010/Lp19/Lp19_261194801.JPG,[3],test,-65.93272568,43.26948605
German_Bank_2010,Lp19,Lp19_261194817,https://www.frdr-dfdr.ca/repo/files/9/published/publication_961/submitted_data/01_Data/images/German_Bank_2010/Lp19/Lp19_261194817.JPG,[3],test,-65.9327153,43.26966047
German_Bank_2010,Lp19,Lp19_261194833,https://www.frdr-dfdr.ca/repo/files/9/published/publication_961/submitted_data/01_Data/images/German_Bank_2010/Lp19/Lp19_261194833.JPG,[3],test,-65.93270982,43.26986472
German_Bank_2010,Lp19,Lp19_261194849,https://www.frdr-dfdr.ca/repo/files/9/published/publication_961/submitted_data/01_Data/images/German_Bank_2010/Lp19/Lp19_261194849.JPG,[3],test,-65.9327255,43.27008295
German_Bank_2010,Lp19,Lp19_261194901,https://www.frdr-dfdr.ca/repo/files/9/published/publication_961/submitted_data/01_Data/images/German_Bank_2010/Lp19/Lp19_261194901.JPG,[3],dropped,-65.93274813,43.27025243
German_Bank_2010,Lp19,Lp19_261194904,https://www.frdr-dfdr.ca/repo/files/9/published/publication_961/submitted_data/01_Data/images/German_Bank_2010/Lp19/Lp19_261194904.JPG,[3],dropped,-65.93275298,43.27028366
German_Bank_2010,Lp19,Lp19_261194916,https://www.frdr-dfdr.ca/repo/files/9/published/publication_961/submitted_data/01_Data/images/German_Bank_2010/Lp19/Lp19_261194916.JPG,[3],dropped,-65.93278359,43.27044292
German_Bank_2010,Lp19,Lp19_261194920,https://www.frdr-dfdr.ca/repo/files/9/published/publication_961/submitted_data/01_Data/images/German_Bank_2010/Lp19/Lp19_261194920.JPG,[3],dropped,-65.93279367,43.27048448
German_Bank_2010,Lp19,Lp19_261194926,https://www.frdr-dfdr.ca/repo/files/9/published/publication_961/submitted_data/01_Data/images/German_Bank_2010/Lp19/Lp19_261194926.JPG,[3],train,-65.93281731,43.27056702
German_Bank_2010,Lp19,Lp19_261194935,https://www.frdr-dfdr.ca/repo/files/9/published/publication_961/submitted_data/01_Data/images/German_Bank_2010/Lp19/Lp19_261194935.JPG,[3],train,-65.93285252,43.27067062
German_Bank_2010,Lp19,Lp19_261194951,https://www.frdr-dfdr.ca/repo/files/9/published/publication_961/submitted_data/01_Data/images/German_Bank_2010/Lp19/Lp19_261194951.JPG,[3],train,-65.93293715,43.27085756
German_Bank_2010,Lp19,Lp19_261194959,https://www.frdr-dfdr.ca/repo/files/9/published/publication_961/submitted_data/01_Data/images/German_Bank_2010/Lp19/Lp19_261194959.JPG,[3],train,-65.93298328,43.27093873
German_Bank_2010,Lp19,Lp19_261195007,https://www.frdr-dfdr.ca/repo/files/9/published/publication_961/submitted_data/01_Data/images/German_Bank_2010/Lp19/Lp19_261195007.JPG,[3],train,-65.93304575,43.27103482
German_Bank_2010,Lp19,Lp19_261195023,https://www.frdr-dfdr.ca/repo/files/9/published/publication_961/submitted_data/01_Data/images/German_Bank_2010/Lp19/Lp19_261195023.JPG,[3],train,-65.93317748,43.27120786
German_Bank_2010,Lp19,Lp19_261195036,https://www.frdr-dfdr.ca/repo/files/9/published/publication_961/submitted_data/01_Data/images/German_Bank_2010/Lp19/Lp19_261195036.JPG,[3],train,-65.93329433,43.27133898
German_Bank_2010,Lp19,Lp19_261195039,https://www.frdr-dfdr.ca/repo/files/9/published/publication_961/submitted_data/01_Data/images/German_Bank_2010/Lp19/Lp19_261195039.JPG,[3],train,-65.93332444,43.27137045
German_Bank_2010,Lp19,Lp19_261195053,https://www.frdr-dfdr.ca/repo/files/9/published/publication_961/submitted_data/01_Data/images/German_Bank_2010/Lp19/Lp19_261195053.JPG,[3],train,-65.93346518,43.27150878
German_Bank_2010,Lp19,Lp19_261195109,https://www.frdr-dfdr.ca/repo/files/9/published/publication_961/submitted_data/01_Data/images/German_Bank_2010/Lp19/Lp19_261195109.JPG,[3],train,-65.93363121,43.27165481
German_Bank_2010,Lp19,Lp19_261195125,https://www.frdr-dfdr.ca/repo/files/9/published/publication_961/submitted_data/01_Data/images/German_Bank_2010/Lp19/Lp19_261195125.JPG,[3],train,-65.93382074,43.27180653
German_Bank_2010,Lp19,Lp19_261195141,https://www.frdr-dfdr.ca/repo/files/9/published/publication_961/submitted_data/01_Data/images/German_Bank_2010/Lp19/Lp19_261195141.JPG,[3],train,-65.93401762,43.27195119
German_Bank_2010,Lp19,Lp19_261195147,https://www.frdr-dfdr.ca/repo/files/9/published/publication_961/submitted_data/01_Data/images/German_Bank_2010/Lp19/Lp19_261195147.JPG,[3],train,-65.93408592,43.27200017
German_Bank_2010,Lp19,Lp19_261195157,https://www.frdr-dfdr.ca/repo/files/9/published/publication_961/submitted_data/01_Data/images/German_Bank_2010/Lp19/Lp19_261195157.JPG,[3],train,-65.93420967,43.27208343
German_Bank_2010,Lp19,Lp19_261195213,https://www.frdr-dfdr.ca/repo/files/9/published/publication_961/submitted_data/01_Data/images/German_Bank_2010/Lp19/Lp19_261195213.JPG,[3],train,-65.93440939,43.27221235
German_Bank_2010,Lp19,Lp19_261195229,https://www.frdr-dfdr.ca/repo/files/9/published/publication_961/submitted_data/01_Data/images/German_Bank_2010/Lp19/Lp19_261195229.JPG,[3],train,-65.93460293,43.27233064
German_Bank_2010,Lp19,Lp19_261195245,https://www.frdr-dfdr.ca/repo/files/9/published/publication_961/submitted_data/01_Data/images/German_Bank_2010/Lp19/Lp19_261195245.JPG,[3],train,-65.93479541,43.27244419
German_Bank_2010,Lp19,Lp19_261195250,https://www.frdr-dfdr.ca/repo/files/9/published/publication_961/submitted_data/01_Data/images/German_Bank_2010/Lp19/Lp19_261195250.JPG,[3],train,-65.93485826,43.27248038
German_Bank_2010,Lp19,Lp19_261195301,https://www.frdr-dfdr.ca/repo/files/9/published/publication_961/submitted_data/01_Data/images/German_Bank_2010/Lp19/Lp19_261195301.JPG,[3],train,-65.93499039,43.27255624
German_Bank_2010,Lp19,Lp19_261195316,https://www.frdr-dfdr.ca/repo/files/9/published/publication_961/submitted_data/01_Data/images/German_Bank_2010/Lp19/Lp19_261195316.JPG,[3],train,-65.93518402,43.2726638
German_Bank_2010,Lp19,Lp19_261195332,https://www.frdr-dfdr.ca/repo/files/9/published/publication_961/submitted_data/01_Data/images/German_Bank_2010/Lp19/Lp19_261195332.JPG,[3],train,-65.93539428,43.27277712
German_Bank_2010,Lp19,Lp19_261195338,https://www.frdr-dfdr.ca/repo/files/9/published/publication_961/submitted_data/01_Data/images/German_Bank_2010/Lp19/Lp19_261195338.JPG,[2],train,-65.93546617,43.27281448
German_Bank_2010,Lp19,Lp19_261195348,https://www.frdr-dfdr.ca/repo/files/9/published/publication_961/submitted_data/01_Data/images/German_Bank_2010/Lp19/Lp19_261195348.JPG,[2],train,-65.93559964,43.27288343
German_Bank_2010,Lp19,Lp19_261195404,https://www.frdr-dfdr.ca/repo/files/9/published/publication_961/submitted_data/01_Data/images/German_Bank_2010/Lp19/Lp19_261195404.JPG,[3],train,-65.93581126,43.27298925
German_Bank_2010,Lp19,Lp19_261195419,https://www.frdr-dfdr.ca/repo/files/9/published/publication_961/submitted_data/01_Data/images/German_Bank_2010/Lp19/Lp19_261195419.JPG,[3],train,-65.93600553,43.2730819
German_Bank_2010,Lp19,Lp19_261195436,https://www.frdr-dfdr.ca/repo/files/9/published/publication_961/submitted_data/01_Data/images/German_Bank_2010/Lp19/Lp19_261195436.JPG,[3],train,-65.93623097,43.27318696
German_Bank_2010,Lp19,Lp19_261195452,https://www.frdr-dfdr.ca/repo/files/9/published/publication_961/submitted_data/01_Data/images/German_Bank_2010/Lp19/Lp19_261195452.JPG,[3],train,-65.93643901,43.27328109
German_Bank_2010,Lp19,Lp19_261195500,https://www.frdr-dfdr.ca/repo/files/9/published/publication_961/submitted_data/01_Data/images/German_Bank_2010/Lp19/Lp19_261195500.JPG,[3],train,-65.93655122,43.27333095
German_Bank_2010,Lp19,Lp19_261195507,https://www.frdr-dfdr.ca/repo/files/9/published/publication_961/submitted_data/01_Data/images/German_Bank_2010/Lp19/Lp19_261195507.JPG,[3],train,-65.93665265,43.27337573
German_Bank_2010,Lp19,Lp19_261195521,https://www.frdr-dfdr.ca/repo/files/9/published/publication_961/submitted_data/01_Data/images/German_Bank_2010/Lp19/Lp19_261195521.JPG,[3],train,-65.93684489,43.27345843
German_Bank_2010,Lp19,Lp19_261195529,https://www.frdr-dfdr.ca/repo/files/9/published/publication_961/submitted_data/01_Data/images/German_Bank_2010/Lp19/Lp19_261195529.JPG,[3],train,-65.93694811,43.27350146
German_Bank_2010,Lp19,Lp19_261195539,https://www.frdr-dfdr.ca/repo/files/9/published/publication_961/submitted_data/01_Data/images/German_Bank_2010/Lp19/Lp19_261195539.JPG,[3],train,-65.93707687,43.27355488
German_Bank_2010,Lp19,Lp19_261195554,https://www.frdr-dfdr.ca/repo/files/9/published/publication_961/submitted_data/01_Data/images/German_Bank_2010/Lp19/Lp19_261195554.JPG,[3],train,-65.93728012,43.27363793
German_Bank_2010,Lp19,Lp19_261195610,https://www.frdr-dfdr.ca/repo/files/9/published/publication_961/submitted_data/01_Data/images/German_Bank_2010/Lp19/Lp19_261195610.JPG,[3],train,-65.93749588,43.27372604
German_Bank_2010,Lp19,Lp19_261195626,https://www.frdr-dfdr.ca/repo/files/9/published/publication_961/submitted_data/01_Data/images/German_Bank_2010/Lp19/Lp19_261195626.JPG,[2],train,-65.93769655,43.27380717
German_Bank_2010,Lp19,Lp19_261195631,https://www.frdr-dfdr.ca/repo/files/9/published/publication_961/submitted_data/01_Data/images/German_Bank_2010/Lp19/Lp19_261195631.JPG,[2],train,-65.93778208,43.27384173
German_Bank_2010,Lp19,Lp19_261195642,https://www.frdr-dfdr.ca/repo/files/9/published/publication_961/submitted_data/01_Data/images/German_Bank_2010/Lp19/Lp19_261195642.JPG,[2],train,-65.93793252,43.27390152
German_Bank_2010,Lp19,Lp19_261195658,https://www.frdr-dfdr.ca/repo/files/9/published/publication_961/submitted_data/01_Data/images/German_Bank_2010/Lp19/Lp19_261195658.JPG,[2],train,-65.93813079,43.27398027
German_Bank_2010,Lp19,Lp19_261195704,https://www.frdr-dfdr.ca/repo/files/9/published/publication_961/submitted_data/01_Data/images/German_Bank_2010/Lp19/Lp19_261195704.JPG,[2],train,-65.93819753,43.27400595
German_Bank_2010,Lp19,Lp19_261195714,https://www.frdr-dfdr.ca/repo/files/9/published/publication_961/submitted_data/01_Data/images/German_Bank_2010/Lp19/Lp19_261195714.JPG,[2],train,-65.9383454,43.2740627
German_Bank_2010,Lp19,Lp19_261195717,https://www.frdr-dfdr.ca/repo/files/9/published/publication_961/submitted_data/01_Data/images/German_Bank_2010/Lp19/Lp19_261195717.JPG,[2],train,-65.93838371,43.27407753
German_Bank_2010,Lp19,Lp19_261195730,https://www.frdr-dfdr.ca/repo/files/9/published/publication_961/submitted_data/01_Data/images/German_Bank_2010/Lp19/Lp19_261195730.JPG,[3],train,-65.9385541,43.27414173
German_Bank_2010,Lp19,Lp19_261195739,https://www.frdr-dfdr.ca/repo/files/9/published/publication_961/submitted_data/01_Data/images/German_Bank_2010/Lp19/Lp19_261195739.JPG,[3],train,-65.93866075,43.27418236
German_Bank_2010,Lp19,Lp19_261195746,https://www.frdr-dfdr.ca/repo/files/9/published/publication_961/submitted_data/01_Data/images/German_Bank_2010/Lp19/Lp19_261195746.JPG,[3],train,-65.93874818,43.27421457
German_Bank_2010,Lp19,Lp19_261195759,https://www.frdr-dfdr.ca/repo/files/9/published/publication_961/submitted_data/01_Data/images/German_Bank_2010/Lp19/Lp19_261195759.JPG,[3],train,-65.93891772,43.27427834
German_Bank_2010,Lp19,Lp19_261195802,https://www.frdr-dfdr.ca/repo/files/9/published/publication_961/submitted_data/01_Data/images/German_Bank_2010/Lp19/Lp19_261195802.JPG,[3],train,-65.93895456,43.27429231
German_Bank_2010,Lp19,Lp19_261195817,https://www.frdr-dfdr.ca/repo/files/9/published/publication_961/submitted_data/01_Data/images/German_Bank_2010/Lp19/Lp19_261195817.JPG,[3],train,-65.93913144,43.27435892
German_Bank_2010,Lp19,Lp19_261195833,https://www.frdr-dfdr.ca/repo/files/9/published/publication_961/submitted_data/01_Data/images/German_Bank_2010/Lp19/Lp19_261195833.JPG,[3],train,-65.93931407,43.27442675
German_Bank_2010,Lp19,Lp19_261195848,https://www.frdr-dfdr.ca/repo/files/9/published/publication_961/submitted_data/01_Data/images/German_Bank_2010/Lp19/Lp19_261195848.JPG,[3],train,-65.93949027,43.27449106
German_Bank_2010,Lp19,Lp19_261195904,https://www.frdr-dfdr.ca/repo/files/9/published/publication_961/submitted_data/01_Data/images/German_Bank_2010/Lp19/Lp19_261195904.JPG,[3],train,-65.93968772,43.27456221
German_Bank_2010,Lp19,Lp19_261195914,https://www.frdr-dfdr.ca/repo/files/9/published/publication_961/submitted_data/01_Data/images/German_Bank_2010/Lp19/Lp19_261195914.JPG,[3],train,-65.93981435,43.27460762
German_Bank_2010,Lp19,Lp19_261195919,https://www.frdr-dfdr.ca/repo/files/9/published/publication_961/submitted_data/01_Data/images/German_Bank_2010/Lp19/Lp19_261195919.JPG,[2],train,-65.93988322,43.2746319
German_Bank_2010,Lp19,Lp19_261195927,https://www.frdr-dfdr.ca/repo/files/9/published/publication_961/submitted_data/01_Data/images/German_Bank_2010/Lp19/Lp19_261195927.JPG,[2],train,-65.93999537,43.27467318
German_Bank_2010,Lp19,Lp19_261195932,https://www.frdr-dfdr.ca/repo/files/9/published/publication_961/submitted_data/01_Data/images/German_Bank_2010/Lp19/Lp19_261195932.JPG,[2],train,-65.94006294,43.27469688
German_Bank_2010,Lp19,Lp19_261195936,https://www.frdr-dfdr.ca/repo/files/9/published/publication_961/submitted_data/01_Data/images/German_Bank_2010/Lp19/Lp19_261195936.JPG,[2],train,-65.94011831,43.27471733
German_Bank_2010,Lp19,Lp19_261195946,https://www.frdr-dfdr.ca/repo/files/9/published/publication_961/submitted_data/01_Data/images/German_Bank_2010/Lp19/Lp19_261195946.JPG,[2],train,-65.94023237,43.27475922
German_Bank_2010,Lp19,Lp19_261195951,https://www.frdr-dfdr.ca/repo/files/9/published/publication_961/submitted_data/01_Data/images/German_Bank_2010/Lp19/Lp19_261195951.JPG,[2],train,-65.94031213,43.27478883
German_Bank_2010,Lp19,Lp19_261195957,https://www.frdr-dfdr.ca/repo/files/9/published/publication_961/submitted_data/01_Data/images/German_Bank_2010/Lp19/Lp19_261195957.JPG,[2],train,-65.94039714,43.27482183
German_Bank_2010,Lp19,Lp19_261200006,https://www.frdr-dfdr.ca/repo/files/9/published/publication_961/submitted_data/01_Data/images/German_Bank_2010/Lp19/Lp19_261200006.JPG,[2],train,-65.94051325,43.27486446
German_Bank_2010,Lp19,Lp19_261200019,https://www.frdr-dfdr.ca/repo/files/9/published/publication_961/submitted_data/01_Data/images/German_Bank_2010/Lp19/Lp19_261200019.JPG,[2],train,-65.94066457,43.27492298
German_Bank_2010,Lp19,Lp19_261200028,https://www.frdr-dfdr.ca/repo/files/9/published/publication_961/submitted_data/01_Data/images/German_Bank_2010/Lp19/Lp19_261200028.JPG,[2],train,-65.94077982,43.27496801
German_Bank_2010,Lp19,Lp19_261200037,https://www.frdr-dfdr.ca/repo/files/9/published/publication_961/submitted_data/01_Data/images/German_Bank_2010/Lp19/Lp19_261200037.JPG,[2],train,-65.94090694,43.27501854
German_Bank_2010,Lp19,Lp19_261200053,https://www.frdr-dfdr.ca/repo/files/9/published/publication_961/submitted_data/01_Data/images/German_Bank_2010/Lp19/Lp19_261200053.JPG,[2],train,-65.94106025,43.27508041
German_Bank_2010,Lp19,Lp19_261200102,https://www.frdr-dfdr.ca/repo/files/9/published/publication_961/submitted_data/01_Data/images/German_Bank_2010/Lp19/Lp19_261200102.JPG,[3],train,-65.9411679,43.27512517
German_Bank_2010,Lp19,Lp19_261200109,https://www.frdr-dfdr.ca/repo/files/9/published/publication_961/submitted_data/01_Data/images/German_Bank_2010/Lp19/Lp19_261200109.JPG,[3],train,-65.9412499,43.27515916
German_Bank_2010,Lp20,Lp20_259190717,https://www.frdr-dfdr.ca/repo/files/9/published/publication_961/submitted_data/01_Data/images/German_Bank_2010/Lp20/Lp20_259190717.JPG,[3],train,-65.81415936,43.31180442
German_Bank_2010,Lp20,Lp20_259190733,https://www.frdr-dfdr.ca/repo/files/9/published/publication_961/submitted_data/01_Data/images/German_Bank_2010/Lp20/Lp20_259190733.JPG,[3],train,-65.81439513,43.31174415
German_Bank_2010,Lp20,Lp20_259190749,https://www.frdr-dfdr.ca/repo/files/9/published/publication_961/submitted_data/01_Data/images/German_Bank_2010/Lp20/Lp20_259190749.JPG,[3],train,-65.81465021,43.31169338
German_Bank_2010,Lp20,Lp20_259190805,https://www.frdr-dfdr.ca/repo/files/9/published/publication_961/submitted_data/01_Data/images/German_Bank_2010/Lp20/Lp20_259190805.JPG,[3],train,-65.81489194,43.3116493
German_Bank_2010,Lp20,Lp20_259190821,https://www.frdr-dfdr.ca/repo/files/9/published/publication_961/submitted_data/01_Data/images/German_Bank_2010/Lp20/Lp20_259190821.JPG,[3],train,-65.81514529,43.31160488
German_Bank_2010,Lp20,Lp20_259190837,https://www.frdr-dfdr.ca/repo/files/9/published/publication_961/submitted_data/01_Data/images/German_Bank_2010/Lp20/Lp20_259190837.JPG,[3],train,-65.81537081,43.31156287
German_Bank_2010,Lp20,Lp20_259190852,https://www.frdr-dfdr.ca/repo/files/9/published/publication_961/submitted_data/01_Data/images/German_Bank_2010/Lp20/Lp20_259190852.JPG,[3],train,-65.81556816,43.31151755
German_Bank_2010,Lp20,Lp20_259190908,https://www.frdr-dfdr.ca/repo/files/9/published/publication_961/submitted_data/01_Data/images/German_Bank_2010/Lp20/Lp20_259190908.JPG,[3],train,-65.8157523,43.31146444
German_Bank_2010,Lp20,Lp20_259190924,https://www.frdr-dfdr.ca/repo/files/9/published/publication_961/submitted_data/01_Data/images/German_Bank_2010/Lp20/Lp20_259190924.JPG,[3],train,-65.81596913,43.31139103
German_Bank_2010,Lp20,Lp20_259190940,https://www.frdr-dfdr.ca/repo/files/9/published/publication_961/submitted_data/01_Data/images/German_Bank_2010/Lp20/Lp20_259190940.JPG,[3],train,-65.81617034,43.31131571
German_Bank_2010,Lp20,Lp20_259190956,https://www.frdr-dfdr.ca/repo/files/9/published/publication_961/submitted_data/01_Data/images/German_Bank_2010/Lp20/Lp20_259190956.JPG,[3],train,-65.81638175,43.31123651
German_Bank_2010,Lp20,Lp20_259191012,https://www.frdr-dfdr.ca/repo/files/9/published/publication_961/submitted_data/01_Data/images/German_Bank_2010/Lp20/Lp20_259191012.JPG,[3],train,-65.81659231,43.3111584
German_Bank_2010,Lp20,Lp20_259191028,https://www.frdr-dfdr.ca/repo/files/9/published/publication_961/submitted_data/01_Data/images/German_Bank_2010/Lp20/Lp20_259191028.JPG,[3],train,-65.81680142,43.31108063
German_Bank_2010,Lp20,Lp20_259191044,https://www.frdr-dfdr.ca/repo/files/9/published/publication_961/submitted_data/01_Data/images/German_Bank_2010/Lp20/Lp20_259191044.JPG,[3],train,-65.81700988,43.31100244
German_Bank_2010,Lp20,Lp20_259191100,https://www.frdr-dfdr.ca/repo/files/9/published/publication_961/submitted_data/01_Data/images/German_Bank_2010/Lp20/Lp20_259191100.JPG,[3],train,-65.81721407,43.31092435
German_Bank_2010,Lp20,Lp20_259191115,https://www.frdr-dfdr.ca/repo/files/9/published/publication_961/submitted_data/01_Data/images/German_Bank_2010/Lp20/Lp20_259191115.JPG,[3],train,-65.81740874,43.31084878
German_Bank_2010,Lp20,Lp20_259191132,https://www.frdr-dfdr.ca/repo/files/9/published/publication_961/submitted_data/01_Data/images/German_Bank_2010/Lp20/Lp20_259191132.JPG,[3],train,-65.81762806,43.31076401
German_Bank_2010,Lp20,Lp20_259191147,https://www.frdr-dfdr.ca/repo/files/9/published/publication_961/submitted_data/01_Data/images/German_Bank_2010/Lp20/Lp20_259191147.JPG,[3],train,-65.8178276,43.31068813
German_Bank_2010,Lp20,Lp20_259191203,https://www.frdr-dfdr.ca/repo/files/9/published/publication_961/submitted_data/01_Data/images/German_Bank_2010/Lp20/Lp20_259191203.JPG,[3],train,-65.81805297,43.3106066
German_Bank_2010,Lp20,Lp20_259191219,https://www.frdr-dfdr.ca/repo/files/9/published/publication_961/submitted_data/01_Data/images/German_Bank_2010/Lp20/Lp20_259191219.JPG,[3],train,-65.81826048,43.31053096
German_Bank_2010,Lp20,Lp20_259191235,https://www.frdr-dfdr.ca/repo/files/9/published/publication_961/submitted_data/01_Data/images/German_Bank_2010/Lp20/Lp20_259191235.JPG,[3],train,-65.81847806,43.31045434
German_Bank_2010,Lp20,Lp20_259191250,https://www.frdr-dfdr.ca/repo/files/9/published/publication_961/submitted_data/01_Data/images/German_Bank_2010/Lp20/Lp20_259191250.JPG,[3],train,-65.8186766,43.31038561
German_Bank_2010,Lp20,Lp20_259191307,https://www.frdr-dfdr.ca/repo/files/9/published/publication_961/submitted_data/01_Data/images/German_Bank_2010/Lp20/Lp20_259191307.JPG,[3],train,-65.81890023,43.31030952
German_Bank_2010,Lp20,Lp20_259191323,https://www.frdr-dfdr.ca/repo/files/9/published/publication_961/submitted_data/01_Data/images/German_Bank_2010/Lp20/Lp20_259191323.JPG,[3],train,-65.81912369,43.31023329
German_Bank_2010,Lp20,Lp20_259191338,https://www.frdr-dfdr.ca/repo/files/9/published/publication_961/submitted_data/01_Data/images/German_Bank_2010/Lp20/Lp20_259191338.JPG,[3],train,-65.81932903,43.3101627
German_Bank_2010,Lp20,Lp20_259191354,https://www.frdr-dfdr.ca/repo/files/9/published/publication_961/submitted_data/01_Data/images/German_Bank_2010/Lp20/Lp20_259191354.JPG,[3],train,-65.81954618,43.31008893
German_Bank_2010,Lp20,Lp20_259191410,https://www.frdr-dfdr.ca/repo/files/9/published/publication_961/submitted_data/01_Data/images/German_Bank_2010/Lp20/Lp20_259191410.JPG,[3],train,-65.81977731,43.3100119
German_Bank_2010,Lp20,Lp20_259191426,https://www.frdr-dfdr.ca/repo/files/9/published/publication_961/submitted_data/01_Data/images/German_Bank_2010/Lp20/Lp20_259191426.JPG,[3],train,-65.81999367,43.30993963
German_Bank_2010,Lp20,Lp20_259191442,https://www.frdr-dfdr.ca/repo/files/9/published/publication_961/submitted_data/01_Data/images/German_Bank_2010/Lp20/Lp20_259191442.JPG,[3],train,-65.82019851,43.30986784
German_Bank_2010,Lp20,Lp20_259191458,https://www.frdr-dfdr.ca/repo/files/9/published/publication_961/submitted_data/01_Data/images/German_Bank_2010/Lp20/Lp20_259191458.JPG,[3],dropped,-65.82041916,43.30978494
German_Bank_2010,Lp20,Lp20_259191514,https://www.frdr-dfdr.ca/repo/files/9/published/publication_961/submitted_data/01_Data/images/German_Bank_2010/Lp20/Lp20_259191514.JPG,[3],dropped,-65.8206148,43.30971104
German_Bank_2010,Lp20,Lp20_259191529,https://www.frdr-dfdr.ca/repo/files/9/published/publication_961/submitted_data/01_Data/images/German_Bank_2010/Lp20/Lp20_259191529.JPG,[3],test,-65.8208082,43.30964163
German_Bank_2010,Lp20,Lp20_259191545,https://www.frdr-dfdr.ca/repo/files/9/published/publication_961/submitted_data/01_Data/images/German_Bank_2010/Lp20/Lp20_259191545.JPG,[3],test,-65.82101084,43.30956782
German_Bank_2010,Lp20,Lp20_259191601,https://www.frdr-dfdr.ca/repo/files/9/published/publication_961/submitted_data/01_Data/images/German_Bank_2010/Lp20/Lp20_259191601.JPG,[3],test,-65.82121203,43.30949555
German_Bank_2010,Lp20,Lp20_259191617,https://www.frdr-dfdr.ca/repo/files/9/published/publication_961/submitted_data/01_Data/images/German_Bank_2010/Lp20/Lp20_259191617.JPG,[3],test,-65.82142852,43.30941825
German_Bank_2010,Lp20,Lp20_259191633,https://www.frdr-dfdr.ca/repo/files/9/published/publication_961/submitted_data/01_Data/images/German_Bank_2010/Lp20/Lp20_259191633.JPG,[3],test,-65.82164969,43.30934153
German_Bank_2010,Lp20,Lp20_259191649,https://www.frdr-dfdr.ca/repo/files/9/published/publication_961/submitted_data/01_Data/images/German_Bank_2010/Lp20/Lp20_259191649.JPG,[3],test,-65.82184173,43.30927593
German_Bank_2010,Lp20,Lp20_259191705,https://www.frdr-dfdr.ca/repo/files/9/published/publication_961/submitted_data/01_Data/images/German_Bank_2010/Lp20/Lp20_259191705.JPG,[3],test,-65.82204695,43.30920856
German_Bank_2010,Lp20,Lp20_259191721,https://www.frdr-dfdr.ca/repo/files/9/published/publication_961/submitted_data/01_Data/images/German_Bank_2010/Lp20/Lp20_259191721.JPG,[3],test,-65.82225764,43.30913973
German_Bank_2010,Lp20,Lp20_259191737,https://www.frdr-dfdr.ca/repo/files/9/published/publication_961/submitted_data/01_Data/images/German_Bank_2010/Lp20/Lp20_259191737.JPG,[3],test,-65.82248613,43.3090661
German_Bank_2010,Lp20,Lp20_259191752,https://www.frdr-dfdr.ca/repo/files/9/published/publication_961/submitted_data/01_Data/images/German_Bank_2010/Lp20/Lp20_259191752.JPG,[3],test,-65.82269014,43.30899912
German_Bank_2010,Lp20,Lp20_259191808,https://www.frdr-dfdr.ca/repo/files/9/published/publication_961/submitted_data/01_Data/images/German_Bank_2010/Lp20/Lp20_259191808.JPG,[3],test,-65.82290534,43.30892613
German_Bank_2010,Lp20,Lp20_259191824,https://www.frdr-dfdr.ca/repo/files/9/published/publication_961/submitted_data/01_Data/images/German_Bank_2010/Lp20/Lp20_259191824.JPG,[3],dropped,-65.82312369,43.30884941
German_Bank_2010,Lp20,Lp20_259191840,https://www.frdr-dfdr.ca/repo/files/9/published/publication_961/submitted_data/01_Data/images/German_Bank_2010/Lp20/Lp20_259191840.JPG,[3],dropped,-65.82334454,43.30876945
German_Bank_2010,Lp20,Lp20_259191855,https://www.frdr-dfdr.ca/repo/files/9/published/publication_961/submitted_data/01_Data/images/German_Bank_2010/Lp20/Lp20_259191855.JPG,[3],train,-65.82354725,43.30869253
German_Bank_2010,Lp20,Lp20_259191911,https://www.frdr-dfdr.ca/repo/files/9/published/publication_961/submitted_data/01_Data/images/German_Bank_2010/Lp20/Lp20_259191911.JPG,[4],train,-65.82376239,43.3086101
German_Bank_2010,Lp20,Lp20_259191928,https://www.frdr-dfdr.ca/repo/files/9/published/publication_961/submitted_data/01_Data/images/German_Bank_2010/Lp20/Lp20_259191928.JPG,[4],dropped,-65.82400307,43.30851978
German_Bank_2010,Lp20,Lp20_259191943,https://www.frdr-dfdr.ca/repo/files/9/published/publication_961/submitted_data/01_Data/images/German_Bank_2010/Lp20/Lp20_259191943.JPG,[4],dropped,-65.82419658,43.30844991
German_Bank_2010,Lp20,Lp20_259191959,https://www.frdr-dfdr.ca/repo/files/9/published/publication_961/submitted_data/01_Data/images/German_Bank_2010/Lp20/Lp20_259191959.JPG,[4],test,-65.82441579,43.30837135
German_Bank_2010,Lp20,Lp20_259192015,https://www.frdr-dfdr.ca/repo/files/9/published/publication_961/submitted_data/01_Data/images/German_Bank_2010/Lp20/Lp20_259192015.JPG,[4],test,-65.82461381,43.30830632
German_Bank_2010,Lp20,Lp20_259192031,https://www.frdr-dfdr.ca/repo/files/9/published/publication_961/submitted_data/01_Data/images/German_Bank_2010/Lp20/Lp20_259192031.JPG,[4],test,-65.82483757,43.30823232
German_Bank_2010,Lp20,Lp20_259192047,https://www.frdr-dfdr.ca/repo/files/9/published/publication_961/submitted_data/01_Data/images/German_Bank_2010/Lp20/Lp20_259192047.JPG,[4],test,-65.82504398,43.30816311
German_Bank_2010,Lp20,Lp20_259192103,https://www.frdr-dfdr.ca/repo/files/9/published/publication_961/submitted_data/01_Data/images/German_Bank_2010/Lp20/Lp20_259192103.JPG,[4],test,-65.82524409,43.30810047
German_Bank_2010,Lp20,Lp20_259192119,https://www.frdr-dfdr.ca/repo/files/9/published/publication_961/submitted_data/01_Data/images/German_Bank_2010/Lp20/Lp20_259192119.JPG,[4],test,-65.82546217,43.3080338
German_Bank_2010,Lp21,Lp21_259233155,https://www.frdr-dfdr.ca/repo/files/9/published/publication_961/submitted_data/01_Data/images/German_Bank_2010/Lp21/Lp21_259233155.JPG,[2],train,-65.53275779,43.30526052
German_Bank_2010,Lp21,Lp21_259233203,https://www.frdr-dfdr.ca/repo/files/9/published/publication_961/submitted_data/01_Data/images/German_Bank_2010/Lp21/Lp21_259233203.JPG,[2],train,-65.53283364,43.30530392
German_Bank_2010,Lp21,Lp21_259233208,https://www.frdr-dfdr.ca/repo/files/9/published/publication_961/submitted_data/01_Data/images/German_Bank_2010/Lp21/Lp21_259233208.JPG,[2],train,-65.53288726,43.30533316
German_Bank_2010,Lp21,Lp21_259233211,https://www.frdr-dfdr.ca/repo/files/9/published/publication_961/submitted_data/01_Data/images/German_Bank_2010/Lp21/Lp21_259233211.JPG,[2],train,-65.5329142,43.30534694
German_Bank_2010,Lp21,Lp21_259233221,https://www.frdr-dfdr.ca/repo/files/9/published/publication_961/submitted_data/01_Data/images/German_Bank_2010/Lp21/Lp21_259233221.JPG,[2],train,-65.53301501,43.30539519
German_Bank_2010,Lp21,Lp21_259233226,https://www.frdr-dfdr.ca/repo/files/9/published/publication_961/submitted_data/01_Data/images/German_Bank_2010/Lp21/Lp21_259233226.JPG,[2],train,-65.53306504,43.30541678
German_Bank_2010,Lp21,Lp21_259233233,https://www.frdr-dfdr.ca/repo/files/9/published/publication_961/submitted_data/01_Data/images/German_Bank_2010/Lp21/Lp21_259233233.JPG,[2],train,-65.5331632,43.30545622
German_Bank_2010,Lp21,Lp21_259233241,https://www.frdr-dfdr.ca/repo/files/9/published/publication_961/submitted_data/01_Data/images/German_Bank_2010/Lp21/Lp21_259233241.JPG,[2],train,-65.53325179,43.30548982
German_Bank_2010,Lp21,Lp21_259233257,https://www.frdr-dfdr.ca/repo/files/9/published/publication_961/submitted_data/01_Data/images/German_Bank_2010/Lp21/Lp21_259233257.JPG,[2],train,-65.53338289,43.30553703
German_Bank_2010,Lp21,Lp21_259233313,https://www.frdr-dfdr.ca/repo/files/9/published/publication_961/submitted_data/01_Data/images/German_Bank_2010/Lp21/Lp21_259233313.JPG,[2],train,-65.53353058,43.30558546
German_Bank_2010,Lp21,Lp21_259233318,https://www.frdr-dfdr.ca/repo/files/9/published/publication_961/submitted_data/01_Data/images/German_Bank_2010/Lp21/Lp21_259233318.JPG,[2],train,-65.53357883,43.30560011
German_Bank_2010,Lp21,Lp21_259233328,https://www.frdr-dfdr.ca/repo/files/9/published/publication_961/submitted_data/01_Data/images/German_Bank_2010/Lp21/Lp21_259233328.JPG,[2],train,-65.533679,43.30562887
German_Bank_2010,Lp21,Lp21_259233340,https://www.frdr-dfdr.ca/repo/files/9/published/publication_961/submitted_data/01_Data/images/German_Bank_2010/Lp21/Lp21_259233340.JPG,[2],train,-65.53380823,43.30566506
German_Bank_2010,Lp21,Lp21_259233345,https://www.frdr-dfdr.ca/repo/files/9/published/publication_961/submitted_data/01_Data/images/German_Bank_2010/Lp21/Lp21_259233345.JPG,[2],train,-65.53388009,43.30568499
German_Bank_2010,Lp21,Lp21_259233359,https://www.frdr-dfdr.ca/repo/files/9/published/publication_961/submitted_data/01_Data/images/German_Bank_2010/Lp21/Lp21_259233359.JPG,[2],train,-65.53400219,43.30571751
German_Bank_2010,Lp21,Lp21_259233404,https://www.frdr-dfdr.ca/repo/files/9/published/publication_961/submitted_data/01_Data/images/German_Bank_2010/Lp21/Lp21_259233404.JPG,[2],train,-65.53404289,43.30572799
German_Bank_2010,Lp21,Lp21_259233415,https://www.frdr-dfdr.ca/repo/files/9/published/publication_961/submitted_data/01_Data/images/German_Bank_2010/Lp21/Lp21_259233415.JPG,[2],train,-65.53416255,43.30575764
German_Bank_2010,Lp21,Lp21_259233424,https://www.frdr-dfdr.ca/repo/files/9/published/publication_961/submitted_data/01_Data/images/German_Bank_2010/Lp21/Lp21_259233424.JPG,[2],train,-65.53424651,43.30577752
German_Bank_2010,Lp21,Lp21_259233431,https://www.frdr-dfdr.ca/repo/files/9/published/publication_961/submitted_data/01_Data/images/German_Bank_2010/Lp21/Lp21_259233431.JPG,[2],train,-65.53434308,43.30580042
German_Bank_2010,Lp21,Lp21_259233440,https://www.frdr-dfdr.ca/repo/files/9/published/publication_961/submitted_data/01_Data/images/German_Bank_2010/Lp21/Lp21_259233440.JPG,[2],train,-65.53441717,43.30581798
German_Bank_2010,Lp21,Lp21_259233447,https://www.frdr-dfdr.ca/repo/files/9/published/publication_961/submitted_data/01_Data/images/German_Bank_2010/Lp21/Lp21_259233447.JPG,[2],train,-65.53448069,43.30583266
German_Bank_2010,Lp21,Lp21_259233455,https://www.frdr-dfdr.ca/repo/files/9/published/publication_961/submitted_data/01_Data/images/German_Bank_2010/Lp21/Lp21_259233455.JPG,[2],train,-65.53455844,43.30585006
German_Bank_2010,Lp21,Lp21_259233503,https://www.frdr-dfdr.ca/repo/files/9/published/publication_961/submitted_data/01_Data/images/German_Bank_2010/Lp21/Lp21_259233503.JPG,[2],train,-65.53465571,43.3058718
German_Bank_2010,Lp21,Lp21_259233519,https://www.frdr-dfdr.ca/repo/files/9/published/publication_961/submitted_data/01_Data/images/German_Bank_2010/Lp21/Lp21_259233519.JPG,[2],train,-65.53480025,43.30590588
German_Bank_2010,Lp21,Lp21_259233530,https://www.frdr-dfdr.ca/repo/files/9/published/publication_961/submitted_data/01_Data/images/German_Bank_2010/Lp21/Lp21_259233530.JPG,[2],train,-65.53493349,43.30593757
German_Bank_2010,Lp21,Lp21_259233535,https://www.frdr-dfdr.ca/repo/files/9/published/publication_961/submitted_data/01_Data/images/German_Bank_2010/Lp21/Lp21_259233535.JPG,[2],train,-65.53501173,43.30595602
German_Bank_2010,Lp21,Lp21_259233546,https://www.frdr-dfdr.ca/repo/files/9/published/publication_961/submitted_data/01_Data/images/German_Bank_2010/Lp21/Lp21_259233546.JPG,[2],dropped,-65.53512828,43.30598389
German_Bank_2010,Lp21,Lp21_259233550,https://www.frdr-dfdr.ca/repo/files/9/published/publication_961/submitted_data/01_Data/images/German_Bank_2010/Lp21/Lp21_259233550.JPG,[2],dropped,-65.53516071,43.30599194
German_Bank_2010,Lp21,Lp21_259233603,https://www.frdr-dfdr.ca/repo/files/9/published/publication_961/submitted_data/01_Data/images/German_Bank_2010/Lp21/Lp21_259233603.JPG,[2],dropped,-65.53526274,43.3060153
German_Bank_2010,Lp21,Lp21_259233620,https://www.frdr-dfdr.ca/repo/files/9/published/publication_961/submitted_data/01_Data/images/German_Bank_2010/Lp21/Lp21_259233620.JPG,[2],dropped,-65.53540752,43.30604218
German_Bank_2010,Lp21,Lp21_259233636,https://www.frdr-dfdr.ca/repo/files/9/published/publication_961/submitted_data/01_Data/images/German_Bank_2010/Lp21/Lp21_259233636.JPG,[2],dropped,-65.53553449,43.30606115
German_Bank_2010,Lp21,Lp21_259233641,https://www.frdr-dfdr.ca/repo/files/9/published/publication_961/submitted_data/01_Data/images/German_Bank_2010/Lp21/Lp21_259233641.JPG,[2],dropped,-65.53558309,43.30606764
German_Bank_2010,Lp21,Lp21_259233646,https://www.frdr-dfdr.ca/repo/files/9/published/publication_961/submitted_data/01_Data/images/German_Bank_2010/Lp21/Lp21_259233646.JPG,[2],test,-65.53564066,43.30607495
German_Bank_2010,Lp21,Lp21_259233652,https://www.frdr-dfdr.ca/repo/files/9/published/publication_961/submitted_data/01_Data/images/German_Bank_2010/Lp21/Lp21_259233652.JPG,[2],test,-65.53572326,43.30608482
German_Bank_2010,Lp21,Lp21_259233707,https://www.frdr-dfdr.ca/repo/files/9/published/publication_961/submitted_data/01_Data/images/German_Bank_2010/Lp21/Lp21_259233707.JPG,[2],test,-65.53585474,43.30609817
German_Bank_2010,Lp21,Lp21_259233710,https://www.frdr-dfdr.ca/repo/files/9/published/publication_961/submitted_data/01_Data/images/German_Bank_2010/Lp21/Lp21_259233710.JPG,[2],test,-65.53587178,43.30609966
German_Bank_2010,Lp21,Lp21_259233723,https://www.frdr-dfdr.ca/repo/files/9/published/publication_961/submitted_data/01_Data/images/German_Bank_2010/Lp21/Lp21_259233723.JPG,[2],test,-65.53600612,43.30611188
German_Bank_2010,Lp21,Lp21_259233739,https://www.frdr-dfdr.ca/repo/files/9/published/publication_961/submitted_data/01_Data/images/German_Bank_2010/Lp21/Lp21_259233739.JPG,[2],test,-65.53614825,43.30612577
German_Bank_2010,Lp21,Lp21_259233751,https://www.frdr-dfdr.ca/repo/files/9/published/publication_961/submitted_data/01_Data/images/German_Bank_2010/Lp21/Lp21_259233751.JPG,[2],dropped,-65.53624771,43.30613505
German_Bank_2010,Lp21,Lp21_259233755,https://www.frdr-dfdr.ca/repo/files/9/published/publication_961/submitted_data/01_Data/images/German_Bank_2010/Lp21/Lp21_259233755.JPG,[2],dropped,-65.53629109,43.30613896
German_Bank_2010,Lp21,Lp21_259233810,https://www.frdr-dfdr.ca/repo/files/9/published/publication_961/submitted_data/01_Data/images/German_Bank_2010/Lp21/Lp21_259233810.JPG,[2],dropped,-65.53641198,43.30614759
German_Bank_2010,Lp21,Lp21_259233814,https://www.frdr-dfdr.ca/repo/files/9/published/publication_961/submitted_data/01_Data/images/German_Bank_2010/Lp21/Lp21_259233814.JPG,[2],dropped,-65.53644626,43.30614997
German_Bank_2010,Lp21,Lp21_259233826,https://www.frdr-dfdr.ca/repo/files/9/published/publication_961/submitted_data/01_Data/images/German_Bank_2010/Lp21/Lp21_259233826.JPG,[2],dropped,-65.53657107,43.30615806
German_Bank_2010,Lp21,Lp21_259233842,https://www.frdr-dfdr.ca/repo/files/9/published/publication_961/submitted_data/01_Data/images/German_Bank_2010/Lp21/Lp21_259233842.JPG,[2],dropped,-65.53671137,43.30616303
German_Bank_2010,Lp21,Lp21_259233853,https://www.frdr-dfdr.ca/repo/files/9/published/publication_961/submitted_data/01_Data/images/German_Bank_2010/Lp21/Lp21_259233853.JPG,[2],dropped,-65.53679343,43.30615867
German_Bank_2010,Lp21,Lp21_259233858,https://www.frdr-dfdr.ca/repo/files/9/published/publication_961/submitted_data/01_Data/images/German_Bank_2010/Lp21/Lp21_259233858.JPG,[2],dropped,-65.53683138,43.30615376
German_Bank_2010,Lp21,Lp21_259233913,https://www.frdr-dfdr.ca/repo/files/9/published/publication_961/submitted_data/01_Data/images/German_Bank_2010/Lp21/Lp21_259233913.JPG,[2],test,-65.53695938,43.30612735
German_Bank_2010,Lp21,Lp21_259233920,https://www.frdr-dfdr.ca/repo/files/9/published/publication_961/submitted_data/01_Data/images/German_Bank_2010/Lp21/Lp21_259233920.JPG,[4],test,-65.53701467,43.3061119
German_Bank_2010,Lp21,Lp21_259233929,https://www.frdr-dfdr.ca/repo/files/9/published/publication_961/submitted_data/01_Data/images/German_Bank_2010/Lp21/Lp21_259233929.JPG,[4],test,-65.53710626,43.30608318
German_Bank_2010,Lp21,Lp21_259233944,https://www.frdr-dfdr.ca/repo/files/9/published/publication_961/submitted_data/01_Data/images/German_Bank_2010/Lp21/Lp21_259233944.JPG,[4],test,-65.53725752,43.30602819
German_Bank_2010,Lp21,Lp21_259234001,https://www.frdr-dfdr.ca/repo/files/9/published/publication_961/submitted_data/01_Data/images/German_Bank_2010/Lp21/Lp21_259234001.JPG,[4],test,-65.53742204,43.3059596
German_Bank_2010,Lp21,Lp21_259234016,https://www.frdr-dfdr.ca/repo/files/9/published/publication_961/submitted_data/01_Data/images/German_Bank_2010/Lp21/Lp21_259234016.JPG,[4],test,-65.53756866,43.3058915
German_Bank_2010,Lp21,Lp21_259234030,https://www.frdr-dfdr.ca/repo/files/9/published/publication_961/submitted_data/01_Data/images/German_Bank_2010/Lp21/Lp21_259234030.JPG,[2],test,-65.5377134,43.30581952
German_Bank_2010,Lp21,Lp21_259234037,https://www.frdr-dfdr.ca/repo/files/9/published/publication_961/submitted_data/01_Data/images/German_Bank_2010/Lp21/Lp21_259234037.JPG,[2],test,-65.53780622,43.3057716
German_Bank_2010,Lp21,Lp21_259234043,https://www.frdr-dfdr.ca/repo/files/9/published/publication_961/submitted_data/01_Data/images/German_Bank_2010/Lp21/Lp21_259234043.JPG,[2],test,-65.53787806,43.30573351
German_Bank_2010,Lp21,Lp21_259234048,https://www.frdr-dfdr.ca/repo/files/9/published/publication_961/submitted_data/01_Data/images/German_Bank_2010/Lp21/Lp21_259234048.JPG,[2],test,-65.53792663,43.30570757
German_Bank_2010,Lp21,Lp21_259234056,https://www.frdr-dfdr.ca/repo/files/9/published/publication_961/submitted_data/01_Data/images/German_Bank_2010/Lp21/Lp21_259234056.JPG,[2],test,-65.53798713,43.30567449
German_Bank_2010,Lp21,Lp21_259234103,https://www.frdr-dfdr.ca/repo/files/9/published/publication_961/submitted_data/01_Data/images/German_Bank_2010/Lp21/Lp21_259234103.JPG,[2],test,-65.53803916,43.30564637
German_Bank_2010,Lp21,Lp21_259234108,https://www.frdr-dfdr.ca/repo/files/9/published/publication_961/submitted_data/01_Data/images/German_Bank_2010/Lp21/Lp21_259234108.JPG,[2],test,-65.53808231,43.30562254
German_Bank_2010,Lp21,Lp21_259234113,https://www.frdr-dfdr.ca/repo/files/9/published/publication_961/submitted_data/01_Data/images/German_Bank_2010/Lp21/Lp21_259234113.JPG,[2],test,-65.5381435,43.30558888
German_Bank_2010,Lp21,Lp21_259234118,https://www.frdr-dfdr.ca/repo/files/9/published/publication_961/submitted_data/01_Data/images/German_Bank_2010/Lp21/Lp21_259234118.JPG,[2],dropped,-65.53819357,43.3055613
German_Bank_2010,Lp21,Lp21_259234133,https://www.frdr-dfdr.ca/repo/files/9/published/publication_961/submitted_data/01_Data/images/German_Bank_2010/Lp21/Lp21_259234133.JPG,[2],dropped,-65.53830432,43.30550118
German_Bank_2010,Lp21,Lp21_259234149,https://www.frdr-dfdr.ca/repo/files/9/published/publication_961/submitted_data/01_Data/images/German_Bank_2010/Lp21/Lp21_259234149.JPG,[4],dropped,-65.53841448,43.30544647
German_Bank_2010,Lp21,Lp21_259234205,https://www.frdr-dfdr.ca/repo/files/9/published/publication_961/submitted_data/01_Data/images/German_Bank_2010/Lp21/Lp21_259234205.JPG,[4],dropped,-65.53855897,43.30538438
German_Bank_2010,Lp21,Lp21_259234220,https://www.frdr-dfdr.ca/repo/files/9/published/publication_961/submitted_data/01_Data/images/German_Bank_2010/Lp21/Lp21_259234220.JPG,[4],train,-65.53870511,43.30532749
German_Bank_2010,Lp21,Lp21_259234234,https://www.frdr-dfdr.ca/repo/files/9/published/publication_961/submitted_data/01_Data/images/German_Bank_2010/Lp21/Lp21_259234234.JPG,[4],train,-65.53883097,43.30528052
German_Bank_2010,Lp21,Lp21_259234237,https://www.frdr-dfdr.ca/repo/files/9/published/publication_961/submitted_data/01_Data/images/German_Bank_2010/Lp21/Lp21_259234237.JPG,[2],train,-65.538868,43.30526712
German_Bank_2010,Lp21,Lp21_259234251,https://www.frdr-dfdr.ca/repo/files/9/published/publication_961/submitted_data/01_Data/images/German_Bank_2010/Lp21/Lp21_259234251.JPG,[2],train,-65.5390178,43.30521439
German_Bank_2010,Lp21,Lp21_259234308,https://www.frdr-dfdr.ca/repo/files/9/published/publication_961/submitted_data/01_Data/images/German_Bank_2010/Lp21/Lp21_259234308.JPG,[4],train,-65.53919789,43.30515378
German_Bank_2010,Lp21,Lp21_259234323,https://www.frdr-dfdr.ca/repo/files/9/published/publication_961/submitted_data/01_Data/images/German_Bank_2010/Lp21/Lp21_259234323.JPG,[4],train,-65.53935754,43.30509986
German_Bank_2010,Lp21,Lp21_259234339,https://www.frdr-dfdr.ca/repo/files/9/published/publication_961/submitted_data/01_Data/images/German_Bank_2010/Lp21/Lp21_259234339.JPG,[4],train,-65.53952494,43.30504526
German_Bank_2010,Lp21,Lp21_259234355,https://www.frdr-dfdr.ca/repo/files/9/published/publication_961/submitted_data/01_Data/images/German_Bank_2010/Lp21/Lp21_259234355.JPG,[4],train,-65.53971636,43.3049864
German_Bank_2010,Lp21,Lp21_259234400,https://www.frdr-dfdr.ca/repo/files/9/published/publication_961/submitted_data/01_Data/images/German_Bank_2010/Lp21/Lp21_259234400.JPG,[2],train,-65.53978885,43.30496361
German_Bank_2010,Lp21,Lp21_259234411,https://www.frdr-dfdr.ca/repo/files/9/published/publication_961/submitted_data/01_Data/images/German_Bank_2010/Lp21/Lp21_259234411.JPG,[2],train,-65.53993943,43.30491459
German_Bank_2010,Lp21,Lp21_259234422,https://www.frdr-dfdr.ca/repo/files/9/published/publication_961/submitted_data/01_Data/images/German_Bank_2010/Lp21/Lp21_259234422.JPG,[2],train,-65.54004966,43.30487685
German_Bank_2010,Lp21,Lp21_259234427,https://www.frdr-dfdr.ca/repo/files/9/published/publication_961/submitted_data/01_Data/images/German_Bank_2010/Lp21/Lp21_259234427.JPG,[2],train,-65.54012041,43.30485238
German_Bank_2010,Lp21,Lp21_259234442,https://www.frdr-dfdr.ca/repo/files/9/published/publication_961/submitted_data/01_Data/images/German_Bank_2010/Lp21/Lp21_259234442.JPG,[2],train,-65.54029231,43.30479138
German_Bank_2010,Lp21,Lp21_259234447,https://www.frdr-dfdr.ca/repo/files/9/published/publication_961/submitted_data/01_Data/images/German_Bank_2010/Lp21/Lp21_259234447.JPG,[2],train,-65.54034841,43.30477168
German_Bank_2010,Lp21,Lp21_259234451,https://www.frdr-dfdr.ca/repo/files/9/published/publication_961/submitted_data/01_Data/images/German_Bank_2010/Lp21/Lp21_259234451.JPG,[2],train,-65.54040038,43.30475326
German_Bank_2010,Lp21,Lp21_259234458,https://www.frdr-dfdr.ca/repo/files/9/published/publication_961/submitted_data/01_Data/images/German_Bank_2010/Lp21/Lp21_259234458.JPG,[2],train,-65.54050049,43.30471795
German_Bank_2010,Lp21,Lp21_259234513,https://www.frdr-dfdr.ca/repo/files/9/published/publication_961/submitted_data/01_Data/images/German_Bank_2010/Lp21/Lp21_259234513.JPG,[2],train,-65.54064487,43.30466686
German_Bank_2010,Lp21,Lp21_259234523,https://www.frdr-dfdr.ca/repo/files/9/published/publication_961/submitted_data/01_Data/images/German_Bank_2010/Lp21/Lp21_259234523.JPG,[2],train,-65.54075142,43.30462876
German_Bank_2010,Lp21,Lp21_259234529,https://www.frdr-dfdr.ca/repo/files/9/published/publication_961/submitted_data/01_Data/images/German_Bank_2010/Lp21/Lp21_259234529.JPG,[2],train,-65.54082475,43.30460226
German_Bank_2010,Lp21,Lp21_259234533,https://www.frdr-dfdr.ca/repo/files/9/published/publication_961/submitted_data/01_Data/images/German_Bank_2010/Lp21/Lp21_259234533.JPG,[2],train,-65.54086828,43.30458657
German_Bank_2010,Lp21,Lp21_259234539,https://www.frdr-dfdr.ca/repo/files/9/published/publication_961/submitted_data/01_Data/images/German_Bank_2010/Lp21/Lp21_259234539.JPG,[2],train,-65.54094435,43.30455871
German_Bank_2010,Lp21,Lp21_259234544,https://www.frdr-dfdr.ca/repo/files/9/published/publication_961/submitted_data/01_Data/images/German_Bank_2010/Lp21/Lp21_259234544.JPG,[2],train,-65.54100751,43.30453554
German_Bank_2010,Lp21,Lp21_259234551,https://www.frdr-dfdr.ca/repo/files/9/published/publication_961/submitted_data/01_Data/images/German_Bank_2010/Lp21/Lp21_259234551.JPG,[2],train,-65.54107493,43.30451041
German_Bank_2010,Lp21,Lp21_259234556,https://www.frdr-dfdr.ca/repo/files/9/published/publication_961/submitted_data/01_Data/images/German_Bank_2010/Lp21/Lp21_259234556.JPG,[2],train,-65.54114454,43.30448413
German_Bank_2010,Lp22,Lp22_259215507,https://www.frdr-dfdr.ca/repo/files/9/published/publication_961/submitted_data/01_Data/images/German_Bank_2010/Lp22/Lp22_259215507.JPG,[2],train,-65.57104324,43.19401203
German_Bank_2010,Lp22,Lp22_259215524,https://www.frdr-dfdr.ca/repo/files/9/published/publication_961/submitted_data/01_Data/images/German_Bank_2010/Lp22/Lp22_259215524.JPG,[2],train,-65.57089855,43.19408986
German_Bank_2010,Lp22,Lp22_259215539,https://www.frdr-dfdr.ca/repo/files/9/published/publication_961/submitted_data/01_Data/images/German_Bank_2010/Lp22/Lp22_259215539.JPG,[2],train,-65.5707779,43.19415039
German_Bank_2010,Lp22,Lp22_259215555,https://www.frdr-dfdr.ca/repo/files/9/published/publication_961/submitted_data/01_Data/images/German_Bank_2010/Lp22/Lp22_259215555.JPG,[4],train,-65.57062827,43.1942244
German_Bank_2010,Lp22,Lp22_259215611,https://www.frdr-dfdr.ca/repo/files/9/published/publication_961/submitted_data/01_Data/images/German_Bank_2010/Lp22/Lp22_259215611.JPG,[4],train,-65.5704948,43.19429113
German_Bank_2010,Lp22,Lp22_259215627,https://www.frdr-dfdr.ca/repo/files/9/published/publication_961/submitted_data/01_Data/images/German_Bank_2010/Lp22/Lp22_259215627.JPG,[2],dropped,-65.57030173,43.19438861
German_Bank_2010,Lp22,Lp22_259215643,https://www.frdr-dfdr.ca/repo/files/9/published/publication_961/submitted_data/01_Data/images/German_Bank_2010/Lp22/Lp22_259215643.JPG,[2],dropped,-65.5700862,43.19449823
German_Bank_2010,Lp22,Lp22_259215659,https://www.frdr-dfdr.ca/repo/files/9/published/publication_961/submitted_data/01_Data/images/German_Bank_2010/Lp22/Lp22_259215659.JPG,[2],test,-65.56986091,43.19461219
German_Bank_2010,Lp22,Lp22_259215714,https://www.frdr-dfdr.ca/repo/files/9/published/publication_961/submitted_data/01_Data/images/German_Bank_2010/Lp22/Lp22_259215714.JPG,[2],test,-65.5696826,43.19470223
German_Bank_2010,Lp22,Lp22_259215731,https://www.frdr-dfdr.ca/repo/files/9/published/publication_961/submitted_data/01_Data/images/German_Bank_2010/Lp22/Lp22_259215731.JPG,[2],test,-65.56947342,43.1948069
German_Bank_2010,Lp22,Lp22_259215747,https://www.frdr-dfdr.ca/repo/files/9/published/publication_961/submitted_data/01_Data/images/German_Bank_2010/Lp22/Lp22_259215747.JPG,[2],test,-65.56925235,43.19491584
German_Bank_2010,Lp22,Lp22_259215752,https://www.frdr-dfdr.ca/repo/files/9/published/publication_961/submitted_data/01_Data/images/German_Bank_2010/Lp22/Lp22_259215752.JPG,[2],test,-65.56918821,43.19494718
German_Bank_2010,Lp22,Lp22_259215802,https://www.frdr-dfdr.ca/repo/files/9/published/publication_961/submitted_data/01_Data/images/German_Bank_2010/Lp22/Lp22_259215802.JPG,[2],test,-65.569057,43.19501209
German_Bank_2010,Lp22,Lp22_259215818,https://www.frdr-dfdr.ca/repo/files/9/published/publication_961/submitted_data/01_Data/images/German_Bank_2010/Lp22/Lp22_259215818.JPG,[2],test,-65.56885756,43.19511162
German_Bank_2010,Lp22,Lp22_259215833,https://www.frdr-dfdr.ca/repo/files/9/published/publication_961/submitted_data/01_Data/images/German_Bank_2010/Lp22/Lp22_259215833.JPG,[2],test,-65.56866483,43.19520958
German_Bank_2010,Lp22,Lp22_259215839,https://www.frdr-dfdr.ca/repo/files/9/published/publication_961/submitted_data/01_Data/images/German_Bank_2010/Lp22/Lp22_259215839.JPG,[2],test,-65.56858876,43.1952487
German_Bank_2010,Lp22,Lp22_259215849,https://www.frdr-dfdr.ca/repo/files/9/published/publication_961/submitted_data/01_Data/images/German_Bank_2010/Lp22/Lp22_259215849.JPG,[2],test,-65.56845199,43.19531942
German_Bank_2010,Lp22,Lp22_259215905,https://www.frdr-dfdr.ca/repo/files/9/published/publication_961/submitted_data/01_Data/images/German_Bank_2010/Lp22/Lp22_259215905.JPG,[2],test,-65.56823989,43.19542981
German_Bank_2010,Lp22,Lp22_259215921,https://www.frdr-dfdr.ca/repo/files/9/published/publication_961/submitted_data/01_Data/images/German_Bank_2010/Lp22/Lp22_259215921.JPG,[4],test,-65.5680406,43.19553228
German_Bank_2010,Lp22,Lp22_259215937,https://www.frdr-dfdr.ca/repo/files/9/published/publication_961/submitted_data/01_Data/images/German_Bank_2010/Lp22/Lp22_259215937.JPG,[4],test,-65.56784315,43.1956337
German_Bank_2010,Lp22,Lp22_259215946,https://www.frdr-dfdr.ca/repo/files/9/published/publication_961/submitted_data/01_Data/images/German_Bank_2010/Lp22/Lp22_259215946.JPG,[4],test,-65.56771481,43.19569783
German_Bank_2010,Lp22,Lp22_259215953,https://www.frdr-dfdr.ca/repo/files/9/published/publication_961/submitted_data/01_Data/images/German_Bank_2010/Lp22/Lp22_259215953.JPG,[2],test,-65.56762093,43.19574339
German_Bank_2010,Lp22,Lp22_259220009,https://www.frdr-dfdr.ca/repo/files/9/published/publication_961/submitted_data/01_Data/images/German_Bank_2010/Lp22/Lp22_259220009.JPG,[4],test,-65.56742604,43.19583201
German_Bank_2010,Lp22,Lp22_259220024,https://www.frdr-dfdr.ca/repo/files/9/published/publication_961/submitted_data/01_Data/images/German_Bank_2010/Lp22/Lp22_259220024.JPG,[2],dropped,-65.56722177,43.19591581
German_Bank_2010,Lp22,Lp22_259220040,https://www.frdr-dfdr.ca/repo/files/9/published/publication_961/submitted_data/01_Data/images/German_Bank_2010/Lp22/Lp22_259220040.JPG,[2],dropped,-65.56700611,43.19599749
German_Bank_2010,Lp22,Lp22_259220056,https://www.frdr-dfdr.ca/repo/files/9/published/publication_961/submitted_data/01_Data/images/German_Bank_2010/Lp22/Lp22_259220056.JPG,[4],train,-65.56677538,43.1960807
German_Bank_2010,Lp22,Lp22_259220112,https://www.frdr-dfdr.ca/repo/files/9/published/publication_961/submitted_data/01_Data/images/German_Bank_2010/Lp22/Lp22_259220112.JPG,[4],train,-65.56652428,43.19616812
German_Bank_2010,Lp22,Lp22_259220127,https://www.frdr-dfdr.ca/repo/files/9/published/publication_961/submitted_data/01_Data/images/German_Bank_2010/Lp22/Lp22_259220127.JPG,[4],train,-65.56630974,43.19623968
German_Bank_2010,Lp22,Lp22_259220143,https://www.frdr-dfdr.ca/repo/files/9/published/publication_961/submitted_data/01_Data/images/German_Bank_2010/Lp22/Lp22_259220143.JPG,[4],train,-65.56605537,43.1963211
German_Bank_2010,Lp22,Lp22_259220159,https://www.frdr-dfdr.ca/repo/files/9/published/publication_961/submitted_data/01_Data/images/German_Bank_2010/Lp22/Lp22_259220159.JPG,[4],train,-65.56582962,43.19639188
German_Bank_2010,Lp22,Lp22_259220215,https://www.frdr-dfdr.ca/repo/files/9/published/publication_961/submitted_data/01_Data/images/German_Bank_2010/Lp22/Lp22_259220215.JPG,[4],train,-65.56559939,43.19646419
German_Bank_2010,Lp22,Lp22_259220231,https://www.frdr-dfdr.ca/repo/files/9/published/publication_961/submitted_data/01_Data/images/German_Bank_2010/Lp22/Lp22_259220231.JPG,[4],train,-65.56536097,43.19653886
German_Bank_2010,Lp22,Lp22_259220247,https://www.frdr-dfdr.ca/repo/files/9/published/publication_961/submitted_data/01_Data/images/German_Bank_2010/Lp22/Lp22_259220247.JPG,[4],train,-65.56512079,43.19661298
German_Bank_2010,Lp22,Lp22_259220303,https://www.frdr-dfdr.ca/repo/files/9/published/publication_961/submitted_data/01_Data/images/German_Bank_2010/Lp22/Lp22_259220303.JPG,[4],train,-65.56488531,43.1966854
German_Bank_2010,Lp22,Lp22_259220319,https://www.frdr-dfdr.ca/repo/files/9/published/publication_961/submitted_data/01_Data/images/German_Bank_2010/Lp22/Lp22_259220319.JPG,[4],train,-65.56463874,43.19676095
German_Bank_2010,Lp22,Lp22_259220334,https://www.frdr-dfdr.ca/repo/files/9/published/publication_961/submitted_data/01_Data/images/German_Bank_2010/Lp22/Lp22_259220334.JPG,[4],train,-65.56441353,43.19682969
German_Bank_2010,Lp22,Lp22_259220350,https://www.frdr-dfdr.ca/repo/files/9/published/publication_961/submitted_data/01_Data/images/German_Bank_2010/Lp22/Lp22_259220350.JPG,[4],train,-65.56415551,43.19690869
German_Bank_2010,Lp22,Lp22_259220402,https://www.frdr-dfdr.ca/repo/files/9/published/publication_961/submitted_data/01_Data/images/German_Bank_2010/Lp22/Lp22_259220402.JPG,[4],train,-65.56398028,43.19696244
German_Bank_2010,Lp22,Lp22_259220407,https://www.frdr-dfdr.ca/repo/files/9/published/publication_961/submitted_data/01_Data/images/German_Bank_2010/Lp22/Lp22_259220407.JPG,[4],train,-65.56391227,43.19698336
German_Bank_2010,Lp22,Lp22_259220415,https://www.frdr-dfdr.ca/repo/files/9/published/publication_961/submitted_data/01_Data/images/German_Bank_2010/Lp22/Lp22_259220415.JPG,[4],train,-65.56379246,43.19701997
German_Bank_2010,Lp22,Lp22_259220421,https://www.frdr-dfdr.ca/repo/files/9/published/publication_961/submitted_data/01_Data/images/German_Bank_2010/Lp22/Lp22_259220421.JPG,[4],train,-65.56369199,43.1970504
German_Bank_2010,Lp22,Lp22_259220437,https://www.frdr-dfdr.ca/repo/files/9/published/publication_961/submitted_data/01_Data/images/German_Bank_2010/Lp22/Lp22_259220437.JPG,[4],train,-65.56345606,43.19712166
German_Bank_2010,Lp22,Lp22_259220453,https://www.frdr-dfdr.ca/repo/files/9/published/publication_961/submitted_data/01_Data/images/German_Bank_2010/Lp22/Lp22_259220453.JPG,[4],train,-65.56321761,43.19719399
German_Bank_2010,Lp22,Lp22_259220509,https://www.frdr-dfdr.ca/repo/files/9/published/publication_961/submitted_data/01_Data/images/German_Bank_2010/Lp22/Lp22_259220509.JPG,[4],train,-65.56297259,43.19726861
German_Bank_2010,Lp22,Lp22_259220524,https://www.frdr-dfdr.ca/repo/files/9/published/publication_961/submitted_data/01_Data/images/German_Bank_2010/Lp22/Lp22_259220524.JPG,[4],train,-65.56275245,43.19733645
German_Bank_2010,Lp22,Lp22_259220541,https://www.frdr-dfdr.ca/repo/files/9/published/publication_961/submitted_data/01_Data/images/German_Bank_2010/Lp22/Lp22_259220541.JPG,[4],train,-65.5624934,43.19741611
German_Bank_2010,Lp22,Lp22_259220557,https://www.frdr-dfdr.ca/repo/files/9/published/publication_961/submitted_data/01_Data/images/German_Bank_2010/Lp22/Lp22_259220557.JPG,[4],train,-65.56226371,43.19748684
German_Bank_2010,Lp22,Lp22_259220613,https://www.frdr-dfdr.ca/repo/files/9/published/publication_961/submitted_data/01_Data/images/German_Bank_2010/Lp22/Lp22_259220613.JPG,[4],train,-65.56202554,43.19755962
German_Bank_2010,Lp22,Lp22_259220628,https://www.frdr-dfdr.ca/repo/files/9/published/publication_961/submitted_data/01_Data/images/German_Bank_2010/Lp22/Lp22_259220628.JPG,[4],train,-65.56180915,43.19762527
German_Bank_2010,Lp22,Lp22_259220644,https://www.frdr-dfdr.ca/repo/files/9/published/publication_961/submitted_data/01_Data/images/German_Bank_2010/Lp22/Lp22_259220644.JPG,[4],train,-65.56156634,43.19770032
German_Bank_2010,Lp22,Lp22_259220700,https://www.frdr-dfdr.ca/repo/files/9/published/publication_961/submitted_data/01_Data/images/German_Bank_2010/Lp22/Lp22_259220700.JPG,[4],train,-65.56133185,43.19777403
German_Bank_2010,Lp22,Lp22_259220716,https://www.frdr-dfdr.ca/repo/files/9/published/publication_961/submitted_data/01_Data/images/German_Bank_2010/Lp22/Lp22_259220716.JPG,[4],train,-65.56109237,43.19784953
German_Bank_2010,Lp22,Lp22_259220732,https://www.frdr-dfdr.ca/repo/files/9/published/publication_961/submitted_data/01_Data/images/German_Bank_2010/Lp22/Lp22_259220732.JPG,[4],train,-65.56085111,43.19792586
German_Bank_2010,Lp22,Lp22_259220745,https://www.frdr-dfdr.ca/repo/files/9/published/publication_961/submitted_data/01_Data/images/German_Bank_2010/Lp22/Lp22_259220745.JPG,[4],train,-65.56065512,43.19798832
German_Bank_2010,Lp22,Lp22_259220802,https://www.frdr-dfdr.ca/repo/files/9/published/publication_961/submitted_data/01_Data/images/German_Bank_2010/Lp22/Lp22_259220802.JPG,[4],train,-65.5603919,43.19807137
German_Bank_2010,Lp22,Lp22_259220818,https://www.frdr-dfdr.ca/repo/files/9/published/publication_961/submitted_data/01_Data/images/German_Bank_2010/Lp22/Lp22_259220818.JPG,[4],train,-65.56015759,43.19814464
German_Bank_2010,Lp22,Lp22_259220834,https://www.frdr-dfdr.ca/repo/files/9/published/publication_961/submitted_data/01_Data/images/German_Bank_2010/Lp22/Lp22_259220834.JPG,[4],train,-65.55991228,43.19822168
German_Bank_2010,Lp22,Lp22_259220844,https://www.frdr-dfdr.ca/repo/files/9/published/publication_961/submitted_data/01_Data/images/German_Bank_2010/Lp22/Lp22_259220844.JPG,[4],train,-65.55976737,43.19826671
German_Bank_2010,Lp22,Lp22_259220850,https://www.frdr-dfdr.ca/repo/files/9/published/publication_961/submitted_data/01_Data/images/German_Bank_2010/Lp22/Lp22_259220850.JPG,[4],train,-65.55966107,43.19829941
German_Bank_2010,Lp22,Lp22_259220859,https://www.frdr-dfdr.ca/repo/files/9/published/publication_961/submitted_data/01_Data/images/German_Bank_2010/Lp22/Lp22_259220859.JPG,[4],train,-65.55953663,43.19833848
German_Bank_2010,Lp22,Lp22_259220904,https://www.frdr-dfdr.ca/repo/files/9/published/publication_961/submitted_data/01_Data/images/German_Bank_2010/Lp22/Lp22_259220904.JPG,[4],train,-65.55945474,43.19836403
German_Bank_2010,Lp22,Lp22_259220921,https://www.frdr-dfdr.ca/repo/files/9/published/publication_961/submitted_data/01_Data/images/German_Bank_2010/Lp22/Lp22_259220921.JPG,[4],dropped,-65.55919799,43.19844431
German_Bank_2010,Lp22,Lp22_259220936,https://www.frdr-dfdr.ca/repo/files/9/published/publication_961/submitted_data/01_Data/images/German_Bank_2010/Lp22/Lp22_259220936.JPG,[4],dropped,-65.55897235,43.19851362
German_Bank_2010,Lp22,Lp22_259220952,https://www.frdr-dfdr.ca/repo/files/9/published/publication_961/submitted_data/01_Data/images/German_Bank_2010/Lp22/Lp22_259220952.JPG,[4],test,-65.55874835,43.19857728
German_Bank_2010,Lp23,Lp23_261211654,https://www.frdr-dfdr.ca/repo/files/9/published/publication_961/submitted_data/01_Data/images/German_Bank_2010/Lp23/Lp23_261211654.JPG,[4],train,-65.8276673,43.23404538
German_Bank_2010,Lp23,Lp23_261211709,https://www.frdr-dfdr.ca/repo/files/9/published/publication_961/submitted_data/01_Data/images/German_Bank_2010/Lp23/Lp23_261211709.JPG,[4],train,-65.82744669,43.23400664
German_Bank_2010,Lp23,Lp23_261211725,https://www.frdr-dfdr.ca/repo/files/9/published/publication_961/submitted_data/01_Data/images/German_Bank_2010/Lp23/Lp23_261211725.JPG,[4],train,-65.82720358,43.23396134
German_Bank_2010,Lp23,Lp23_261211741,https://www.frdr-dfdr.ca/repo/files/9/published/publication_961/submitted_data/01_Data/images/German_Bank_2010/Lp23/Lp23_261211741.JPG,[4],train,-65.82695738,43.23391311
German_Bank_2010,Lp23,Lp23_261211757,https://www.frdr-dfdr.ca/repo/files/9/published/publication_961/submitted_data/01_Data/images/German_Bank_2010/Lp23/Lp23_261211757.JPG,[4],train,-65.82670817,43.23386532
German_Bank_2010,Lp23,Lp23_261211813,https://www.frdr-dfdr.ca/repo/files/9/published/publication_961/submitted_data/01_Data/images/German_Bank_2010/Lp23/Lp23_261211813.JPG,[4],train,-65.8264576,43.23381927
German_Bank_2010,Lp23,Lp23_261211829,https://www.frdr-dfdr.ca/repo/files/9/published/publication_961/submitted_data/01_Data/images/German_Bank_2010/Lp23/Lp23_261211829.JPG,[4],train,-65.82621901,43.23377667
German_Bank_2010,Lp23,Lp23_261211845,https://www.frdr-dfdr.ca/repo/files/9/published/publication_961/submitted_data/01_Data/images/German_Bank_2010/Lp23/Lp23_261211845.JPG,[4],train,-65.82596564,43.23373122
German_Bank_2010,Lp23,Lp23_261211900,https://www.frdr-dfdr.ca/repo/files/9/published/publication_961/submitted_data/01_Data/images/German_Bank_2010/Lp23/Lp23_261211900.JPG,[4],train,-65.82573598,43.23368798
German_Bank_2010,Lp23,Lp23_261211916,https://www.frdr-dfdr.ca/repo/files/9/published/publication_961/submitted_data/01_Data/images/German_Bank_2010/Lp23/Lp23_261211916.JPG,[4],dropped,-65.82548004,43.23363851
German_Bank_2010,Lp23,Lp23_261211932,https://www.frdr-dfdr.ca/repo/files/9/published/publication_961/submitted_data/01_Data/images/German_Bank_2010/Lp23/Lp23_261211932.JPG,[4],dropped,-65.825223,43.23359154
German_Bank_2010,Lp23,Lp23_261211948,https://www.frdr-dfdr.ca/repo/files/9/published/publication_961/submitted_data/01_Data/images/German_Bank_2010/Lp23/Lp23_261211948.JPG,[4],test,-65.82496707,43.23354359
German_Bank_2010,Lp23,Lp23_261212004,https://www.frdr-dfdr.ca/repo/files/9/published/publication_961/submitted_data/01_Data/images/German_Bank_2010/Lp23/Lp23_261212004.JPG,[4],test,-65.82471421,43.23349249
German_Bank_2010,Lp23,Lp23_261212020,https://www.frdr-dfdr.ca/repo/files/9/published/publication_961/submitted_data/01_Data/images/German_Bank_2010/Lp23/Lp23_261212020.JPG,[4],test,-65.82445101,43.2334368
German_Bank_2010,Lp23,Lp23_261212035,https://www.frdr-dfdr.ca/repo/files/9/published/publication_961/submitted_data/01_Data/images/German_Bank_2010/Lp23/Lp23_261212035.JPG,[4],test,-65.82421528,43.23338631
German_Bank_2010,Lp23,Lp23_261212051,https://www.frdr-dfdr.ca/repo/files/9/published/publication_961/submitted_data/01_Data/images/German_Bank_2010/Lp23/Lp23_261212051.JPG,[4],test,-65.82396019,43.23333314
German_Bank_2010,Lp23,Lp23_261212107,https://www.frdr-dfdr.ca/repo/files/9/published/publication_961/submitted_data/01_Data/images/German_Bank_2010/Lp23/Lp23_261212107.JPG,[4],test,-65.82370742,43.23327585
German_Bank_2010,Lp23,Lp23_261212123,https://www.frdr-dfdr.ca/repo/files/9/published/publication_961/submitted_data/01_Data/images/German_Bank_2010/Lp23/Lp23_261212123.JPG,[4],test,-65.82347201,43.2332125
German_Bank_2010,Lp23,Lp23_261212139,https://www.frdr-dfdr.ca/repo/files/9/published/publication_961/submitted_data/01_Data/images/German_Bank_2010/Lp23/Lp23_261212139.JPG,[4],test,-65.82321907,43.2331298
German_Bank_2010,Lp23,Lp23_261212155,https://www.frdr-dfdr.ca/repo/files/9/published/publication_961/submitted_data/01_Data/images/German_Bank_2010/Lp23/Lp23_261212155.JPG,[4],test,-65.82297106,43.23304087
German_Bank_2010,Lp23,Lp23_261212211,https://www.frdr-dfdr.ca/repo/files/9/published/publication_961/submitted_data/01_Data/images/German_Bank_2010/Lp23/Lp23_261212211.JPG,[4],test,-65.82271802,43.23294825
German_Bank_2010,Lp23,Lp23_261212227,https://www.frdr-dfdr.ca/repo/files/9/published/publication_961/submitted_data/01_Data/images/German_Bank_2010/Lp23/Lp23_261212227.JPG,[4],test,-65.82247607,43.23285902
German_Bank_2010,Lp23,Lp23_261212243,https://www.frdr-dfdr.ca/repo/files/9/published/publication_961/submitted_data/01_Data/images/German_Bank_2010/Lp23/Lp23_261212243.JPG,[4],test,-65.82223219,43.23276805
German_Bank_2010,Lp23,Lp23_261212259,https://www.frdr-dfdr.ca/repo/files/9/published/publication_961/submitted_data/01_Data/images/German_Bank_2010/Lp23/Lp23_261212259.JPG,[4],test,-65.82197805,43.23267262
German_Bank_2010,Lp23,Lp23_261212314,https://www.frdr-dfdr.ca/repo/files/9/published/publication_961/submitted_data/01_Data/images/German_Bank_2010/Lp23/Lp23_261212314.JPG,[4],test,-65.82174734,43.23258339
German_Bank_2010,Lp23,Lp23_261212330,https://www.frdr-dfdr.ca/repo/files/9/published/publication_961/submitted_data/01_Data/images/German_Bank_2010/Lp23/Lp23_261212330.JPG,[4],test,-65.82151017,43.23248767
German_Bank_2010,Lp23,Lp23_261212346,https://www.frdr-dfdr.ca/repo/files/9/published/publication_961/submitted_data/01_Data/images/German_Bank_2010/Lp23/Lp23_261212346.JPG,[4],test,-65.82128587,43.23239881
German_Bank_2010,Lp23,Lp23_261212402,https://www.frdr-dfdr.ca/repo/files/9/published/publication_961/submitted_data/01_Data/images/German_Bank_2010/Lp23/Lp23_261212402.JPG,[4],test,-65.82104743,43.23230048
German_Bank_2010,Lp23,Lp23_261212418,https://www.frdr-dfdr.ca/repo/files/9/published/publication_961/submitted_data/01_Data/images/German_Bank_2010/Lp23/Lp23_261212418.JPG,[4],test,-65.82083021,43.23220782
German_Bank_2010,Lp23,Lp23_261212433,https://www.frdr-dfdr.ca/repo/files/9/published/publication_961/submitted_data/01_Data/images/German_Bank_2010/Lp23/Lp23_261212433.JPG,[4],test,-65.82062419,43.23211902
German_Bank_2010,Lp23,Lp23_261212450,https://www.frdr-dfdr.ca/repo/files/9/published/publication_961/submitted_data/01_Data/images/German_Bank_2010/Lp23/Lp23_261212450.JPG,[4],test,-65.82038316,43.23201416
German_Bank_2010,Lp23,Lp23_261212506,https://www.frdr-dfdr.ca/repo/files/9/published/publication_961/submitted_data/01_Data/images/German_Bank_2010/Lp23/Lp23_261212506.JPG,[4],test,-65.82016354,43.23191671
German_Bank_2010,Lp23,Lp23_261212521,https://www.frdr-dfdr.ca/repo/files/9/published/publication_961/submitted_data/01_Data/images/German_Bank_2010/Lp23/Lp23_261212521.JPG,[4],dropped,-65.81994831,43.23182109
German_Bank_2010,Lp23,Lp23_261212537,https://www.frdr-dfdr.ca/repo/files/9/published/publication_961/submitted_data/01_Data/images/German_Bank_2010/Lp23/Lp23_261212537.JPG,[4],dropped,-65.81970472,43.23171402
German_Bank_2010,Lp23,Lp23_261212541,https://www.frdr-dfdr.ca/repo/files/9/published/publication_961/submitted_data/01_Data/images/German_Bank_2010/Lp23/Lp23_261212541.JPG,[4],dropped,-65.81964906,43.23168957
German_Bank_2010,Lp23,Lp23_261212553,https://www.frdr-dfdr.ca/repo/files/9/published/publication_961/submitted_data/01_Data/images/German_Bank_2010/Lp23/Lp23_261212553.JPG,[4],train,-65.81941435,43.23158616
German_Bank_2010,Lp23,Lp23_261212609,https://www.frdr-dfdr.ca/repo/files/9/published/publication_961/submitted_data/01_Data/images/German_Bank_2010/Lp23/Lp23_261212609.JPG,[4],train,-65.81923699,43.23150891
German_Bank_2010,Lp23,Lp23_261212625,https://www.frdr-dfdr.ca/repo/files/9/published/publication_961/submitted_data/01_Data/images/German_Bank_2010/Lp23/Lp23_261212625.JPG,[4],train,-65.81900358,43.2314097
German_Bank_2010,Lp23,Lp23_261212640,https://www.frdr-dfdr.ca/repo/files/9/published/publication_961/submitted_data/01_Data/images/German_Bank_2010/Lp23/Lp23_261212640.JPG,[4],train,-65.81878152,43.23131264
German_Bank_2010,Lp23,Lp23_261212656,https://www.frdr-dfdr.ca/repo/files/9/published/publication_961/submitted_data/01_Data/images/German_Bank_2010/Lp23/Lp23_261212656.JPG,[4],train,-65.81854192,43.23120546
German_Bank_2010,Lp23,Lp23_261212712,https://www.frdr-dfdr.ca/repo/files/9/published/publication_961/submitted_data/01_Data/images/German_Bank_2010/Lp23/Lp23_261212712.JPG,[4],train,-65.81830558,43.23110099
German_Bank_2010,Lp23,Lp23_261212728,https://www.frdr-dfdr.ca/repo/files/9/published/publication_961/submitted_data/01_Data/images/German_Bank_2010/Lp23/Lp23_261212728.JPG,[4],train,-65.81805959,43.23098957
German_Bank_2010,Lp23,Lp23_261212744,https://www.frdr-dfdr.ca/repo/files/9/published/publication_961/submitted_data/01_Data/images/German_Bank_2010/Lp23/Lp23_261212744.JPG,[4],train,-65.81783057,43.23088167
German_Bank_2010,Lp23,Lp23_261212800,https://www.frdr-dfdr.ca/repo/files/9/published/publication_961/submitted_data/01_Data/images/German_Bank_2010/Lp23/Lp23_261212800.JPG,[4],train,-65.81761975,43.23078135
German_Bank_2010,Lp23,Lp23_261212816,https://www.frdr-dfdr.ca/repo/files/9/published/publication_961/submitted_data/01_Data/images/German_Bank_2010/Lp23/Lp23_261212816.JPG,[4],train,-65.81739431,43.23067415
German_Bank_2010,Lp23,Lp23_261212832,https://www.frdr-dfdr.ca/repo/files/9/published/publication_961/submitted_data/01_Data/images/German_Bank_2010/Lp23/Lp23_261212832.JPG,[4],train,-65.81716885,43.2305653
German_Bank_2010,Lp23,Lp23_261212848,https://www.frdr-dfdr.ca/repo/files/9/published/publication_961/submitted_data/01_Data/images/German_Bank_2010/Lp23/Lp23_261212848.JPG,[4],train,-65.81694123,43.23045472
German_Bank_2010,Lp23,Lp23_261212904,https://www.frdr-dfdr.ca/repo/files/9/published/publication_961/submitted_data/01_Data/images/German_Bank_2010/Lp23/Lp23_261212904.JPG,[4],train,-65.81671703,43.23034768
German_Bank_2010,Lp23,Lp23_261212919,https://www.frdr-dfdr.ca/repo/files/9/published/publication_961/submitted_data/01_Data/images/German_Bank_2010/Lp23/Lp23_261212919.JPG,[4],train,-65.81649606,43.23024252
German_Bank_2010,Lp23,Lp23_261212935,https://www.frdr-dfdr.ca/repo/files/9/published/publication_961/submitted_data/01_Data/images/German_Bank_2010/Lp23/Lp23_261212935.JPG,[4],train,-65.81626235,43.23012826
German_Bank_2010,Lp23,Lp23_261212951,https://www.frdr-dfdr.ca/repo/files/9/published/publication_961/submitted_data/01_Data/images/German_Bank_2010/Lp23/Lp23_261212951.JPG,[4],train,-65.81602665,43.23001286
German_Bank_2010,Lp23,Lp23_261213007,https://www.frdr-dfdr.ca/repo/files/9/published/publication_961/submitted_data/01_Data/images/German_Bank_2010/Lp23/Lp23_261213007.JPG,[4],train,-65.81579138,43.22990236
German_Bank_2010,Lp23,Lp23_261213023,https://www.frdr-dfdr.ca/repo/files/9/published/publication_961/submitted_data/01_Data/images/German_Bank_2010/Lp23/Lp23_261213023.JPG,[4],train,-65.81554735,43.22979055
German_Bank_2010,Lp23,Lp23_261213039,https://www.frdr-dfdr.ca/repo/files/9/published/publication_961/submitted_data/01_Data/images/German_Bank_2010/Lp23/Lp23_261213039.JPG,[4],train,-65.81531849,43.22968674
German_Bank_2010,Lp23,Lp23_261213054,https://www.frdr-dfdr.ca/repo/files/9/published/publication_961/submitted_data/01_Data/images/German_Bank_2010/Lp23/Lp23_261213054.JPG,[4],train,-65.81510992,43.2295931
German_Bank_2010,Lp23,Lp23_261213110,https://www.frdr-dfdr.ca/repo/files/9/published/publication_961/submitted_data/01_Data/images/German_Bank_2010/Lp23/Lp23_261213110.JPG,[4],train,-65.8148933,43.2294989
German_Bank_2010,Lp23,Lp23_261213126,https://www.frdr-dfdr.ca/repo/files/9/published/publication_961/submitted_data/01_Data/images/German_Bank_2010/Lp23/Lp23_261213126.JPG,[4],train,-65.81467579,43.22940144
German_Bank_2010,Lp24,Lp24_261174446,https://www.frdr-dfdr.ca/repo/files/9/published/publication_961/submitted_data/01_Data/images/German_Bank_2010/Lp24/Lp24_261174446.JPG,[3],train,-66.07412696,43.2292859
German_Bank_2010,Lp24,Lp24_261174502,https://www.frdr-dfdr.ca/repo/files/9/published/publication_961/submitted_data/01_Data/images/German_Bank_2010/Lp24/Lp24_261174502.JPG,[3],train,-66.07429817,43.22911062
German_Bank_2010,Lp24,Lp24_261174518,https://www.frdr-dfdr.ca/repo/files/9/published/publication_961/submitted_data/01_Data/images/German_Bank_2010/Lp24/Lp24_261174518.JPG,[3],train,-66.07445049,43.22895709
German_Bank_2010,Lp24,Lp24_261174534,https://www.frdr-dfdr.ca/repo/files/9/published/publication_961/submitted_data/01_Data/images/German_Bank_2010/Lp24/Lp24_261174534.JPG,[3],train,-66.07460901,43.22879962
German_Bank_2010,Lp24,Lp24_261174550,https://www.frdr-dfdr.ca/repo/files/9/published/publication_961/submitted_data/01_Data/images/German_Bank_2010/Lp24/Lp24_261174550.JPG,[3],train,-66.07476701,43.22864429
German_Bank_2010,Lp24,Lp24_261174605,https://www.frdr-dfdr.ca/repo/files/9/published/publication_961/submitted_data/01_Data/images/German_Bank_2010/Lp24/Lp24_261174605.JPG,[2],train,-66.07490781,43.22851003
German_Bank_2010,Lp24,Lp24_261174615,https://www.frdr-dfdr.ca/repo/files/9/published/publication_961/submitted_data/01_Data/images/German_Bank_2010/Lp24/Lp24_261174615.JPG,[3],train,-66.07500681,43.22841624
German_Bank_2010,Lp24,Lp24_261174621,https://www.frdr-dfdr.ca/repo/files/9/published/publication_961/submitted_data/01_Data/images/German_Bank_2010/Lp24/Lp24_261174621.JPG,[3],train,-66.07506601,43.22836059
German_Bank_2010,Lp24,Lp24_261174628,https://www.frdr-dfdr.ca/repo/files/9/published/publication_961/submitted_data/01_Data/images/German_Bank_2010/Lp24/Lp24_261174628.JPG,[3],train,-66.07513092,43.22829979
German_Bank_2010,Lp24,Lp24_261174637,https://www.frdr-dfdr.ca/repo/files/9/published/publication_961/submitted_data/01_Data/images/German_Bank_2010/Lp24/Lp24_261174637.JPG,[3],train,-66.07522202,43.22821418
German_Bank_2010,Lp24,Lp24_261174645,https://www.frdr-dfdr.ca/repo/files/9/published/publication_961/submitted_data/01_Data/images/German_Bank_2010/Lp24/Lp24_261174645.JPG,[2],train,-66.07530804,43.22813296
German_Bank_2010,Lp24,Lp24_261174653,https://www.frdr-dfdr.ca/repo/files/9/published/publication_961/submitted_data/01_Data/images/German_Bank_2010/Lp24/Lp24_261174653.JPG,[2],train,-66.0753869,43.22805932
German_Bank_2010,Lp24,Lp24_261174709,https://www.frdr-dfdr.ca/repo/files/9/published/publication_961/submitted_data/01_Data/images/German_Bank_2010/Lp24/Lp24_261174709.JPG,[3],train,-66.07554243,43.22791282
German_Bank_2010,Lp24,Lp24_261174723,https://www.frdr-dfdr.ca/repo/files/9/published/publication_961/submitted_data/01_Data/images/German_Bank_2010/Lp24/Lp24_261174723.JPG,[2],train,-66.075684,43.22778385
German_Bank_2010,Lp24,Lp24_261174731,https://www.frdr-dfdr.ca/repo/files/9/published/publication_961/submitted_data/01_Data/images/German_Bank_2010/Lp24/Lp24_261174731.JPG,[2],train,-66.07576448,43.22771095
German_Bank_2010,Lp24,Lp24_261174737,https://www.frdr-dfdr.ca/repo/files/9/published/publication_961/submitted_data/01_Data/images/German_Bank_2010/Lp24/Lp24_261174737.JPG,[3],dropped,-66.07582846,43.22765313
German_Bank_2010,Lp24,Lp24_261174740,https://www.frdr-dfdr.ca/repo/files/9/published/publication_961/submitted_data/01_Data/images/German_Bank_2010/Lp24/Lp24_261174740.JPG,[3],dropped,-66.07585738,43.22762693
German_Bank_2010,Lp24,Lp24_261174751,https://www.frdr-dfdr.ca/repo/files/9/published/publication_961/submitted_data/01_Data/images/German_Bank_2010/Lp24/Lp24_261174751.JPG,[3],dropped,-66.0759669,43.22752715
German_Bank_2010,Lp24,Lp24_261174756,https://www.frdr-dfdr.ca/repo/files/9/published/publication_961/submitted_data/01_Data/images/German_Bank_2010/Lp24/Lp24_261174756.JPG,[3],dropped,-66.07602079,43.22747847
German_Bank_2010,Lp24,Lp24_261174810,https://www.frdr-dfdr.ca/repo/files/9/published/publication_961/submitted_data/01_Data/images/German_Bank_2010/Lp24/Lp24_261174810.JPG,[3],test,-66.07617635,43.22733647
German_Bank_2010,Lp24,Lp24_261174826,https://www.frdr-dfdr.ca/repo/files/9/published/publication_961/submitted_data/01_Data/images/German_Bank_2010/Lp24/Lp24_261174826.JPG,[3],test,-66.0763375,43.22718859
German_Bank_2010,Lp24,Lp24_261174842,https://www.frdr-dfdr.ca/repo/files/9/published/publication_961/submitted_data/01_Data/images/German_Bank_2010/Lp24/Lp24_261174842.JPG,[2],test,-66.07650282,43.22703794
German_Bank_2010,Lp24,Lp24_261174855,https://www.frdr-dfdr.ca/repo/files/9/published/publication_961/submitted_data/01_Data/images/German_Bank_2010/Lp24/Lp24_261174855.JPG,[2],test,-66.07664439,43.22691043
German_Bank_2010,Lp24,Lp24_261174858,https://www.frdr-dfdr.ca/repo/files/9/published/publication_961/submitted_data/01_Data/images/German_Bank_2010/Lp24/Lp24_261174858.JPG,[2],test,-66.07668057,43.22687815
German_Bank_2010,Lp24,Lp24_261174913,https://www.frdr-dfdr.ca/repo/files/9/published/publication_961/submitted_data/01_Data/images/German_Bank_2010/Lp24/Lp24_261174913.JPG,[2],test,-66.07683788,43.22673684
German_Bank_2010,Lp24,Lp24_261174929,https://www.frdr-dfdr.ca/repo/files/9/published/publication_961/submitted_data/01_Data/images/German_Bank_2010/Lp24/Lp24_261174929.JPG,[3],dropped,-66.07701615,43.22657412
German_Bank_2010,Lp24,Lp24_261174938,https://www.frdr-dfdr.ca/repo/files/9/published/publication_961/submitted_data/01_Data/images/German_Bank_2010/Lp24/Lp24_261174938.JPG,[3],dropped,-66.07709862,43.22649854
German_Bank_2010,Lp24,Lp24_261174945,https://www.frdr-dfdr.ca/repo/files/9/published/publication_961/submitted_data/01_Data/images/German_Bank_2010/Lp24/Lp24_261174945.JPG,[3],dropped,-66.07717231,43.22643077
German_Bank_2010,Lp24,Lp24_261175001,https://www.frdr-dfdr.ca/repo/files/9/published/publication_961/submitted_data/01_Data/images/German_Bank_2010/Lp24/Lp24_261175001.JPG,[3],train,-66.07734512,43.22627277
German_Bank_2010,Lp24,Lp24_261175006,https://www.frdr-dfdr.ca/repo/files/9/published/publication_961/submitted_data/01_Data/images/German_Bank_2010/Lp24/Lp24_261175006.JPG,[2],train,-66.07739122,43.22623104
German_Bank_2010,Lp24,Lp24_261175012,https://www.frdr-dfdr.ca/repo/files/9/published/publication_961/submitted_data/01_Data/images/German_Bank_2010/Lp24/Lp24_261175012.JPG,[2],train,-66.07746243,43.22616633
German_Bank_2010,Lp24,Lp24_261175017,https://www.frdr-dfdr.ca/repo/files/9/published/publication_961/submitted_data/01_Data/images/German_Bank_2010/Lp24/Lp24_261175017.JPG,[3],train,-66.07751737,43.22611706
German_Bank_2010,Lp24,Lp24_261175021,https://www.frdr-dfdr.ca/repo/files/9/published/publication_961/submitted_data/01_Data/images/German_Bank_2010/Lp24/Lp24_261175021.JPG,[2],train,-66.07756137,43.22607704
German_Bank_2010,Lp24,Lp24_261175029,https://www.frdr-dfdr.ca/repo/files/9/published/publication_961/submitted_data/01_Data/images/German_Bank_2010/Lp24/Lp24_261175029.JPG,[2],train,-66.07764781,43.22599864
German_Bank_2010,Lp24,Lp24_261175033,https://www.frdr-dfdr.ca/repo/files/9/published/publication_961/submitted_data/01_Data/images/German_Bank_2010/Lp24/Lp24_261175033.JPG,[2],train,-66.07769048,43.22595985
German_Bank_2010,Lp24,Lp24_261175048,https://www.frdr-dfdr.ca/repo/files/9/published/publication_961/submitted_data/01_Data/images/German_Bank_2010/Lp24/Lp24_261175048.JPG,[3],train,-66.07783557,43.22582709
German_Bank_2010,Lp24,Lp24_261175104,https://www.frdr-dfdr.ca/repo/files/9/published/publication_961/submitted_data/01_Data/images/German_Bank_2010/Lp24/Lp24_261175104.JPG,[3],train,-66.07800338,43.22567278
German_Bank_2010,Lp24,Lp24_261175119,https://www.frdr-dfdr.ca/repo/files/9/published/publication_961/submitted_data/01_Data/images/German_Bank_2010/Lp24/Lp24_261175119.JPG,[2],dropped,-66.07815529,43.22553313
German_Bank_2010,Lp24,Lp24_261175132,https://www.frdr-dfdr.ca/repo/files/9/published/publication_961/submitted_data/01_Data/images/German_Bank_2010/Lp24/Lp24_261175132.JPG,[2],dropped,-66.07829591,43.22540407
German_Bank_2010,Lp24,Lp24_261175135,https://www.frdr-dfdr.ca/repo/files/9/published/publication_961/submitted_data/01_Data/images/German_Bank_2010/Lp24/Lp24_261175135.JPG,[2],dropped,-66.07832441,43.2253782
German_Bank_2010,Lp24,Lp24_261175150,https://www.frdr-dfdr.ca/repo/files/9/published/publication_961/submitted_data/01_Data/images/German_Bank_2010/Lp24/Lp24_261175150.JPG,[3],test,-66.07847927,43.22523579
German_Bank_2010,Lp24,Lp24_261175156,https://www.frdr-dfdr.ca/repo/files/9/published/publication_961/submitted_data/01_Data/images/German_Bank_2010/Lp24/Lp24_261175156.JPG,[3],test,-66.07854042,43.22518016
German_Bank_2010,Lp24,Lp24_261175206,https://www.frdr-dfdr.ca/repo/files/9/published/publication_961/submitted_data/01_Data/images/German_Bank_2010/Lp24/Lp24_261175206.JPG,[3],test,-66.07865207,43.22507924
German_Bank_2010,Lp24,Lp24_261175210,https://www.frdr-dfdr.ca/repo/files/9/published/publication_961/submitted_data/01_Data/images/German_Bank_2010/Lp24/Lp24_261175210.JPG,[2],test,-66.07869091,43.22504362
German_Bank_2010,Lp24,Lp24_261175220,https://www.frdr-dfdr.ca/repo/files/9/published/publication_961/submitted_data/01_Data/images/German_Bank_2010/Lp24/Lp24_261175220.JPG,[2],test,-66.07880746,43.22493845
German_Bank_2010,Lp24,Lp24_261175225,https://www.frdr-dfdr.ca/repo/files/9/published/publication_961/submitted_data/01_Data/images/German_Bank_2010/Lp24/Lp24_261175225.JPG,[2],test,-66.07885412,43.22489601
German_Bank_2010,Lp24,Lp24_261175231,https://www.frdr-dfdr.ca/repo/files/9/published/publication_961/submitted_data/01_Data/images/German_Bank_2010/Lp24/Lp24_261175231.JPG,[2],test,-66.07891698,43.22483937
German_Bank_2010,Lp24,Lp24_261175237,https://www.frdr-dfdr.ca/repo/files/9/published/publication_961/submitted_data/01_Data/images/German_Bank_2010/Lp24/Lp24_261175237.JPG,[3],test,-66.07898652,43.22477616
German_Bank_2010,Lp24,Lp24_261175242,https://www.frdr-dfdr.ca/repo/files/9/published/publication_961/submitted_data/01_Data/images/German_Bank_2010/Lp24/Lp24_261175242.JPG,[2],test,-66.07902816,43.22473849
German_Bank_2010,Lp24,Lp24_261175249,https://www.frdr-dfdr.ca/repo/files/9/published/publication_961/submitted_data/01_Data/images/German_Bank_2010/Lp24/Lp24_261175249.JPG,[2],test,-66.07910624,43.22466719
German_Bank_2010,Lp24,Lp24_261175253,https://www.frdr-dfdr.ca/repo/files/9/published/publication_961/submitted_data/01_Data/images/German_Bank_2010/Lp24/Lp24_261175253.JPG,[3],test,-66.07914757,43.22463024
German_Bank_2010,Lp24,Lp24_261175300,https://www.frdr-dfdr.ca/repo/files/9/published/publication_961/submitted_data/01_Data/images/German_Bank_2010/Lp24/Lp24_261175300.JPG,[3],test,-66.07922791,43.2245571
German_Bank_2010,Lp24,Lp24_261175308,https://www.frdr-dfdr.ca/repo/files/9/published/publication_961/submitted_data/01_Data/images/German_Bank_2010/Lp24/Lp24_261175308.JPG,[3],test,-66.07931577,43.22447822
German_Bank_2010,Lp24,Lp24_261175314,https://www.frdr-dfdr.ca/repo/files/9/published/publication_961/submitted_data/01_Data/images/German_Bank_2010/Lp24/Lp24_261175314.JPG,[3],test,-66.07937532,43.22442564
German_Bank_2010,Lp24,Lp24_261175324,https://www.frdr-dfdr.ca/repo/files/9/published/publication_961/submitted_data/01_Data/images/German_Bank_2010/Lp24/Lp24_261175324.JPG,[3],test,-66.07948005,43.22433327
German_Bank_2010,Lp24,Lp24_261175329,https://www.frdr-dfdr.ca/repo/files/9/published/publication_961/submitted_data/01_Data/images/German_Bank_2010/Lp24/Lp24_261175329.JPG,[2],test,-66.07953014,43.22428828
German_Bank_2010,Lp24,Lp24_261175338,https://www.frdr-dfdr.ca/repo/files/9/published/publication_961/submitted_data/01_Data/images/German_Bank_2010/Lp24/Lp24_261175338.JPG,[2],test,-66.07962917,43.22419897
German_Bank_2010,Lp24,Lp24_261175354,https://www.frdr-dfdr.ca/repo/files/9/published/publication_961/submitted_data/01_Data/images/German_Bank_2010/Lp24/Lp24_261175354.JPG,[2],test,-66.07979988,43.22404509
German_Bank_2010,Lp24,Lp24_261175400,https://www.frdr-dfdr.ca/repo/files/9/published/publication_961/submitted_data/01_Data/images/German_Bank_2010/Lp24/Lp24_261175400.JPG,[2],test,-66.07986796,43.22398398
German_Bank_2010,Lp24,Lp24_261175411,https://www.frdr-dfdr.ca/repo/files/9/published/publication_961/submitted_data/01_Data/images/German_Bank_2010/Lp24/Lp24_261175411.JPG,[2],test,-66.0799824,43.22388238
German_Bank_2010,Lp24,Lp24_261175426,https://www.frdr-dfdr.ca/repo/files/9/published/publication_961/submitted_data/01_Data/images/German_Bank_2010/Lp24/Lp24_261175426.JPG,[2],dropped,-66.08014344,43.22373805
German_Bank_2010,Lp24,Lp24_261175442,https://www.frdr-dfdr.ca/repo/files/9/published/publication_961/submitted_data/01_Data/images/German_Bank_2010/Lp24/Lp24_261175442.JPG,[2],dropped,-66.08030741,43.2235901
German_Bank_2010,Lp24,Lp24_261175448,https://www.frdr-dfdr.ca/repo/files/9/published/publication_961/submitted_data/01_Data/images/German_Bank_2010/Lp24/Lp24_261175448.JPG,[2],train,-66.08037259,43.22353169
German_Bank_2010,Lp24,Lp24_261175458,https://www.frdr-dfdr.ca/repo/files/9/published/publication_961/submitted_data/01_Data/images/German_Bank_2010/Lp24/Lp24_261175458.JPG,[2],train,-66.08047624,43.22343848
German_Bank_2010,Lp24,Lp24_261175508,https://www.frdr-dfdr.ca/repo/files/9/published/publication_961/submitted_data/01_Data/images/German_Bank_2010/Lp24/Lp24_261175508.JPG,[2],train,-66.08058655,43.22333856
German_Bank_2010,Lp24,Lp24_261175514,https://www.frdr-dfdr.ca/repo/files/9/published/publication_961/submitted_data/01_Data/images/German_Bank_2010/Lp24/Lp24_261175514.JPG,[2],train,-66.08064367,43.22328727
German_Bank_2010,Lp24,Lp24_261175518,https://www.frdr-dfdr.ca/repo/files/9/published/publication_961/submitted_data/01_Data/images/German_Bank_2010/Lp24/Lp24_261175518.JPG,[2],train,-66.08068998,43.22324522
German_Bank_2010,Lp24,Lp24_261175529,https://www.frdr-dfdr.ca/repo/files/9/published/publication_961/submitted_data/01_Data/images/German_Bank_2010/Lp24/Lp24_261175529.JPG,[2],train,-66.08080731,43.22313999
German_Bank_2010,Lp24,Lp24_261175536,https://www.frdr-dfdr.ca/repo/files/9/published/publication_961/submitted_data/01_Data/images/German_Bank_2010/Lp24/Lp24_261175536.JPG,[2],train,-66.0808823,43.22307244
German_Bank_2010,Lp24,Lp24_261175545,https://www.frdr-dfdr.ca/repo/files/9/published/publication_961/submitted_data/01_Data/images/German_Bank_2010/Lp24/Lp24_261175545.JPG,[2],train,-66.08097655,43.22298853
German_Bank_2010,Lp24,Lp24_261175601,https://www.frdr-dfdr.ca/repo/files/9/published/publication_961/submitted_data/01_Data/images/German_Bank_2010/Lp24/Lp24_261175601.JPG,[2],train,-66.08114269,43.22283936
German_Bank_2010,Lp24,Lp24_261175604,https://www.frdr-dfdr.ca/repo/files/9/published/publication_961/submitted_data/01_Data/images/German_Bank_2010/Lp24/Lp24_261175604.JPG,[2],train,-66.08117369,43.22281192
German_Bank_2010,Lp24,Lp24_261175616,https://www.frdr-dfdr.ca/repo/files/9/published/publication_961/submitted_data/01_Data/images/German_Bank_2010/Lp24/Lp24_261175616.JPG,[2],train,-66.08130987,43.22268967
German_Bank_2010,Lp24,Lp24_261175622,https://www.frdr-dfdr.ca/repo/files/9/published/publication_961/submitted_data/01_Data/images/German_Bank_2010/Lp24/Lp24_261175622.JPG,[2],train,-66.08136836,43.22263725
German_Bank_2010,Lp24,Lp24_261175632,https://www.frdr-dfdr.ca/repo/files/9/published/publication_961/submitted_data/01_Data/images/German_Bank_2010/Lp24/Lp24_261175632.JPG,[2],train,-66.08148027,43.22253694
German_Bank_2010,Lp24,Lp24_261175648,https://www.frdr-dfdr.ca/repo/files/9/published/publication_961/submitted_data/01_Data/images/German_Bank_2010/Lp24/Lp24_261175648.JPG,[2],train,-66.08164171,43.22239152
German_Bank_2010,Lp24,Lp24_261175655,https://www.frdr-dfdr.ca/repo/files/9/published/publication_961/submitted_data/01_Data/images/German_Bank_2010/Lp24/Lp24_261175655.JPG,[2],train,-66.08172124,43.22231964
German_Bank_2010,Lp24,Lp24_261175704,https://www.frdr-dfdr.ca/repo/files/9/published/publication_961/submitted_data/01_Data/images/German_Bank_2010/Lp24/Lp24_261175704.JPG,[2],train,-66.08181882,43.22223249
German_Bank_2010,Lp24,Lp24_261175720,https://www.frdr-dfdr.ca/repo/files/9/published/publication_961/submitted_data/01_Data/images/German_Bank_2010/Lp24/Lp24_261175720.JPG,[2],train,-66.0819834,43.22208584
German_Bank_2010,Lp24,Lp24_261175736,https://www.frdr-dfdr.ca/repo/files/9/published/publication_961/submitted_data/01_Data/images/German_Bank_2010/Lp24/Lp24_261175736.JPG,[2],train,-66.08214782,43.22194103
German_Bank_2010,Lp24,Lp24_261175741,https://www.frdr-dfdr.ca/repo/files/9/published/publication_961/submitted_data/01_Data/images/German_Bank_2010/Lp24/Lp24_261175741.JPG,[2],train,-66.08220473,43.22189074
German_Bank_2010,Lp24,Lp24_261175746,https://www.frdr-dfdr.ca/repo/files/9/published/publication_961/submitted_data/01_Data/images/German_Bank_2010/Lp24/Lp24_261175746.JPG,[2],train,-66.08226212,43.22183983
German_Bank_2010,Lp24,Lp24_261175752,https://www.frdr-dfdr.ca/repo/files/9/published/publication_961/submitted_data/01_Data/images/German_Bank_2010/Lp24/Lp24_261175752.JPG,[2],train,-66.08232755,43.22178266
German_Bank_2010,Lp24,Lp24_261175759,https://www.frdr-dfdr.ca/repo/files/9/published/publication_961/submitted_data/01_Data/images/German_Bank_2010/Lp24/Lp24_261175759.JPG,[2],train,-66.08241006,43.22171008
German_Bank_2010,Lp24,Lp24_261175807,https://www.frdr-dfdr.ca/repo/files/9/published/publication_961/submitted_data/01_Data/images/German_Bank_2010/Lp24/Lp24_261175807.JPG,[2],train,-66.08249133,43.22163944
German_Bank_2010,Lp24,Lp24_261175823,https://www.frdr-dfdr.ca/repo/files/9/published/publication_961/submitted_data/01_Data/images/German_Bank_2010/Lp24/Lp24_261175823.JPG,[2],train,-66.08266185,43.2214917
German_Bank_2010,Lp24,Lp24_261175839,https://www.frdr-dfdr.ca/repo/files/9/published/publication_961/submitted_data/01_Data/images/German_Bank_2010/Lp24/Lp24_261175839.JPG,[3],train,-66.08284276,43.22133395
German_Bank_2010,Lp24,Lp24_261175848,https://www.frdr-dfdr.ca/repo/files/9/published/publication_961/submitted_data/01_Data/images/German_Bank_2010/Lp24/Lp24_261175848.JPG,[3],train,-66.0829329,43.22125502
German_Bank_2010,Lp24,Lp24_261175855,https://www.frdr-dfdr.ca/repo/files/9/published/publication_961/submitted_data/01_Data/images/German_Bank_2010/Lp24/Lp24_261175855.JPG,[3],train,-66.08300979,43.22118792
German_Bank_2010,Lp24,Lp24_261175910,https://www.frdr-dfdr.ca/repo/files/9/published/publication_961/submitted_data/01_Data/images/German_Bank_2010/Lp24/Lp24_261175910.JPG,[3],train,-66.08317019,43.22104941
German_Bank_2010,Lp25,Lp25_258222730,https://www.frdr-dfdr.ca/repo/files/9/published/publication_961/submitted_data/01_Data/images/German_Bank_2010/Lp25/Lp25_258222730.JPG,[4],train,-66.1339407,43.16581672
German_Bank_2010,Lp25,Lp25_258222746,https://www.frdr-dfdr.ca/repo/files/9/published/publication_961/submitted_data/01_Data/images/German_Bank_2010/Lp25/Lp25_258222746.JPG,[4],train,-66.13373581,43.16574923
German_Bank_2010,Lp25,Lp25_258222802,https://www.frdr-dfdr.ca/repo/files/9/published/publication_961/submitted_data/01_Data/images/German_Bank_2010/Lp25/Lp25_258222802.JPG,[4],train,-66.13351959,43.16567609
German_Bank_2010,Lp25,Lp25_258222850,https://www.frdr-dfdr.ca/repo/files/9/published/publication_961/submitted_data/01_Data/images/German_Bank_2010/Lp25/Lp25_258222850.JPG,[4],train,-66.13317942,43.16555522
German_Bank_2010,Lp25,Lp25_258222906,https://www.frdr-dfdr.ca/repo/files/9/published/publication_961/submitted_data/01_Data/images/German_Bank_2010/Lp25/Lp25_258222906.JPG,[4],train,-66.13295512,43.16547348
German_Bank_2010,Lp25,Lp25_258222921,https://www.frdr-dfdr.ca/repo/files/9/published/publication_961/submitted_data/01_Data/images/German_Bank_2010/Lp25/Lp25_258222921.JPG,[4],train,-66.1327381,43.16539656
German_Bank_2010,Lp25,Lp25_258222937,https://www.frdr-dfdr.ca/repo/files/9/published/publication_961/submitted_data/01_Data/images/German_Bank_2010/Lp25/Lp25_258222937.JPG,[4],train,-66.13249697,43.16531494
German_Bank_2010,Lp25,Lp25_258222953,https://www.frdr-dfdr.ca/repo/files/9/published/publication_961/submitted_data/01_Data/images/German_Bank_2010/Lp25/Lp25_258222953.JPG,[4],train,-66.13222571,43.16522771
German_Bank_2010,Lp25,Lp25_258223009,https://www.frdr-dfdr.ca/repo/files/9/published/publication_961/submitted_data/01_Data/images/German_Bank_2010/Lp25/Lp25_258223009.JPG,[4],train,-66.13193282,43.16513511
German_Bank_2010,Lp25,Lp25_258223041,https://www.frdr-dfdr.ca/repo/files/9/published/publication_961/submitted_data/01_Data/images/German_Bank_2010/Lp25/Lp25_258223041.JPG,[4],train,-66.13162437,43.16503899
German_Bank_2010,Lp25,Lp25_258223112,https://www.frdr-dfdr.ca/repo/files/9/published/publication_961/submitted_data/01_Data/images/German_Bank_2010/Lp25/Lp25_258223112.JPG,[4],train,-66.13103827,43.164861
German_Bank_2010,Lp25,Lp25_258223129,https://www.frdr-dfdr.ca/repo/files/9/published/publication_961/submitted_data/01_Data/images/German_Bank_2010/Lp25/Lp25_258223129.JPG,[4],train,-66.13079082,43.16478588
German_Bank_2010,Lp25,Lp25_258223144,https://www.frdr-dfdr.ca/repo/files/9/published/publication_961/submitted_data/01_Data/images/German_Bank_2010/Lp25/Lp25_258223144.JPG,[4],train,-66.13057847,43.16471986
German_Bank_2010,Lp25,Lp25_258223200,https://www.frdr-dfdr.ca/repo/files/9/published/publication_961/submitted_data/01_Data/images/German_Bank_2010/Lp25/Lp25_258223200.JPG,[4],train,-66.13037698,43.16465509
German_Bank_2010,Lp25,Lp25_258223216,https://www.frdr-dfdr.ca/repo/files/9/published/publication_961/submitted_data/01_Data/images/German_Bank_2010/Lp25/Lp25_258223216.JPG,[4],train,-66.13020506,43.16459697
German_Bank_2010,Lp25,Lp25_258223231,https://www.frdr-dfdr.ca/repo/files/9/published/publication_961/submitted_data/01_Data/images/German_Bank_2010/Lp25/Lp25_258223231.JPG,[4],train,-66.13003719,43.16453805
German_Bank_2010,Lp25,Lp25_258223247,https://www.frdr-dfdr.ca/repo/files/9/published/publication_961/submitted_data/01_Data/images/German_Bank_2010/Lp25/Lp25_258223247.JPG,[4],train,-66.12987183,43.16447782
German_Bank_2010,Lp25,Lp25_258223303,https://www.frdr-dfdr.ca/repo/files/9/published/publication_961/submitted_data/01_Data/images/German_Bank_2010/Lp25/Lp25_258223303.JPG,[4],train,-66.12967348,43.16440539
German_Bank_2010,Lp25,Lp25_258223319,https://www.frdr-dfdr.ca/repo/files/9/published/publication_961/submitted_data/01_Data/images/German_Bank_2010/Lp25/Lp25_258223319.JPG,[4],train,-66.1294767,43.16433734
German_Bank_2010,Lp25,Lp25_258223335,https://www.frdr-dfdr.ca/repo/files/9/published/publication_961/submitted_data/01_Data/images/German_Bank_2010/Lp25/Lp25_258223335.JPG,[4],train,-66.12895592,43.16418739
German_Bank_2010,Lp25,Lp25_258223351,https://www.frdr-dfdr.ca/repo/files/9/published/publication_961/submitted_data/01_Data/images/German_Bank_2010/Lp25/Lp25_258223351.JPG,[4],train,-66.12869989,43.16412497
German_Bank_2010,Lp25,Lp25_258223407,https://www.frdr-dfdr.ca/repo/files/9/published/publication_961/submitted_data/01_Data/images/German_Bank_2010/Lp25/Lp25_258223407.JPG,[4],train,-66.12840886,43.16405943
German_Bank_2010,Lp25,Lp25_258223423,https://www.frdr-dfdr.ca/repo/files/9/published/publication_961/submitted_data/01_Data/images/German_Bank_2010/Lp25/Lp25_258223423.JPG,[4],train,-66.1278175,43.16393832
German_Bank_2010,Lp25,Lp25_258223438,https://www.frdr-dfdr.ca/repo/files/9/published/publication_961/submitted_data/01_Data/images/German_Bank_2010/Lp25/Lp25_258223438.JPG,[4],train,-66.12753051,43.16388475
German_Bank_2010,Lp25,Lp25_258223454,https://www.frdr-dfdr.ca/repo/files/9/published/publication_961/submitted_data/01_Data/images/German_Bank_2010/Lp25/Lp25_258223454.JPG,[4],train,-66.12722,43.16383068
German_Bank_2010,Lp25,Lp25_258223510,https://www.frdr-dfdr.ca/repo/files/9/published/publication_961/submitted_data/01_Data/images/German_Bank_2010/Lp25/Lp25_258223510.JPG,[4],train,-66.12693876,43.16378424
German_Bank_2010,Lp25,Lp25_258223526,https://www.frdr-dfdr.ca/repo/files/9/published/publication_961/submitted_data/01_Data/images/German_Bank_2010/Lp25/Lp25_258223526.JPG,[4],train,-66.1266269,43.16373591
German_Bank_2010,Lp25,Lp25_258223542,https://www.frdr-dfdr.ca/repo/files/9/published/publication_961/submitted_data/01_Data/images/German_Bank_2010/Lp25/Lp25_258223542.JPG,[4],train,-66.12632888,43.16369331
German_Bank_2010,Lp25,Lp25_258223558,https://www.frdr-dfdr.ca/repo/files/9/published/publication_961/submitted_data/01_Data/images/German_Bank_2010/Lp25/Lp25_258223558.JPG,[4],train,-66.1260376,43.16365563
German_Bank_2010,Lp25,Lp25_258223614,https://www.frdr-dfdr.ca/repo/files/9/published/publication_961/submitted_data/01_Data/images/German_Bank_2010/Lp25/Lp25_258223614.JPG,[4],train,-66.12573288,43.16361932
German_Bank_2010,Lp25,Lp25_258223630,https://www.frdr-dfdr.ca/repo/files/9/published/publication_961/submitted_data/01_Data/images/German_Bank_2010/Lp25/Lp25_258223630.JPG,[4],train,-66.12543592,43.16358619
German_Bank_2010,Lp25,Lp25_258223645,https://www.frdr-dfdr.ca/repo/files/9/published/publication_961/submitted_data/01_Data/images/German_Bank_2010/Lp25/Lp25_258223645.JPG,[4],train,-66.12514723,43.16355592
German_Bank_2010,Lp25,Lp25_258223701,https://www.frdr-dfdr.ca/repo/files/9/published/publication_961/submitted_data/01_Data/images/German_Bank_2010/Lp25/Lp25_258223701.JPG,[4],train,-66.12484546,43.16352545
German_Bank_2010,Lp25,Lp25_258223717,https://www.frdr-dfdr.ca/repo/files/9/published/publication_961/submitted_data/01_Data/images/German_Bank_2010/Lp25/Lp25_258223717.JPG,[4],train,-66.12455319,43.16349664
German_Bank_2010,Lp25,Lp25_258223733,https://www.frdr-dfdr.ca/repo/files/9/published/publication_961/submitted_data/01_Data/images/German_Bank_2010/Lp25/Lp25_258223733.JPG,[4],train,-66.12422982,43.16346611
German_Bank_2010,Lp25,Lp25_258223749,https://www.frdr-dfdr.ca/repo/files/9/published/publication_961/submitted_data/01_Data/images/German_Bank_2010/Lp25/Lp25_258223749.JPG,[4],train,-66.12390757,43.16343662
German_Bank_2010,Lp25,Lp25_258223805,https://www.frdr-dfdr.ca/repo/files/9/published/publication_961/submitted_data/01_Data/images/German_Bank_2010/Lp25/Lp25_258223805.JPG,[4],train,-66.12362419,43.16341121
German_Bank_2010,Lp25,Lp25_258223821,https://www.frdr-dfdr.ca/repo/files/9/published/publication_961/submitted_data/01_Data/images/German_Bank_2010/Lp25/Lp25_258223821.JPG,[4],train,-66.12331887,43.16338452
German_Bank_2010,Lp25,Lp25_258223836,https://www.frdr-dfdr.ca/repo/files/9/published/publication_961/submitted_data/01_Data/images/German_Bank_2010/Lp25/Lp25_258223836.JPG,[2],train,-66.12303045,43.16336046
German_Bank_2010,Lp25,Lp25_258223852,https://www.frdr-dfdr.ca/repo/files/9/published/publication_961/submitted_data/01_Data/images/German_Bank_2010/Lp25/Lp25_258223852.JPG,[2],train,-66.12271548,43.16333377
German_Bank_2010,Lp25,Lp25_258223908,https://www.frdr-dfdr.ca/repo/files/9/published/publication_961/submitted_data/01_Data/images/German_Bank_2010/Lp25/Lp25_258223908.JPG,[4],train,-66.122428,43.16330897
German_Bank_2010,Lp25,Lp25_258223924,https://www.frdr-dfdr.ca/repo/files/9/published/publication_961/submitted_data/01_Data/images/German_Bank_2010/Lp25/Lp25_258223924.JPG,[4],train,-66.12212111,43.16328088
German_Bank_2010,Lp25,Lp25_258223940,https://www.frdr-dfdr.ca/repo/files/9/published/publication_961/submitted_data/01_Data/images/German_Bank_2010/Lp25/Lp25_258223940.JPG,[4],train,-66.12182324,43.16325139
German_Bank_2010,Lp25,Lp25_258223956,https://www.frdr-dfdr.ca/repo/files/9/published/publication_961/submitted_data/01_Data/images/German_Bank_2010/Lp25/Lp25_258223956.JPG,[4],train,-66.12152302,43.16321843
German_Bank_2010,Lp25,Lp25_258224012,https://www.frdr-dfdr.ca/repo/files/9/published/publication_961/submitted_data/01_Data/images/German_Bank_2010/Lp25/Lp25_258224012.JPG,[4],train,-66.12123871,43.16318334
German_Bank_2010,Lp25,Lp25_258224028,https://www.frdr-dfdr.ca/repo/files/9/published/publication_961/submitted_data/01_Data/images/German_Bank_2010/Lp25/Lp25_258224028.JPG,[4],train,-66.1209451,43.16314409
German_Bank_2010,Lp25,Lp25_258224043,https://www.frdr-dfdr.ca/repo/files/9/published/publication_961/submitted_data/01_Data/images/German_Bank_2010/Lp25/Lp25_258224043.JPG,[4],train,-66.12066266,43.16310471
German_Bank_2010,Lp25,Lp25_258224059,https://www.frdr-dfdr.ca/repo/files/9/published/publication_961/submitted_data/01_Data/images/German_Bank_2010/Lp25/Lp25_258224059.JPG,[4],train,-66.12034737,43.16305999
German_Bank_2010,Lp25,Lp25_258224115,https://www.frdr-dfdr.ca/repo/files/9/published/publication_961/submitted_data/01_Data/images/German_Bank_2010/Lp25/Lp25_258224115.JPG,[4],train,-66.12007327,43.16302057
German_Bank_2010,Lp25,Lp25_258224131,https://www.frdr-dfdr.ca/repo/files/9/published/publication_961/submitted_data/01_Data/images/German_Bank_2010/Lp25/Lp25_258224131.JPG,[4],train,-66.1197621,43.16297593
German_Bank_2010,Lp25,Lp25_258224147,https://www.frdr-dfdr.ca/repo/files/9/published/publication_961/submitted_data/01_Data/images/German_Bank_2010/Lp25/Lp25_258224147.JPG,[4],train,-66.11947551,43.16293565
German_Bank_2010,Lp26,Lp26_257103440,https://www.frdr-dfdr.ca/repo/files/9/published/publication_961/submitted_data/01_Data/images/German_Bank_2010/Lp26/Lp26_257103440.JPG,[2],test,-66.57351769,43.27250396
German_Bank_2010,Lp26,Lp26_257103456,https://www.frdr-dfdr.ca/repo/files/9/published/publication_961/submitted_data/01_Data/images/German_Bank_2010/Lp26/Lp26_257103456.JPG,[0],test,-66.57357974,43.2726487
German_Bank_2010,Lp26,Lp26_257103512,https://www.frdr-dfdr.ca/repo/files/9/published/publication_961/submitted_data/01_Data/images/German_Bank_2010/Lp26/Lp26_257103512.JPG,[0],test,-66.57363633,43.27278105
German_Bank_2010,Lp26,Lp26_257103528,https://www.frdr-dfdr.ca/repo/files/9/published/publication_961/submitted_data/01_Data/images/German_Bank_2010/Lp26/Lp26_257103528.JPG,[0],test,-66.57369444,43.27291471
German_Bank_2010,Lp26,Lp26_257103544,https://www.frdr-dfdr.ca/repo/files/9/published/publication_961/submitted_data/01_Data/images/German_Bank_2010/Lp26/Lp26_257103544.JPG,[0],test,-66.57374526,43.27303063
German_Bank_2010,Lp26,Lp26_257103600,https://www.frdr-dfdr.ca/repo/files/9/published/publication_961/submitted_data/01_Data/images/German_Bank_2010/Lp26/Lp26_257103600.JPG,[0],test,-66.57380036,43.27315697
German_Bank_2010,Lp26,Lp26_257103616,https://www.frdr-dfdr.ca/repo/files/9/published/publication_961/submitted_data/01_Data/images/German_Bank_2010/Lp26/Lp26_257103616.JPG,[0],test,-66.57385604,43.27328601
German_Bank_2010,Lp26,Lp26_257103632,https://www.frdr-dfdr.ca/repo/files/9/published/publication_961/submitted_data/01_Data/images/German_Bank_2010/Lp26/Lp26_257103632.JPG,[0],test,-66.57391383,43.27342241
German_Bank_2010,Lp26,Lp26_257103647,https://www.frdr-dfdr.ca/repo/files/9/published/publication_961/submitted_data/01_Data/images/German_Bank_2010/Lp26/Lp26_257103647.JPG,[0],test,-66.57396457,43.27354473
German_Bank_2010,Lp26,Lp26_257103703,https://www.frdr-dfdr.ca/repo/files/9/published/publication_961/submitted_data/01_Data/images/German_Bank_2010/Lp26/Lp26_257103703.JPG,[0],test,-66.57402021,43.27368389
German_Bank_2010,Lp26,Lp26_257103719,https://www.frdr-dfdr.ca/repo/files/9/published/publication_961/submitted_data/01_Data/images/German_Bank_2010/Lp26/Lp26_257103719.JPG,[0],test,-66.57407614,43.27382637
German_Bank_2010,Lp26,Lp26_257103735,https://www.frdr-dfdr.ca/repo/files/9/published/publication_961/submitted_data/01_Data/images/German_Bank_2010/Lp26/Lp26_257103735.JPG,[0],test,-66.57412816,43.27396079
German_Bank_2010,Lp26,Lp26_257103751,https://www.frdr-dfdr.ca/repo/files/9/published/publication_961/submitted_data/01_Data/images/German_Bank_2010/Lp26/Lp26_257103751.JPG,[0],test,-66.57417604,43.27408308
German_Bank_2010,Lp26,Lp26_257103807,https://www.frdr-dfdr.ca/repo/files/9/published/publication_961/submitted_data/01_Data/images/German_Bank_2010/Lp26/Lp26_257103807.JPG,[0],test,-66.57423313,43.2742283
German_Bank_2010,Lp26,Lp26_257103823,https://www.frdr-dfdr.ca/repo/files/9/published/publication_961/submitted_data/01_Data/images/German_Bank_2010/Lp26/Lp26_257103823.JPG,[0],test,-66.57428782,43.27436847
German_Bank_2010,Lp26,Lp26_257103839,https://www.frdr-dfdr.ca/repo/files/9/published/publication_961/submitted_data/01_Data/images/German_Bank_2010/Lp26/Lp26_257103839.JPG,[0],test,-66.57433996,43.27450346
German_Bank_2010,Lp26,Lp26_257103854,https://www.frdr-dfdr.ca/repo/files/9/published/publication_961/submitted_data/01_Data/images/German_Bank_2010/Lp26/Lp26_257103854.JPG,[0],test,-66.57439117,43.27463778
German_Bank_2010,Lp26,Lp26_257103910,https://www.frdr-dfdr.ca/repo/files/9/published/publication_961/submitted_data/01_Data/images/German_Bank_2010/Lp26/Lp26_257103910.JPG,[0],dropped,-66.5744451,43.27478481
German_Bank_2010,Lp26,Lp26_257103926,https://www.frdr-dfdr.ca/repo/files/9/published/publication_961/submitted_data/01_Data/images/German_Bank_2010/Lp26/Lp26_257103926.JPG,[0],dropped,-66.57449666,43.2749331
German_Bank_2010,Lp26,Lp26_257103942,https://www.frdr-dfdr.ca/repo/files/9/published/publication_961/submitted_data/01_Data/images/German_Bank_2010/Lp26/Lp26_257103942.JPG,[0],dropped,-66.57454315,43.27507174
German_Bank_2010,Lp26,Lp26_257103958,https://www.frdr-dfdr.ca/repo/files/9/published/publication_961/submitted_data/01_Data/images/German_Bank_2010/Lp26/Lp26_257103958.JPG,[0],train,-66.57459107,43.27521957
German_Bank_2010,Lp26,Lp26_257104014,https://www.frdr-dfdr.ca/repo/files/9/published/publication_961/submitted_data/01_Data/images/German_Bank_2010/Lp26/Lp26_257104014.JPG,[0],train,-66.57463348,43.27536207
German_Bank_2010,Lp26,Lp26_257104030,https://www.frdr-dfdr.ca/repo/files/9/published/publication_961/submitted_data/01_Data/images/German_Bank_2010/Lp26/Lp26_257104030.JPG,[0],train,-66.57467084,43.27550342
German_Bank_2010,Lp26,Lp26_257104045,https://www.frdr-dfdr.ca/repo/files/9/published/publication_961/submitted_data/01_Data/images/German_Bank_2010/Lp26/Lp26_257104045.JPG,[2],train,-66.57470163,43.27563305
German_Bank_2010,Lp26,Lp26_257104101,https://www.frdr-dfdr.ca/repo/files/9/published/publication_961/submitted_data/01_Data/images/German_Bank_2010/Lp26/Lp26_257104101.JPG,[0],train,-66.57473375,43.27577682
German_Bank_2010,Lp26,Lp26_257104117,https://www.frdr-dfdr.ca/repo/files/9/published/publication_961/submitted_data/01_Data/images/German_Bank_2010/Lp26/Lp26_257104117.JPG,[0],train,-66.57476188,43.27590158
German_Bank_2010,Lp26,Lp26_257104133,https://www.frdr-dfdr.ca/repo/files/9/published/publication_961/submitted_data/01_Data/images/German_Bank_2010/Lp26/Lp26_257104133.JPG,[0],train,-66.57479332,43.27604017
German_Bank_2010,Lp26,Lp26_257104149,https://www.frdr-dfdr.ca/repo/files/9/published/publication_961/submitted_data/01_Data/images/German_Bank_2010/Lp26/Lp26_257104149.JPG,[0],train,-66.5748267,43.27618912
German_Bank_2010,Lp26,Lp26_257104205,https://www.frdr-dfdr.ca/repo/files/9/published/publication_961/submitted_data/01_Data/images/German_Bank_2010/Lp26/Lp26_257104205.JPG,[0],train,-66.57485652,43.27632745
German_Bank_2010,Lp26,Lp26_257104221,https://www.frdr-dfdr.ca/repo/files/9/published/publication_961/submitted_data/01_Data/images/German_Bank_2010/Lp26/Lp26_257104221.JPG,[0],train,-66.57488647,43.27646442
German_Bank_2010,Lp26,Lp26_257104237,https://www.frdr-dfdr.ca/repo/files/9/published/publication_961/submitted_data/01_Data/images/German_Bank_2010/Lp26/Lp26_257104237.JPG,[0],train,-66.57491737,43.2766127
German_Bank_2010,Lp26,Lp26_257104252,https://www.frdr-dfdr.ca/repo/files/9/published/publication_961/submitted_data/01_Data/images/German_Bank_2010/Lp26/Lp26_257104252.JPG,[0],train,-66.57494339,43.27674549
German_Bank_2010,Lp26,Lp26_257104308,https://www.frdr-dfdr.ca/repo/files/9/published/publication_961/submitted_data/01_Data/images/German_Bank_2010/Lp26/Lp26_257104308.JPG,[0],train,-66.57496742,43.27689451
German_Bank_2010,Lp26,Lp26_257104324,https://www.frdr-dfdr.ca/repo/files/9/published/publication_961/submitted_data/01_Data/images/German_Bank_2010/Lp26/Lp26_257104324.JPG,[0],train,-66.57498415,43.27703682
German_Bank_2010,Lp26,Lp26_257104340,https://www.frdr-dfdr.ca/repo/files/9/published/publication_961/submitted_data/01_Data/images/German_Bank_2010/Lp26/Lp26_257104340.JPG,[0],train,-66.57499644,43.27718112
German_Bank_2010,Lp26,Lp26_257104356,https://www.frdr-dfdr.ca/repo/files/9/published/publication_961/submitted_data/01_Data/images/German_Bank_2010/Lp26/Lp26_257104356.JPG,[0],train,-66.57500349,43.27731903
German_Bank_2010,Lp26,Lp26_257104412,https://www.frdr-dfdr.ca/repo/files/9/published/publication_961/submitted_data/01_Data/images/German_Bank_2010/Lp26/Lp26_257104412.JPG,[0],train,-66.57500478,43.27747732
German_Bank_2010,Lp26,Lp26_257104428,https://www.frdr-dfdr.ca/repo/files/9/published/publication_961/submitted_data/01_Data/images/German_Bank_2010/Lp26/Lp26_257104428.JPG,[2],train,-66.57500077,43.27761678
German_Bank_2010,Lp26,Lp26_257104444,https://www.frdr-dfdr.ca/repo/files/9/published/publication_961/submitted_data/01_Data/images/German_Bank_2010/Lp26/Lp26_257104444.JPG,[0],train,-66.57499363,43.27774092
German_Bank_2010,Lp26,Lp26_257104459,https://www.frdr-dfdr.ca/repo/files/9/published/publication_961/submitted_data/01_Data/images/German_Bank_2010/Lp26/Lp26_257104459.JPG,[0],train,-66.57498368,43.27784738
German_Bank_2010,Lp26,Lp26_257104515,https://www.frdr-dfdr.ca/repo/files/9/published/publication_961/submitted_data/01_Data/images/German_Bank_2010/Lp26/Lp26_257104515.JPG,[0],train,-66.57496482,43.27797585
German_Bank_2010,Lp26,Lp26_257104531,https://www.frdr-dfdr.ca/repo/files/9/published/publication_961/submitted_data/01_Data/images/German_Bank_2010/Lp26/Lp26_257104531.JPG,[0],train,-66.57494581,43.27807453
German_Bank_2010,Lp26,Lp26_257104547,https://www.frdr-dfdr.ca/repo/files/9/published/publication_961/submitted_data/01_Data/images/German_Bank_2010/Lp26/Lp26_257104547.JPG,[0],train,-66.57493008,43.27814968
German_Bank_2010,Lp26,Lp26_257104603,https://www.frdr-dfdr.ca/repo/files/9/published/publication_961/submitted_data/01_Data/images/German_Bank_2010/Lp26/Lp26_257104603.JPG,[0],train,-66.57491638,43.27821527
German_Bank_2010,Lp26,Lp26_257104619,https://www.frdr-dfdr.ca/repo/files/9/published/publication_961/submitted_data/01_Data/images/German_Bank_2010/Lp26/Lp26_257104619.JPG,[0],train,-66.57489625,43.27830703
German_Bank_2010,Lp26,Lp26_257104635,https://www.frdr-dfdr.ca/repo/files/9/published/publication_961/submitted_data/01_Data/images/German_Bank_2010/Lp26/Lp26_257104635.JPG,[0],train,-66.57487973,43.27837881
German_Bank_2010,Lp26,Lp26_257104651,https://www.frdr-dfdr.ca/repo/files/9/published/publication_961/submitted_data/01_Data/images/German_Bank_2010/Lp26/Lp26_257104651.JPG,[0],train,-66.5748678,43.27842955
German_Bank_2010,Lp26,Lp26_257104706,https://www.frdr-dfdr.ca/repo/files/9/published/publication_961/submitted_data/01_Data/images/German_Bank_2010/Lp26/Lp26_257104706.JPG,[0],train,-66.57485395,43.27848924
German_Bank_2010,Lp26,Lp26_257104722,https://www.frdr-dfdr.ca/repo/files/9/published/publication_961/submitted_data/01_Data/images/German_Bank_2010/Lp26/Lp26_257104722.JPG,[0],train,-66.57483555,43.2785698
German_Bank_2010,Lp26,Lp26_257104738,https://www.frdr-dfdr.ca/repo/files/9/published/publication_961/submitted_data/01_Data/images/German_Bank_2010/Lp26/Lp26_257104738.JPG,[0],train,-66.57481529,43.278658
German_Bank_2010,Lp26,Lp26_257104754,https://www.frdr-dfdr.ca/repo/files/9/published/publication_961/submitted_data/01_Data/images/German_Bank_2010/Lp26/Lp26_257104754.JPG,[0],train,-66.57479573,43.27874239
German_Bank_2010,Lp26,Lp26_257104810,https://www.frdr-dfdr.ca/repo/files/9/published/publication_961/submitted_data/01_Data/images/German_Bank_2010/Lp26/Lp26_257104810.JPG,[0],train,-66.57477832,43.27881993
German_Bank_2010,Lp26,Lp26_257104826,https://www.frdr-dfdr.ca/repo/files/9/published/publication_961/submitted_data/01_Data/images/German_Bank_2010/Lp26/Lp26_257104826.JPG,[0],train,-66.57476537,43.27888359
German_Bank_2010,Lp26,Lp26_257104842,https://www.frdr-dfdr.ca/repo/files/9/published/publication_961/submitted_data/01_Data/images/German_Bank_2010/Lp26/Lp26_257104842.JPG,[0],train,-66.57475217,43.27895498
German_Bank_2010,Lp26,Lp26_257104857,https://www.frdr-dfdr.ca/repo/files/9/published/publication_961/submitted_data/01_Data/images/German_Bank_2010/Lp26/Lp26_257104857.JPG,[0],train,-66.5747393,43.27902924
German_Bank_2010,Lp27,Lp27_256165713,https://www.frdr-dfdr.ca/repo/files/9/published/publication_961/submitted_data/01_Data/images/German_Bank_2010/Lp27/Lp27_256165713.JPG,[0],test,-66.71011079,43.25011293
German_Bank_2010,Lp27,Lp27_256165728,https://www.frdr-dfdr.ca/repo/files/9/published/publication_961/submitted_data/01_Data/images/German_Bank_2010/Lp27/Lp27_256165728.JPG,[0],test,-66.7100395,43.24999167
German_Bank_2010,Lp27,Lp27_256165743,https://www.frdr-dfdr.ca/repo/files/9/published/publication_961/submitted_data/01_Data/images/German_Bank_2010/Lp27/Lp27_256165743.JPG,[0],dropped,-66.70996177,43.24986022
German_Bank_2010,Lp27,Lp27_256165759,https://www.frdr-dfdr.ca/repo/files/9/published/publication_961/submitted_data/01_Data/images/German_Bank_2010/Lp27/Lp27_256165759.JPG,[0],dropped,-66.7098782,43.24972093
German_Bank_2010,Lp27,Lp27_256165815,https://www.frdr-dfdr.ca/repo/files/9/published/publication_961/submitted_data/01_Data/images/German_Bank_2010/Lp27/Lp27_256165815.JPG,[0],train,-66.70978518,43.24956434
German_Bank_2010,Lp27,Lp27_256165831,https://www.frdr-dfdr.ca/repo/files/9/published/publication_961/submitted_data/01_Data/images/German_Bank_2010/Lp27/Lp27_256165831.JPG,[0],train,-66.70969634,43.24941617
German_Bank_2010,Lp27,Lp27_256165846,https://www.frdr-dfdr.ca/repo/files/9/published/publication_961/submitted_data/01_Data/images/German_Bank_2010/Lp27/Lp27_256165846.JPG,[0],train,-66.7096154,43.24928352
German_Bank_2010,Lp27,Lp27_256165902,https://www.frdr-dfdr.ca/repo/files/9/published/publication_961/submitted_data/01_Data/images/German_Bank_2010/Lp27/Lp27_256165902.JPG,[0],train,-66.70952158,43.2491335
German_Bank_2010,Lp27,Lp27_256165918,https://www.frdr-dfdr.ca/repo/files/9/published/publication_961/submitted_data/01_Data/images/German_Bank_2010/Lp27/Lp27_256165918.JPG,[0],train,-66.70943688,43.24899688
German_Bank_2010,Lp27,Lp27_256165934,https://www.frdr-dfdr.ca/repo/files/9/published/publication_961/submitted_data/01_Data/images/German_Bank_2010/Lp27/Lp27_256165934.JPG,[0],train,-66.70935249,43.24886048
German_Bank_2010,Lp27,Lp27_256165949,https://www.frdr-dfdr.ca/repo/files/9/published/publication_961/submitted_data/01_Data/images/German_Bank_2010/Lp27/Lp27_256165949.JPG,[0],train,-66.70927847,43.24873912
German_Bank_2010,Lp27,Lp27_256170005,https://www.frdr-dfdr.ca/repo/files/9/published/publication_961/submitted_data/01_Data/images/German_Bank_2010/Lp27/Lp27_256170005.JPG,[0],train,-66.7091975,43.24860598
German_Bank_2010,Lp27,Lp27_256170021,https://www.frdr-dfdr.ca/repo/files/9/published/publication_961/submitted_data/01_Data/images/German_Bank_2010/Lp27/Lp27_256170021.JPG,[0],train,-66.70912171,43.24848406
German_Bank_2010,Lp27,Lp27_256170037,https://www.frdr-dfdr.ca/repo/files/9/published/publication_961/submitted_data/01_Data/images/German_Bank_2010/Lp27/Lp27_256170037.JPG,[0],train,-66.70904486,43.24835989
German_Bank_2010,Lp27,Lp27_256170053,https://www.frdr-dfdr.ca/repo/files/9/published/publication_961/submitted_data/01_Data/images/German_Bank_2010/Lp27/Lp27_256170053.JPG,[0],train,-66.70896624,43.24823394
German_Bank_2010,Lp27,Lp27_256170109,https://www.frdr-dfdr.ca/repo/files/9/published/publication_961/submitted_data/01_Data/images/German_Bank_2010/Lp27/Lp27_256170109.JPG,[0],train,-66.70888551,43.24810689
German_Bank_2010,Lp27,Lp27_256170125,https://www.frdr-dfdr.ca/repo/files/9/published/publication_961/submitted_data/01_Data/images/German_Bank_2010/Lp27/Lp27_256170125.JPG,[0],train,-66.70880256,43.24797521
German_Bank_2010,Lp27,Lp27_256170140,https://www.frdr-dfdr.ca/repo/files/9/published/publication_961/submitted_data/01_Data/images/German_Bank_2010/Lp27/Lp27_256170140.JPG,[0],train,-66.70872564,43.24785245
German_Bank_2010,Lp27,Lp27_256170157,https://www.frdr-dfdr.ca/repo/files/9/published/publication_961/submitted_data/01_Data/images/German_Bank_2010/Lp27/Lp27_256170157.JPG,[0],train,-66.70864629,43.2477263
German_Bank_2010,Lp27,Lp27_256170212,https://www.frdr-dfdr.ca/repo/files/9/published/publication_961/submitted_data/01_Data/images/German_Bank_2010/Lp27/Lp27_256170212.JPG,[0],train,-66.70856937,43.2476026
German_Bank_2010,Lp27,Lp27_256170228,https://www.frdr-dfdr.ca/repo/files/9/published/publication_961/submitted_data/01_Data/images/German_Bank_2010/Lp27/Lp27_256170228.JPG,[0],train,-66.70849185,43.24747682
German_Bank_2010,Lp27,Lp27_256170244,https://www.frdr-dfdr.ca/repo/files/9/published/publication_961/submitted_data/01_Data/images/German_Bank_2010/Lp27/Lp27_256170244.JPG,[0],train,-66.70841229,43.24734784
German_Bank_2010,Lp27,Lp27_256170300,https://www.frdr-dfdr.ca/repo/files/9/published/publication_961/submitted_data/01_Data/images/German_Bank_2010/Lp27/Lp27_256170300.JPG,[0],train,-66.70833554,43.24722284
German_Bank_2010,Lp27,Lp27_256170316,https://www.frdr-dfdr.ca/repo/files/9/published/publication_961/submitted_data/01_Data/images/German_Bank_2010/Lp27/Lp27_256170316.JPG,[0],train,-66.70825828,43.24709595
German_Bank_2010,Lp27,Lp27_256170332,https://www.frdr-dfdr.ca/repo/files/9/published/publication_961/submitted_data/01_Data/images/German_Bank_2010/Lp27/Lp27_256170332.JPG,[0],train,-66.70817965,43.24696702
German_Bank_2010,Lp27,Lp27_256170348,https://www.frdr-dfdr.ca/repo/files/9/published/publication_961/submitted_data/01_Data/images/German_Bank_2010/Lp27/Lp27_256170348.JPG,[0],train,-66.70810479,43.24684134
German_Bank_2010,Lp27,Lp27_256170403,https://www.frdr-dfdr.ca/repo/files/9/published/publication_961/submitted_data/01_Data/images/German_Bank_2010/Lp27/Lp27_256170403.JPG,[0],train,-66.70803352,43.24672097
German_Bank_2010,Lp27,Lp27_256170420,https://www.frdr-dfdr.ca/repo/files/9/published/publication_961/submitted_data/01_Data/images/German_Bank_2010/Lp27/Lp27_256170420.JPG,[0],train,-66.70795228,43.2465821
German_Bank_2010,Lp27,Lp27_256170435,https://www.frdr-dfdr.ca/repo/files/9/published/publication_961/submitted_data/01_Data/images/German_Bank_2010/Lp27/Lp27_256170435.JPG,[0],train,-66.70787961,43.2464552
German_Bank_2010,Lp27,Lp27_256170451,https://www.frdr-dfdr.ca/repo/files/9/published/publication_961/submitted_data/01_Data/images/German_Bank_2010/Lp27/Lp27_256170451.JPG,[0],train,-66.70779833,43.24631339
German_Bank_2010,Lp27,Lp27_256170507,https://www.frdr-dfdr.ca/repo/files/9/published/publication_961/submitted_data/01_Data/images/German_Bank_2010/Lp27/Lp27_256170507.JPG,[0],train,-66.70771519,43.24616477
German_Bank_2010,Lp27,Lp27_256170523,https://www.frdr-dfdr.ca/repo/files/9/published/publication_961/submitted_data/01_Data/images/German_Bank_2010/Lp27/Lp27_256170523.JPG,[0],train,-66.70763,43.24601163
German_Bank_2010,Lp27,Lp27_256170539,https://www.frdr-dfdr.ca/repo/files/9/published/publication_961/submitted_data/01_Data/images/German_Bank_2010/Lp27/Lp27_256170539.JPG,[0],train,-66.70754655,43.24586052
German_Bank_2010,Lp27,Lp27_256170555,https://www.frdr-dfdr.ca/repo/files/9/published/publication_961/submitted_data/01_Data/images/German_Bank_2010/Lp27/Lp27_256170555.JPG,[0],train,-66.70746973,43.24571942
German_Bank_2010,Lp27,Lp27_256170610,https://www.frdr-dfdr.ca/repo/files/9/published/publication_961/submitted_data/01_Data/images/German_Bank_2010/Lp27/Lp27_256170610.JPG,[0],train,-66.70739901,43.24559047
German_Bank_2010,Lp27,Lp27_256170626,https://www.frdr-dfdr.ca/repo/files/9/published/publication_961/submitted_data/01_Data/images/German_Bank_2010/Lp27/Lp27_256170626.JPG,[0],train,-66.70731491,43.24543789
German_Bank_2010,Lp27,Lp27_256170642,https://www.frdr-dfdr.ca/repo/files/9/published/publication_961/submitted_data/01_Data/images/German_Bank_2010/Lp27/Lp27_256170642.JPG,[0],train,-66.70723674,43.24529494
German_Bank_2010,Lp27,Lp27_256170658,https://www.frdr-dfdr.ca/repo/files/9/published/publication_961/submitted_data/01_Data/images/German_Bank_2010/Lp27/Lp27_256170658.JPG,[0],train,-66.70716624,43.24516756
German_Bank_2010,Lp27,Lp27_256170715,https://www.frdr-dfdr.ca/repo/files/9/published/publication_961/submitted_data/01_Data/images/German_Bank_2010/Lp27/Lp27_256170715.JPG,[0],train,-66.70708813,43.24502892
German_Bank_2010,Lp27,Lp27_256170730,https://www.frdr-dfdr.ca/repo/files/9/published/publication_961/submitted_data/01_Data/images/German_Bank_2010/Lp27/Lp27_256170730.JPG,[0],train,-66.70701986,43.24490806
German_Bank_2010,Lp27,Lp27_256170746,https://www.frdr-dfdr.ca/repo/files/9/published/publication_961/submitted_data/01_Data/images/German_Bank_2010/Lp27/Lp27_256170746.JPG,[0],train,-66.70694666,43.24477784
German_Bank_2010,Lp27,Lp27_256170801,https://www.frdr-dfdr.ca/repo/files/9/published/publication_961/submitted_data/01_Data/images/German_Bank_2010/Lp27/Lp27_256170801.JPG,[0],train,-66.70688067,43.24465986
German_Bank_2010,Lp27,Lp27_256170817,https://www.frdr-dfdr.ca/repo/files/9/published/publication_961/submitted_data/01_Data/images/German_Bank_2010/Lp27/Lp27_256170817.JPG,[0],train,-66.70681317,43.24453946
German_Bank_2010,Lp27,Lp27_256170833,https://www.frdr-dfdr.ca/repo/files/9/published/publication_961/submitted_data/01_Data/images/German_Bank_2010/Lp27/Lp27_256170833.JPG,[0],train,-66.70673839,43.24440705
German_Bank_2010,Lp27,Lp27_256170849,https://www.frdr-dfdr.ca/repo/files/9/published/publication_961/submitted_data/01_Data/images/German_Bank_2010/Lp27/Lp27_256170849.JPG,[0],train,-66.70665788,43.24426367
German_Bank_2010,Lp27,Lp27_256170905,https://www.frdr-dfdr.ca/repo/files/9/published/publication_961/submitted_data/01_Data/images/German_Bank_2010/Lp27/Lp27_256170905.JPG,[0],train,-66.70657795,43.24412028
German_Bank_2010,Lp27,Lp27_256170921,https://www.frdr-dfdr.ca/repo/files/9/published/publication_961/submitted_data/01_Data/images/German_Bank_2010/Lp27/Lp27_256170921.JPG,[0],train,-66.70649707,43.24397746
German_Bank_2010,Lp27,Lp27_256170937,https://www.frdr-dfdr.ca/repo/files/9/published/publication_961/submitted_data/01_Data/images/German_Bank_2010/Lp27/Lp27_256170937.JPG,[0],train,-66.70641552,43.24383415
German_Bank_2010,Lp27,Lp27_256170953,https://www.frdr-dfdr.ca/repo/files/9/published/publication_961/submitted_data/01_Data/images/German_Bank_2010/Lp27/Lp27_256170953.JPG,[0],train,-66.70633539,43.24369111
German_Bank_2010,Lp27,Lp27_256171008,https://www.frdr-dfdr.ca/repo/files/9/published/publication_961/submitted_data/01_Data/images/German_Bank_2010/Lp27/Lp27_256171008.JPG,[0],train,-66.70625491,43.24354924
German_Bank_2010,Lp27,Lp27_256171025,https://www.frdr-dfdr.ca/repo/files/9/published/publication_961/submitted_data/01_Data/images/German_Bank_2010/Lp27/Lp27_256171025.JPG,[0],train,-66.70616588,43.24339491
German_Bank_2010,Lp27,Lp27_256171040,https://www.frdr-dfdr.ca/repo/files/9/published/publication_961/submitted_data/01_Data/images/German_Bank_2010/Lp27/Lp27_256171040.JPG,[0],train,-66.70608258,43.24325301
German_Bank_2010,Lp27,Lp27_256171056,https://www.frdr-dfdr.ca/repo/files/9/published/publication_961/submitted_data/01_Data/images/German_Bank_2010/Lp27/Lp27_256171056.JPG,[0],train,-66.70599136,43.24309995
German_Bank_2010,Lp28,Lp28_258193633,https://www.frdr-dfdr.ca/repo/files/9/published/publication_961/submitted_data/01_Data/images/German_Bank_2010/Lp28/Lp28_258193633.JPG,[0],test,-66.43789341,43.17171644
German_Bank_2010,Lp28,Lp28_258193649,https://www.frdr-dfdr.ca/repo/files/9/published/publication_961/submitted_data/01_Data/images/German_Bank_2010/Lp28/Lp28_258193649.JPG,[0],test,-66.43807533,43.17182642
German_Bank_2010,Lp28,Lp28_258193704,https://www.frdr-dfdr.ca/repo/files/9/published/publication_961/submitted_data/01_Data/images/German_Bank_2010/Lp28/Lp28_258193704.JPG,[0],test,-66.43822049,43.17191641
German_Bank_2010,Lp28,Lp28_258193720,https://www.frdr-dfdr.ca/repo/files/9/published/publication_961/submitted_data/01_Data/images/German_Bank_2010/Lp28/Lp28_258193720.JPG,[0],test,-66.43838111,43.1720188
German_Bank_2010,Lp28,Lp28_258193736,https://www.frdr-dfdr.ca/repo/files/9/published/publication_961/submitted_data/01_Data/images/German_Bank_2010/Lp28/Lp28_258193736.JPG,[0],test,-66.43853561,43.17212088
German_Bank_2010,Lp28,Lp28_258193751,https://www.frdr-dfdr.ca/repo/files/9/published/publication_961/submitted_data/01_Data/images/German_Bank_2010/Lp28/Lp28_258193751.JPG,[0],test,-66.43867535,43.17221666
German_Bank_2010,Lp28,Lp28_258193807,https://www.frdr-dfdr.ca/repo/files/9/published/publication_961/submitted_data/01_Data/images/German_Bank_2010/Lp28/Lp28_258193807.JPG,[0],test,-66.43882217,43.17232075
German_Bank_2010,Lp28,Lp28_258193823,https://www.frdr-dfdr.ca/repo/files/9/published/publication_961/submitted_data/01_Data/images/German_Bank_2010/Lp28/Lp28_258193823.JPG,[0],test,-66.4389764,43.17243326
German_Bank_2010,Lp28,Lp28_258193839,https://www.frdr-dfdr.ca/repo/files/9/published/publication_961/submitted_data/01_Data/images/German_Bank_2010/Lp28/Lp28_258193839.JPG,[0],test,-66.43914408,43.17255654
German_Bank_2010,Lp28,Lp28_258193855,https://www.frdr-dfdr.ca/repo/files/9/published/publication_961/submitted_data/01_Data/images/German_Bank_2010/Lp28/Lp28_258193855.JPG,[0],test,-66.43930142,43.17267123
German_Bank_2010,Lp28,Lp28_258193926,https://www.frdr-dfdr.ca/repo/files/9/published/publication_961/submitted_data/01_Data/images/German_Bank_2010/Lp28/Lp28_258193926.JPG,[0],test,-66.43961092,43.17289286
German_Bank_2010,Lp28,Lp28_258193942,https://www.frdr-dfdr.ca/repo/files/9/published/publication_961/submitted_data/01_Data/images/German_Bank_2010/Lp28/Lp28_258193942.JPG,[0],test,-66.4397783,43.17300958
German_Bank_2010,Lp28,Lp28_258193958,https://www.frdr-dfdr.ca/repo/files/9/published/publication_961/submitted_data/01_Data/images/German_Bank_2010/Lp28/Lp28_258193958.JPG,[0],test,-66.43993918,43.17312157
German_Bank_2010,Lp28,Lp28_258194014,https://www.frdr-dfdr.ca/repo/files/9/published/publication_961/submitted_data/01_Data/images/German_Bank_2010/Lp28/Lp28_258194014.JPG,[0],test,-66.44009086,43.17322723
German_Bank_2010,Lp28,Lp28_258194030,https://www.frdr-dfdr.ca/repo/files/9/published/publication_961/submitted_data/01_Data/images/German_Bank_2010/Lp28/Lp28_258194030.JPG,[0],test,-66.44025262,43.17333873
German_Bank_2010,Lp28,Lp28_258194046,https://www.frdr-dfdr.ca/repo/files/9/published/publication_961/submitted_data/01_Data/images/German_Bank_2010/Lp28/Lp28_258194046.JPG,[0],dropped,-66.44043296,43.17346191
German_Bank_2010,Lp28,Lp28_258194102,https://www.frdr-dfdr.ca/repo/files/9/published/publication_961/submitted_data/01_Data/images/German_Bank_2010/Lp28/Lp28_258194102.JPG,[0],dropped,-66.44060738,43.17358062
German_Bank_2010,Lp28,Lp28_258194118,https://www.frdr-dfdr.ca/repo/files/9/published/publication_961/submitted_data/01_Data/images/German_Bank_2010/Lp28/Lp28_258194118.JPG,[0],train,-66.44080193,43.17371203
German_Bank_2010,Lp28,Lp28_258194133,https://www.frdr-dfdr.ca/repo/files/9/published/publication_961/submitted_data/01_Data/images/German_Bank_2010/Lp28/Lp28_258194133.JPG,[0],train,-66.44095055,43.17381341
German_Bank_2010,Lp28,Lp28_258194150,https://www.frdr-dfdr.ca/repo/files/9/published/publication_961/submitted_data/01_Data/images/German_Bank_2010/Lp28/Lp28_258194150.JPG,[0],train,-66.44113375,43.1739419
German_Bank_2010,Lp28,Lp28_258194206,https://www.frdr-dfdr.ca/repo/files/9/published/publication_961/submitted_data/01_Data/images/German_Bank_2010/Lp28/Lp28_258194206.JPG,[0],train,-66.44128116,43.17405029
German_Bank_2010,Lp28,Lp28_258194221,https://www.frdr-dfdr.ca/repo/files/9/published/publication_961/submitted_data/01_Data/images/German_Bank_2010/Lp28/Lp28_258194221.JPG,[0],train,-66.44141159,43.17414968
German_Bank_2010,Lp28,Lp28_258194237,https://www.frdr-dfdr.ca/repo/files/9/published/publication_961/submitted_data/01_Data/images/German_Bank_2010/Lp28/Lp28_258194237.JPG,[0],train,-66.44155837,43.17426358
German_Bank_2010,Lp28,Lp28_258194253,https://www.frdr-dfdr.ca/repo/files/9/published/publication_961/submitted_data/01_Data/images/German_Bank_2010/Lp28/Lp28_258194253.JPG,[0],train,-66.44171964,43.17438756
German_Bank_2010,Lp28,Lp28_258194309,https://www.frdr-dfdr.ca/repo/files/9/published/publication_961/submitted_data/01_Data/images/German_Bank_2010/Lp28/Lp28_258194309.JPG,[0],train,-66.44186706,43.17449968
German_Bank_2010,Lp28,Lp28_258194325,https://www.frdr-dfdr.ca/repo/files/9/published/publication_961/submitted_data/01_Data/images/German_Bank_2010/Lp28/Lp28_258194325.JPG,[0],train,-66.44202031,43.17461341
German_Bank_2010,Lp28,Lp28_258194340,https://www.frdr-dfdr.ca/repo/files/9/published/publication_961/submitted_data/01_Data/images/German_Bank_2010/Lp28/Lp28_258194340.JPG,[0],train,-66.4421852,43.17473341
German_Bank_2010,Lp28,Lp28_258194357,https://www.frdr-dfdr.ca/repo/files/9/published/publication_961/submitted_data/01_Data/images/German_Bank_2010/Lp28/Lp28_258194357.JPG,[0],train,-66.4423801,43.17487295
German_Bank_2010,Lp28,Lp28_258194413,https://www.frdr-dfdr.ca/repo/files/9/published/publication_961/submitted_data/01_Data/images/German_Bank_2010/Lp28/Lp28_258194413.JPG,[0],train,-66.44256095,43.17499958
German_Bank_2010,Lp28,Lp28_258194428,https://www.frdr-dfdr.ca/repo/files/9/published/publication_961/submitted_data/01_Data/images/German_Bank_2010/Lp28/Lp28_258194428.JPG,[0],train,-66.44272741,43.17511333
German_Bank_2010,Lp28,Lp28_258194444,https://www.frdr-dfdr.ca/repo/files/9/published/publication_961/submitted_data/01_Data/images/German_Bank_2010/Lp28/Lp28_258194444.JPG,[0],train,-66.44289374,43.1752253
German_Bank_2010,Lp28,Lp28_258194500,https://www.frdr-dfdr.ca/repo/files/9/published/publication_961/submitted_data/01_Data/images/German_Bank_2010/Lp28/Lp28_258194500.JPG,[0],train,-66.44308559,43.17535234
German_Bank_2010,Lp28,Lp28_258194516,https://www.frdr-dfdr.ca/repo/files/9/published/publication_961/submitted_data/01_Data/images/German_Bank_2010/Lp28/Lp28_258194516.JPG,[0],train,-66.44327828,43.17548025
German_Bank_2010,Lp28,Lp28_258194532,https://www.frdr-dfdr.ca/repo/files/9/published/publication_961/submitted_data/01_Data/images/German_Bank_2010/Lp28/Lp28_258194532.JPG,[0],train,-66.44345181,43.17559758
German_Bank_2010,Lp28,Lp28_258194547,https://www.frdr-dfdr.ca/repo/files/9/published/publication_961/submitted_data/01_Data/images/German_Bank_2010/Lp28/Lp28_258194547.JPG,[0],train,-66.44359994,43.17569824
German_Bank_2010,Lp28,Lp28_258194603,https://www.frdr-dfdr.ca/repo/files/9/published/publication_961/submitted_data/01_Data/images/German_Bank_2010/Lp28/Lp28_258194603.JPG,[0],train,-66.44376024,43.17580619
German_Bank_2010,Lp28,Lp28_258194619,https://www.frdr-dfdr.ca/repo/files/9/published/publication_961/submitted_data/01_Data/images/German_Bank_2010/Lp28/Lp28_258194619.JPG,[0],train,-66.4439438,43.17592616
German_Bank_2010,Lp28,Lp28_258194635,https://www.frdr-dfdr.ca/repo/files/9/published/publication_961/submitted_data/01_Data/images/German_Bank_2010/Lp28/Lp28_258194635.JPG,[0],train,-66.44412046,43.17603829
German_Bank_2010,Lp28,Lp28_258194651,https://www.frdr-dfdr.ca/repo/files/9/published/publication_961/submitted_data/01_Data/images/German_Bank_2010/Lp28/Lp28_258194651.JPG,[0],train,-66.44430035,43.17615059
German_Bank_2010,Lp28,Lp28_258194707,https://www.frdr-dfdr.ca/repo/files/9/published/publication_961/submitted_data/01_Data/images/German_Bank_2010/Lp28/Lp28_258194707.JPG,[0],train,-66.44446718,43.17625523
German_Bank_2010,Lp28,Lp28_258194723,https://www.frdr-dfdr.ca/repo/files/9/published/publication_961/submitted_data/01_Data/images/German_Bank_2010/Lp28/Lp28_258194723.JPG,[0],train,-66.44464289,43.17636582
German_Bank_2010,Lp28,Lp28_258194739,https://www.frdr-dfdr.ca/repo/files/9/published/publication_961/submitted_data/01_Data/images/German_Bank_2010/Lp28/Lp28_258194739.JPG,[0],train,-66.44480714,43.17646923
German_Bank_2010,Lp28,Lp28_258194755,https://www.frdr-dfdr.ca/repo/files/9/published/publication_961/submitted_data/01_Data/images/German_Bank_2010/Lp28/Lp28_258194755.JPG,[0],train,-66.44496553,43.17656707
German_Bank_2010,Lp28,Lp28_258194811,https://www.frdr-dfdr.ca/repo/files/9/published/publication_961/submitted_data/01_Data/images/German_Bank_2010/Lp28/Lp28_258194811.JPG,[0],train,-66.44510815,43.17665357
German_Bank_2010,Lp28,Lp28_258194826,https://www.frdr-dfdr.ca/repo/files/9/published/publication_961/submitted_data/01_Data/images/German_Bank_2010/Lp28/Lp28_258194826.JPG,[0],train,-66.44526051,43.17674398
German_Bank_2010,Lp28,Lp28_258194842,https://www.frdr-dfdr.ca/repo/files/9/published/publication_961/submitted_data/01_Data/images/German_Bank_2010/Lp28/Lp28_258194842.JPG,[0],train,-66.44541733,43.17683504
German_Bank_2010,Lp28,Lp28_258194858,https://www.frdr-dfdr.ca/repo/files/9/published/publication_961/submitted_data/01_Data/images/German_Bank_2010/Lp28/Lp28_258194858.JPG,[0],train,-66.44559272,43.17693697
German_Bank_2010,Lp28,Lp28_258194914,https://www.frdr-dfdr.ca/repo/files/9/published/publication_961/submitted_data/01_Data/images/German_Bank_2010/Lp28/Lp28_258194914.JPG,[0],train,-66.4457796,43.17704569
German_Bank_2010,Lp28,Lp28_258194930,https://www.frdr-dfdr.ca/repo/files/9/published/publication_961/submitted_data/01_Data/images/German_Bank_2010/Lp28/Lp28_258194930.JPG,[0],train,-66.44598077,43.17716197
German_Bank_2010,Lp28,Lp28_258194946,https://www.frdr-dfdr.ca/repo/files/9/published/publication_961/submitted_data/01_Data/images/German_Bank_2010/Lp28/Lp28_258194946.JPG,[0],train,-66.44616877,43.17727047
German_Bank_2010,Lp28,Lp28_258195002,https://www.frdr-dfdr.ca/repo/files/9/published/publication_961/submitted_data/01_Data/images/German_Bank_2010/Lp28/Lp28_258195002.JPG,[0],train,-66.4463651,43.17738419
German_Bank_2010,Lp28,Lp28_258195018,https://www.frdr-dfdr.ca/repo/files/9/published/publication_961/submitted_data/01_Data/images/German_Bank_2010/Lp28/Lp28_258195018.JPG,[0],train,-66.44656456,43.17749892
German_Bank_2010,Lp28,Lp28_258195033,https://www.frdr-dfdr.ca/repo/files/9/published/publication_961/submitted_data/01_Data/images/German_Bank_2010/Lp28/Lp28_258195033.JPG,[0],train,-66.44671317,43.17758414
German_Bank_2010,Lp28,Lp28_258195049,https://www.frdr-dfdr.ca/repo/files/9/published/publication_961/submitted_data/01_Data/images/German_Bank_2010/Lp28/Lp28_258195049.JPG,[0],train,-66.44687943,43.17767993
German_Bank_2010,Lp28,Lp28_258195105,https://www.frdr-dfdr.ca/repo/files/9/published/publication_961/submitted_data/01_Data/images/German_Bank_2010/Lp28/Lp28_258195105.JPG,[0],train,-66.44705654,43.1777827
